age,workclass,fnlwgt,education,education-num,marital-status,occupation,relationship,race,sex,capital-gain,capital-loss,hours-per-week,native-country,income
74,Federal-gov,86860.81995889536,HS-grad,9,Never-married,Adm-clerical,Unmarried,Black,Female,43202.10399806861,255.95073351985008,7.355943740160827,United-States,<=50K
1,Private,519835.3347657171,HS-grad,13,Never-married,Other-service,Not-in-family,White,Female,32548.15267089231,1050.3207566749834,28.56908254566378,United-States,<=50K
12,State-gov,415554.99327493587,HS-grad,10,Married-civ-spouse,Adm-clerical,Husband,White,Male,34357.676630653616,283.8562152126639,26.465584209040195,United-States,>50K
10,Private,735583.7272439817,Assoc-acdm,10,Divorced,Prof-specialty,Not-in-family,White,Female,8132.744259168545,1314.3677894962195,31.961022767344968,United-States,<=50K
33,Private,278356.132738601,Some-college,8,Never-married,Exec-managerial,Own-child,White,Male,3685.4326233739284,1802.342433904216,25.13271823220728,United-States,<=50K
75,Private,307499.81174315326,HS-grad,16,Married-civ-spouse,Craft-repair,Husband,White,Male,42287.701319986,1953.5983793019238,9.815454351153372,United-States,>50K
40,Private,153656.89196209784,Some-college,15,Never-married,Exec-managerial,Own-child,White,Female,14745.28320149995,1687.6677814416755,30.860882128800153,United-States,<=50K
4,Private,103701.33319886627,Masters,15,Never-married,Sales,Not-in-family,White,Male,15935.686039378897,1414.0267190620307,35.72076630766626,United-States,>50K
19,Private,639725.5001537591,Assoc-acdm,13,Married-civ-spouse,Craft-repair,Husband,White,Male,47582.630740640314,1137.012332202865,48.983625318737445,United-States,>50K
1,State-gov,349279.85969037266,Prof-school,11,Divorced,Prof-specialty,Unmarried,White,Female,3709.9829881320825,806.6820866418431,1.077464944065729,United-States,<=50K
10,Private,502916.2256968199,HS-grad,12,Married-civ-spouse,Craft-repair,Husband,Black,Male,8505.17510495796,94.60858110685666,2.175353078390624,United-States,<=50K
23,Private,487361.2306462385,HS-grad,16,Married-civ-spouse,Machine-op-inspct,Husband,White,Male,18772.706475057777,1153.9403782506788,31.647576377093007,United-States,>50K
1,Private,454456.82239104615,9th,8,Never-married,Transport-moving,Unmarried,White,Male,36598.88827102321,499.8210663935713,6.778360472142322,United-States,<=50K
9,Private,29263.49787989184,Bachelors,13,Never-married,Tech-support,Own-child,White,Male,27352.039407482265,1747.4098269050185,42.555419639939146,United-States,<=50K
29,Private,594503.6124995735,Some-college,14,Never-married,Protective-serv,Own-child,White,Male,44905.75959391212,1719.652064458779,40.1786532115198,Honduras,<=50K
70,Private,193356.4263863619,Assoc-voc,11,Married-civ-spouse,Prof-specialty,Husband,White,Male,4655.18771669164,830.333088721542,49.95036335525641,United-States,>50K
10,Local-gov,106480.9968012655,Masters,11,Married-civ-spouse,Prof-specialty,Husband,White,Male,29701.23018733272,1282.9467316155478,70.28801583669423,United-States,<=50K
72,Private,430406.86462113913,9th,2,Married-civ-spouse,Tech-support,Wife,White,Female,30681.9294665818,1614.7562240907298,17.355820589757354,United-States,<=50K
36,State-gov,64157.44179375691,Assoc-acdm,11,Married-civ-spouse,Tech-support,Husband,White,Male,24136.597956030666,1658.6324365094374,28.4603597409735,United-States,>50K
45,Private,578525.5248544287,Assoc-voc,14,Divorced,Exec-managerial,Not-in-family,White,Male,1549.644706006723,1517.4291596769624,32.23767363581477,United-States,>50K
36,Self-emp-inc,166468.18876197134,Bachelors,12,Married-civ-spouse,Exec-managerial,Husband,White,Male,47121.64168396914,212.8274263792925,50.55356613092346,United-States,>50K
76,Private,172962.13962975304,Some-college,15,Married-civ-spouse,Craft-repair,Husband,White,Male,8249.777239498324,291.5974040503818,10.85816980757442,United-States,>50K
15,Private,655722.0666796773,HS-grad,10,Divorced,Priv-house-serv,Unmarried,White,Female,44487.21864356698,1039.213614195888,14.799708459276392,United-States,<=50K
7,Private,256118.11647024428,HS-grad,14,Never-married,Other-service,Own-child,White,Female,7855.110314650538,506.41307577614407,39.71957963946437,Japan,<=50K
43,Self-emp-inc,122453.97439447888,HS-grad,14,Married-civ-spouse,Craft-repair,Husband,Asian-Pac-Islander,Male,5062.839919761295,1871.017972622474,16.080854912950954,United-States,>50K
15,State-gov,678492.7453864143,Prof-school,15,Married-civ-spouse,Prof-specialty,Wife,White,Female,10277.421060658498,616.9548029235058,74.82779172770445,United-States,>50K
49,Private,15585.924332623996,Bachelors,12,Married-civ-spouse,Sales,Husband,White,Male,9499.117887290478,1909.597030134843,65.87226812977043,United-States,>50K
4,Local-gov,647385.4376499468,Some-college,16,Married-civ-spouse,Protective-serv,Husband,White,Male,34859.48659201595,890.0325228087547,50.30043185932935,United-States,>50K
38,Self-emp-not-inc,120337.41781960042,HS-grad,12,Married-civ-spouse,Exec-managerial,Husband,White,Male,36101.544209731495,411.68776787752245,34.605953643700936,United-States,<=50K
27,Private,109485.20943293168,HS-grad,9,Married-civ-spouse,Adm-clerical,Wife,White,Female,36498.33529651166,1544.526167434903,17.726717676270134,Canada,<=50K
36,Private,198588.59419066994,1st-4th,3,Married-civ-spouse,Handlers-cleaners,Husband,White,Male,13263.105835114153,1719.362166460562,36.49543549773958,Mexico,<=50K
33,Local-gov,142350.0969181176,HS-grad,10,Married-civ-spouse,Exec-managerial,Husband,White,Male,14076.012910726542,1258.8560035533717,80.18367380682773,United-States,>50K
24,Private,501652.660406559,HS-grad,13,Never-married,Tech-support,Not-in-family,White,Female,11877.29547321981,256.6306994709469,2.42675170876157,United-States,<=50K
44,Local-gov,32529.454730217323,Some-college,15,Divorced,Transport-moving,Not-in-family,White,Male,2481.747334203974,15.668646237366437,9.605825323661888,United-States,<=50K
17,Self-emp-inc,24465.66808482587,Prof-school,15,Married-civ-spouse,Prof-specialty,Wife,White,Female,28588.204507983148,1425.601451109364,66.19522677255749,United-States,>50K
25,Private,596859.3352428109,Some-college,9,Never-married,Sales,Own-child,White,Female,41992.30531503013,1497.9559527019965,17.558905908403606,United-States,<=50K
37,State-gov,189193.5462439268,Assoc-acdm,14,Married-civ-spouse,Tech-support,Husband,White,Male,7679.4199308694515,688.0339344625514,33.95117491093505,United-States,>50K
28,Private,991036.3311717033,HS-grad,10,Never-married,Other-service,Not-in-family,White,Female,18041.26564690304,789.0236021290588,45.89198960550518,United-States,<=50K
39,Private,142164.80441319715,7th-8th,3,Never-married,Other-service,Other-relative,White,Male,21380.08406930695,337.10774846363,40.06546480761732,Guatemala,<=50K
71,Private,52186.26433565724,7th-8th,6,Divorced,Handlers-cleaners,Other-relative,Black,Male,14727.325173586258,1419.1323859463353,32.63695881256417,United-States,<=50K
32,Private,561216.6660300195,Bachelors,13,Married-civ-spouse,Prof-specialty,Wife,White,Female,33100.68029038038,552.4120777332611,24.593280632897674,United-States,<=50K
2,Private,401981.96145830135,Some-college,15,Divorced,Adm-clerical,Unmarried,White,Female,30010.47629292443,1862.1397454115483,31.732823897676756,United-States,<=50K
10,Private,564131.5050099542,HS-grad,10,Widowed,Other-service,Not-in-family,White,Male,9983.640200646936,922.517050309865,44.71085801270599,United-States,<=50K
13,Private,365177.7381506608,Bachelors,14,Married-civ-spouse,Sales,Husband,White,Male,1286.7717687379213,796.3728376826355,27.31140970364586,United-States,<=50K
4,Private,588021.7947497303,HS-grad,14,Never-married,Other-service,Unmarried,Asian-Pac-Islander,Female,8541.524168515309,600.1708623926155,17.420373072184873,United-States,<=50K
10,Private,392494.62274833804,12th,12,Never-married,Adm-clerical,Not-in-family,White,Female,14590.427396572353,1482.3592256281906,39.415462627218396,United-States,<=50K
5,Private,94023.36990337973,Some-college,12,Married-civ-spouse,Exec-managerial,Own-child,White,Female,4096.7637676022605,1644.3287995282171,70.2837002013751,England,<=50K
58,Private,385553.6958270989,7th-8th,7,Widowed,Other-service,Not-in-family,Other,Female,42188.031832809655,900.0109287685494,37.38664766211131,United-States,<=50K
29,Local-gov,711637.9632138469,Masters,11,Never-married,Prof-specialty,Own-child,White,Male,15417.51582918641,1707.0911721465848,41.920181062315315,United-States,<=50K
16,Private,45515.08495834094,HS-grad,16,Never-married,Craft-repair,Own-child,Black,Male,19873.16869173189,1050.814774760986,15.667843585328674,United-States,<=50K
17,Private,591869.1080896952,Bachelors,8,Never-married,Adm-clerical,Not-in-family,White,Male,24454.5960576268,806.3238462187821,36.52324356311324,United-States,<=50K
54,Private,653717.5192588837,Bachelors,15,Divorced,Exec-managerial,Not-in-family,White,Male,33051.67221727287,1208.5969340177596,16.45963923039796,United-States,<=50K
12,Private,398559.7353097358,HS-grad,16,Married-civ-spouse,Sales,Husband,Amer-Indian-Eskimo,Male,4556.798309095186,552.7277117741926,76.25838831005396,United-States,<=50K
42,Private,351735.3326131217,Some-college,9,Married-civ-spouse,Transport-moving,Husband,Black,Male,27206.029397969407,667.8904227772667,11.204861039612322,United-States,<=50K
29,Private,725380.9910311946,10th,8,Married-civ-spouse,Machine-op-inspct,Husband,White,Male,9243.968586492092,750.0080305799512,34.58917171697501,United-States,<=50K
27,Private,58408.76546594781,HS-grad,12,Married-civ-spouse,Sales,Husband,White,Male,44274.19189113057,1536.5672561610236,89.17723134080421,United-States,>50K
8,Private,367198.1081043854,Some-college,10,Married-civ-spouse,Prof-specialty,Husband,White,Male,18469.898545764787,1602.5341338568421,44.51344400639353,United-States,>50K
33,Private,310067.8680638183,Bachelors,13,Married-civ-spouse,Exec-managerial,Husband,White,Male,22288.540652087508,1862.187653909794,18.326181480619596,United-States,>50K
7,Private,520143.44035714,HS-grad,10,Married-civ-spouse,Transport-moving,Husband,White,Male,13164.66668616087,1435.9180453968702,48.51105132934406,United-States,<=50K
17,Private,375532.99641821976,Bachelors,15,Never-married,Adm-clerical,Not-in-family,White,Male,23252.665278754448,1628.7393168839953,14.742541404040294,United-States,<=50K
45,Private,685264.2160634575,Bachelors,12,Never-married,Machine-op-inspct,Not-in-family,Asian-Pac-Islander,Male,11312.000892993205,972.6836430103476,2.5274850697701283,China,<=50K
29,Federal-gov,67761.51302059845,Doctorate,14,Married-civ-spouse,Prof-specialty,Husband,White,Male,13427.965382650844,1523.1003213186264,49.19731967439352,United-States,>50K
25,Federal-gov,73152.05120590894,Masters,11,Never-married,Prof-specialty,Not-in-family,White,Female,3081.9376633201355,352.38976636832075,31.699031533147284,United-States,<=50K
76,Private,462691.6656718083,Bachelors,12,Married-civ-spouse,Transport-moving,Husband,White,Male,37611.3809881933,467.08983226993837,42.277882971856776,United-States,>50K
83,Local-gov,61995.3079241714,Prof-school,11,Married-civ-spouse,Prof-specialty,Husband,White,Male,33373.08922249886,872.4216541952244,28.978100416651106,United-States,>50K
35,Private,216578.66493756877,Some-college,10,Divorced,Sales,Unmarried,White,Female,4285.322738339934,737.1176292617577,20.08874742076968,United-States,<=50K
10,Private,480990.03936698206,11th,5,Married-civ-spouse,Sales,Husband,White,Male,17189.39743160906,1199.1549953918698,79.16440148446998,United-States,>50K
1,Private,418428.002148748,Some-college,12,Never-married,Other-service,Own-child,White,Female,27072.1795757981,1518.1910362018746,43.36509083460906,United-States,<=50K
14,State-gov,253626.49136044362,Assoc-acdm,9,Married-civ-spouse,Tech-support,Husband,White,Male,48534.7915059102,1539.3884752345905,37.825470224811056,United-States,>50K
12,Local-gov,747978.8448265224,Masters,16,Married-civ-spouse,Exec-managerial,Wife,Amer-Indian-Eskimo,Female,29486.02725195902,350.0873838921471,84.55804301823045,United-States,>50K
54,Private,405283.81882851134,Some-college,12,Married-civ-spouse,Sales,Husband,White,Male,27679.818506942363,2100.834007493699,16.41047052131713,United-States,<=50K
42,Self-emp-inc,348539.96497027733,Bachelors,15,Married-civ-spouse,Sales,Husband,White,Male,42039.43792292931,11.522999703261751,2.5497825764370954,United-States,<=50K
84,Federal-gov,460571.83591641794,HS-grad,15,Married-civ-spouse,Tech-support,Husband,Asian-Pac-Islander,Male,40919.85154066124,198.39093647189736,21.279608825244686,United-States,<=50K
14,Private,86730.73174073527,Some-college,11,Never-married,Other-service,Not-in-family,White,Female,20931.39443068506,316.5253332502716,25.35566728543779,United-States,<=50K
29,Private,531723.8187430168,Bachelors,11,Never-married,Machine-op-inspct,Not-in-family,Asian-Pac-Islander,Male,26775.452841740494,2016.5269738237153,12.644470067378839,China,<=50K
18,Private,643240.2080268665,HS-grad,13,Never-married,Adm-clerical,Other-relative,White,Female,43344.26723827126,948.25205245592,23.14341015103024,United-States,<=50K
86,Private,494164.0148482595,Bachelors,10,Married-civ-spouse,Prof-specialty,Husband,Black,Male,23740.981993901936,139.56723397235845,47.585610738611265,United-States,<=50K
21,Private,581335.6038967646,Some-college,9,Married-civ-spouse,Transport-moving,Husband,White,Male,44082.252643946435,483.01559278129713,11.590854083969594,United-States,>50K
12,Private,545799.1198154708,Some-college,10,Never-married,Handlers-cleaners,Own-child,Black,Male,23812.87592293289,174.3265465234582,15.813596632895054,United-States,<=50K
11,Private,172276.6434218054,12th,15,Never-married,Farming-fishing,Own-child,White,Male,3947.713011179272,82.23112678490192,55.499332341079175,United-States,<=50K
25,Private,346944.533914226,Assoc-voc,13,Married-civ-spouse,Adm-clerical,Wife,White,Female,45138.40867835703,837.0620507078759,39.46225517863301,United-States,<=50K
57,Self-emp-not-inc,182223.99396382482,Some-college,11,Divorced,Exec-managerial,Unmarried,Black,Female,35714.92780366843,2144.127963174913,39.111729181578916,United-States,<=50K
71,Private,263777.40965531045,HS-grad,9,Married-civ-spouse,Craft-repair,Husband,White,Male,25104.822465045083,1337.2170565810027,45.75433846218587,United-States,<=50K
40,Private,348380.0788476161,HS-grad,11,Never-married,Sales,Not-in-family,White,Female,45022.30284604886,1134.7500731343773,22.74493055636987,United-States,<=50K
18,Private,320681.2211942022,Assoc-voc,11,Married-civ-spouse,Handlers-cleaners,Husband,Black,Male,40022.11661086592,1549.877501462161,2.2218039568680386,United-States,>50K
10,Private,83708.51835644672,HS-grad,15,Married-civ-spouse,Handlers-cleaners,Husband,White,Male,33876.405511358724,1301.2952439871017,24.65049636619414,United-States,<=50K
45,Local-gov,328637.5874794295,Masters,12,Married-civ-spouse,Prof-specialty,Wife,White,Female,31013.345580907975,2059.7691383877336,25.50266111306705,United-States,>50K
23,Private,504643.56190833735,Some-college,13,Never-married,Sales,Own-child,Black,Female,6014.033596834286,1786.458183584664,10.320372251165498,United-States,<=50K
4,Local-gov,289896.0879600659,Masters,13,Married-civ-spouse,Prof-specialty,Husband,White,Male,37859.05918758185,1394.5544830466383,95.25820162661466,United-States,>50K
2,Self-emp-not-inc,126208.82455116314,HS-grad,10,Never-married,Sales,Own-child,White,Male,8643.862200838319,956.0811217228116,36.88961227104124,United-States,<=50K
50,Private,695073.9915781991,Bachelors,15,Married-civ-spouse,Transport-moving,Husband,White,Male,49217.90732846152,439.3183748314998,75.65777011370344,United-States,>50K
28,Local-gov,63066.85992674008,HS-grad,16,Never-married,Adm-clerical,Unmarried,White,Female,48607.757834448676,1430.6938370555038,39.00112725078731,United-States,<=50K
81,Private,627717.2781318102,HS-grad,13,Married-civ-spouse,Machine-op-inspct,Wife,White,Female,40422.63183560749,1750.9157820533055,8.021457349543185,United-States,<=50K
64,Private,82338.1415234874,Some-college,12,Never-married,Other-service,Not-in-family,White,Female,6309.236838927668,622.9221825015386,43.718150286483215,United-States,<=50K
3,Private,84800.39148593466,11th,2,Never-married,Other-service,Own-child,White,Male,21168.533278330317,73.20116734105085,41.28478738018423,United-States,<=50K
17,Federal-gov,559058.8602679861,HS-grad,14,Divorced,Craft-repair,Not-in-family,Black,Male,49413.502676877615,1305.743480279842,46.963168489122275,United-States,<=50K
45,Private,612946.2757902315,HS-grad,9,Never-married,Machine-op-inspct,Not-in-family,White,Male,21769.444580002597,1123.44208952206,34.15914714815688,United-States,<=50K
24,Self-emp-not-inc,424346.19519809773,HS-grad,14,Married-civ-spouse,Craft-repair,Husband,White,Male,49862.96270432539,504.5793787977382,56.503140665994344,United-States,>50K
89,Self-emp-inc,446569.4862092977,Some-college,12,Widowed,Exec-managerial,Not-in-family,Black,Female,31360.996998513776,369.1337383689365,36.50396098040844,United-States,<=50K
84,Private,428197.7337581019,Some-college,15,Divorced,Other-service,Unmarried,White,Female,41704.98887974087,78.54114798839164,72.5090521200882,United-States,<=50K
1,Private,256920.3935607223,HS-grad,12,Never-married,Farming-fishing,Unmarried,White,Male,12894.189056208834,521.1009298759076,35.97019212972894,United-States,<=50K
32,Private,103754.18159521573,Some-college,13,Never-married,Exec-managerial,Own-child,White,Female,45539.768884336845,0.625678099369777,26.594898787706814,England,<=50K
31,Federal-gov,274607.9162978743,Bachelors,8,Married-civ-spouse,Prof-specialty,Husband,White,Male,45708.23975796088,342.91468913215124,1.2013835924721052,United-States,<=50K
24,Private,504815.3683582329,HS-grad,8,Divorced,Handlers-cleaners,Not-in-family,Asian-Pac-Islander,Male,3350.564146454096,2171.0677392556554,46.684529857020586,United-States,<=50K
57,Private,567542.4057352052,HS-grad,15,Married-civ-spouse,Craft-repair,Husband,White,Male,19404.76360116103,1698.1275304106368,34.66556420593021,United-States,>50K
29,Private,654538.1197009565,Bachelors,16,Married-civ-spouse,Prof-specialty,Husband,White,Male,19867.551040354618,769.112050790518,30.12009145857304,Japan,<=50K
5,Self-emp-inc,545962.142462809,Masters,13,Married-civ-spouse,Prof-specialty,Husband,White,Male,16306.177205084117,860.621708937527,54.2667186880946,United-States,>50K
65,State-gov,728609.8384557596,10th,6,Widowed,Other-service,Not-in-family,White,Female,13809.902894952513,1276.4825998267233,23.87691922165534,United-States,<=50K
65,Self-emp-not-inc,456867.23350522766,Some-college,11,Divorced,Transport-moving,Not-in-family,White,Male,22907.629977540197,1127.6436027546843,3.26084873119025,United-States,<=50K
43,Private,273166.53240984865,Bachelors,15,Married-civ-spouse,Prof-specialty,Wife,White,Female,43672.87593551117,1605.0238264388483,75.50830789314827,United-States,<=50K
39,Private,440258.2415790619,HS-grad,10,Divorced,Handlers-cleaners,Not-in-family,White,Male,39327.13866606917,149.44820047891443,33.2902300471975,United-States,<=50K
12,Private,170589.82200371558,Bachelors,14,Never-married,Adm-clerical,Own-child,Black,Female,31152.584900476115,196.3812378422378,16.311559201043337,United-States,<=50K
23,Private,498461.54988681286,Masters,8,Married-civ-spouse,Prof-specialty,Husband,White,Male,26127.839241485235,619.6274681652343,78.30043188606349,India,<=50K
8,Private,179086.52057195824,Some-college,12,Divorced,Sales,Unmarried,White,Female,20979.48191434432,1807.2277397345752,16.295002023158155,United-States,<=50K
86,Private,93406.29700771775,HS-grad,11,Married-civ-spouse,Craft-repair,Husband,White,Male,20721.91271724955,1992.8895452590793,44.714643636960076,United-States,<=50K
84,Private,637761.3824598377,HS-grad,13,Divorced,Exec-managerial,Unmarried,White,Female,7409.912964801583,758.1514506846721,16.723138122463375,United-States,>50K
13,Private,284918.9280711078,Some-college,13,Never-married,Other-service,Own-child,White,Female,29396.412697002757,2098.0405345126346,10.434736341549467,United-States,<=50K
29,Self-emp-inc,576641.1793262945,Bachelors,13,Married-civ-spouse,Exec-managerial,Husband,White,Male,37918.490204189715,602.2340944623321,14.555827394735172,United-States,<=50K
27,Private,437438.44459858595,Some-college,12,Married-civ-spouse,Adm-clerical,Wife,White,Female,46982.029424363,1320.6595026071252,16.63833973457342,United-States,>50K
7,Private,609587.8504129333,10th,4,Never-married,Sales,Own-child,White,Female,46245.94587388029,423.67587054122316,22.61466551486461,United-States,<=50K
34,Private,637600.2095035714,9th,1,Never-married,Craft-repair,Not-in-family,White,Male,28133.90663198639,2024.916745288798,6.764891098142088,Mexico,<=50K
24,Private,733149.8365261378,Bachelors,12,Never-married,Sales,Own-child,White,Female,5049.471646051021,1252.1468399623843,57.3167154171862,United-States,<=50K
35,Private,617862.5881352456,Some-college,8,Married-civ-spouse,Farming-fishing,Husband,White,Male,14304.499656016596,568.6921473534833,63.408207406167385,United-States,<=50K
24,Private,466587.6433045361,Some-college,12,Never-married,Sales,Own-child,White,Male,26781.40624055526,886.7392156614852,1.7475791570291226,United-States,<=50K
0,Private,488095.7683267943,HS-grad,10,Never-married,Prof-specialty,Not-in-family,White,Female,17193.286994283935,231.88067502303178,31.524303171200025,United-States,<=50K
15,State-gov,32879.246852224474,12th,16,Married-civ-spouse,Tech-support,Wife,White,Female,20544.296419942373,157.65664380716115,26.188972436013735,United-States,>50K
1,Private,699578.0110223747,HS-grad,8,Never-married,Sales,Own-child,White,Male,19151.982122116206,640.8804736915655,11.12229159909417,United-States,<=50K
42,Private,626010.638188873,Some-college,15,Divorced,Sales,Unmarried,White,Female,24278.99682192039,2062.599683156949,18.165588758281746,United-States,<=50K
40,Private,210989.8424309536,HS-grad,13,Married-civ-spouse,Other-service,Husband,White,Male,30447.803116545783,1748.8082043225943,16.605760680746677,United-States,<=50K
82,Private,146720.9700037808,Some-college,14,Married-civ-spouse,Exec-managerial,Husband,Asian-Pac-Islander,Male,1873.2647920504228,2083.7129633967293,7.936284610782657,United-States,>50K
14,Self-emp-inc,532402.7196176972,HS-grad,15,Married-civ-spouse,Exec-managerial,Husband,White,Male,13770.569394666672,1908.1742147173998,35.513331110746705,United-States,<=50K
3,Private,241662.97940520247,HS-grad,9,Never-married,Handlers-cleaners,Own-child,White,Male,7192.561604998373,1771.034927442683,14.880117104426503,United-States,<=50K
40,Private,264436.87709579355,10th,2,Never-married,Sales,Own-child,White,Female,30432.458876649307,1252.1188679695738,12.996428619269086,United-States,<=50K
88,Private,18000.844608289375,Some-college,9,Separated,Other-service,Not-in-family,White,Male,34682.71582772802,1511.9498742844917,4.490900689791889,United-States,<=50K
4,Private,655845.5950926589,12th,10,Married-civ-spouse,Other-service,Husband,Black,Male,1939.1072328235134,2104.0687823689045,31.04988129228288,United-States,<=50K
67,State-gov,431694.07771091734,10th,5,Widowed,Other-service,Not-in-family,White,Female,44478.26590860592,1226.581219087138,17.598205733956977,United-States,<=50K
48,Private,309452.80196381826,Bachelors,15,Married-civ-spouse,Prof-specialty,Husband,White,Male,16574.538039675666,1676.9885457742894,22.738734278720486,Japan,<=50K
79,Self-emp-inc,118259.90585662094,Masters,10,Never-married,Exec-managerial,Not-in-family,White,Female,11878.8459061684,1649.7768148316525,7.373626101170789,United-States,>50K
79,Private,481060.4054335148,HS-grad,11,Never-married,Craft-repair,Not-in-family,White,Male,37287.118117046884,2093.577943706916,24.06604337141907,United-States,<=50K
6,Private,36130.85692777349,HS-grad,11,Never-married,Other-service,Own-child,White,Male,46041.28872781681,999.3718790897219,34.09930095428485,United-States,<=50K
66,Private,564461.2151001622,7th-8th,4,Widowed,Other-service,Not-in-family,Other,Female,44851.119591790055,1003.4491215097075,6.190419024202096,United-States,<=50K
25,Private,172357.7357922663,HS-grad,13,Never-married,Handlers-cleaners,Own-child,White,Female,1011.6343132192974,1278.1081543526552,3.6361939103890903,United-States,<=50K
12,Private,323518.9843503724,HS-grad,16,Never-married,Machine-op-inspct,Not-in-family,White,Male,40868.887572301224,59.56981922485688,21.89682151529134,United-States,<=50K
39,Self-emp-not-inc,265228.00132149085,HS-grad,10,Married-civ-spouse,Craft-repair,Husband,White,Male,15152.596144928108,253.2323605383294,9.770166669258487,United-States,>50K
19,State-gov,286759.18635201344,Assoc-voc,13,Married-civ-spouse,Protective-serv,Husband,White,Male,14017.192485905487,147.1331797202103,30.209946764055776,United-States,<=50K
10,Private,546357.428763448,HS-grad,15,Married-civ-spouse,Sales,Husband,White,Male,24580.71485835917,1380.1153950817345,79.04505497100996,United-States,>50K
69,Private,587149.3709069197,HS-grad,13,Widowed,Priv-house-serv,Not-in-family,White,Female,34808.794142326406,2165.3633166700056,41.97254578632205,United-States,<=50K
33,Federal-gov,432633.7322561281,Bachelors,15,Divorced,Exec-managerial,Unmarried,White,Female,4910.8204049419255,1474.3164618697876,35.268909497901625,United-States,>50K
9,Private,76228.86599930795,HS-grad,14,Married-civ-spouse,Craft-repair,Husband,White,Male,43444.56680494738,500.7878418471777,31.19945154656165,United-States,>50K
14,Private,52341.19830923226,HS-grad,9,Never-married,Sales,Own-child,White,Male,6719.20885566154,687.6614515950065,16.309591906400563,United-States,<=50K
45,Self-emp-not-inc,129731.96815836566,Masters,11,Never-married,Prof-specialty,Own-child,White,Male,48710.48412045322,2080.9607065546784,41.054656972804736,United-States,<=50K
74,Private,469737.07679600496,HS-grad,12,Divorced,Handlers-cleaners,Not-in-family,White,Male,22155.309111264778,1124.9461850721377,35.93203555168006,Vietnam,<=50K
20,Self-emp-not-inc,511186.89022709575,Some-college,8,Divorced,Exec-managerial,Unmarried,Black,Female,41290.753677321634,21.177111554017493,82.87264300626286,United-States,<=50K
23,Private,214427.43322807955,Some-college,8,Never-married,Exec-managerial,Own-child,White,Male,13470.864340447677,1812.481603842792,76.14076151586126,England,<=50K
50,Private,502303.27545903175,Some-college,9,Married-civ-spouse,Prof-specialty,Husband,White,Male,20838.427998905285,540.7050731906048,97.7104125560553,United-States,>50K
10,Local-gov,372130.82862357574,Prof-school,12,Married-civ-spouse,Prof-specialty,Husband,White,Male,32277.4177939765,202.5745388930358,38.03140384299297,United-States,>50K
15,Private,339921.29784372175,HS-grad,11,Never-married,Craft-repair,Other-relative,White,Male,9396.690576785124,1467.3140627507905,72.81907278911528,United-States,<=50K
26,Self-emp-not-inc,215213.14888854147,HS-grad,14,Never-married,Sales,Own-child,White,Female,10569.419410043827,1788.3006737147307,7.457968738324134,United-States,<=50K
10,Private,570982.784214483,Bachelors,13,Never-married,Other-service,Not-in-family,White,Female,41198.05972803991,165.59077112237483,40.829699868821905,United-States,<=50K
10,Private,97540.99413401092,Assoc-voc,15,Separated,Adm-clerical,Unmarried,White,Female,37046.86947360094,2028.5810103620734,95.0647630634261,United-States,<=50K
48,Private,330963.44223720575,HS-grad,9,Married-civ-spouse,Exec-managerial,Husband,White,Male,37974.28501466522,1037.937779006473,72.94551936362599,United-States,>50K
28,Private,222656.48881678813,HS-grad,12,Never-married,Protective-serv,Unmarried,White,Male,43359.01493302601,770.0056032988206,23.323624366590323,United-States,<=50K
10,Private,514522.8887726393,Some-college,8,Never-married,Exec-managerial,Own-child,White,Female,41050.45911122682,1947.8207987513101,83.53942076546335,United-States,<=50K
41,Private,372847.90325284447,Some-college,10,Never-married,Adm-clerical,Own-child,Asian-Pac-Islander,Male,25763.22749562654,586.0470542170443,35.80057920186356,United-States,<=50K
39,Local-gov,506138.7065290923,HS-grad,15,Never-married,Adm-clerical,Unmarried,White,Female,7948.542645728703,2062.8232415402554,23.804431647485107,United-States,<=50K
3,Private,47030.63308468992,Assoc-acdm,15,Divorced,Craft-repair,Unmarried,Black,Female,15555.999102898799,1487.807717964768,12.353016469068566,United-States,<=50K
56,Self-emp-not-inc,305375.83589449397,Some-college,12,Married-civ-spouse,Exec-managerial,Husband,White,Male,75339.01036419015,1981.8220056756197,11.965928241926147,United-States,>50K
30,Private,456065.9117554572,HS-grad,8,Never-married,Handlers-cleaners,Own-child,White,Male,6782.423225942482,1086.8205633121017,43.193717575738894,United-States,<=50K
10,Private,19168.559331112105,HS-grad,9,Widowed,Adm-clerical,Not-in-family,White,Female,42564.34140168912,434.87372214740543,31.230162275169675,United-States,<=50K
6,Self-emp-not-inc,236076.33355996272,Masters,15,Never-married,Sales,Not-in-family,White,Male,43966.18990169712,1601.7645040988853,45.73021892315907,United-States,>50K
42,Private,169478.5768911565,9th,7,Never-married,Other-service,Own-child,White,Male,1447.3934919296241,1900.833161533273,20.211768999578805,United-States,<=50K
26,Private,114833.59088149416,HS-grad,13,Never-married,Machine-op-inspct,Own-child,White,Male,9638.075959854496,450.36386119733754,35.28111643303898,United-States,<=50K
21,Private,202181.3998226627,HS-grad,8,Married-civ-spouse,Adm-clerical,Wife,White,Female,41646.08018886102,441.62556504085927,33.5938503085529,United-States,>50K
35,Private,255795.26623172252,Assoc-voc,15,Never-married,Sales,Not-in-family,White,Male,41848.41539209594,543.8366551364734,88.6501566110461,United-States,<=50K
36,Self-emp-not-inc,19200.18042573468,HS-grad,11,Married-civ-spouse,Craft-repair,Husband,White,Male,12474.388321083303,1347.3040464179785,44.237790621171094,United-States,<=50K
9,Private,565127.5675032057,Some-college,16,Never-married,Transport-moving,Own-child,White,Female,22822.205132070467,339.7583481410741,23.210870317279024,United-States,<=50K
49,Private,143234.52922442326,HS-grad,13,Married-civ-spouse,Exec-managerial,Husband,White,Male,45901.09445152114,232.369273849542,2.482942478380312,United-States,>50K
19,Private,294257.70911819907,HS-grad,14,Never-married,Exec-managerial,Own-child,Asian-Pac-Islander,Female,35231.34494402922,2004.1697461228512,24.29138373979528,Philippines,<=50K
19,Private,533120.8591299815,Some-college,14,Divorced,Adm-clerical,Not-in-family,White,Female,13698.737934968709,1471.9188079810747,18.22060021351242,United-States,<=50K
21,Private,382912.7308638218,HS-grad,11,Never-married,Handlers-cleaners,Own-child,White,Male,41174.90283130996,1444.93764258194,23.600842501540086,United-States,<=50K
78,Private,628885.7441937687,Some-college,9,Married-civ-spouse,Machine-op-inspct,Husband,White,Male,25256.066183670722,1336.915152150589,9.369275695313593,United-States,<=50K
30,Private,608833.752570973,Some-college,9,Never-married,Other-service,Not-in-family,White,Male,31770.17274888766,1664.5238951201777,38.629134223477216,United-States,<=50K
89,Private,66716.43876046533,Bachelors,10,Married-civ-spouse,Prof-specialty,Husband,Asian-Pac-Islander,Male,6193.581008105554,1179.3302731253873,30.617571340197582,United-States,>50K
4,Private,649865.3401930286,HS-grad,15,Never-married,Handlers-cleaners,Not-in-family,Asian-Pac-Islander,Male,1528.1443375034873,92.0490900201131,7.242306097518903,United-States,<=50K
18,Private,44730.27426008954,1st-4th,4,Married-civ-spouse,Other-service,Own-child,Asian-Pac-Islander,Female,18623.151843384592,1050.4321528558883,6.0436783051387435,Vietnam,<=50K
15,Private,27331.762657816413,Bachelors,15,Married-civ-spouse,Other-service,Husband,Asian-Pac-Islander,Male,29701.88265081084,1351.8137601835879,41.06009171902672,United-States,>50K
84,Private,693728.0844080445,HS-grad,11,Separated,Protective-serv,Not-in-family,White,Male,8879.095916346001,1072.3173426397739,89.04113089473609,United-States,<=50K
11,Self-emp-inc,650120.5879918849,Some-college,14,Married-civ-spouse,Exec-managerial,Husband,White,Male,43523.60335553718,2146.1169752686487,65.96761668660747,United-States,<=50K
54,Private,438663.65528275585,HS-grad,9,Widowed,Other-service,Not-in-family,White,Male,29343.718980997128,1953.6655060149967,32.8231192266589,United-States,<=50K
20,Self-emp-not-inc,436921.28794887435,Bachelors,16,Never-married,Protective-serv,Own-child,White,Male,17487.820202281906,1892.1785239902774,39.82911603751621,United-States,<=50K
64,Local-gov,537424.3461664257,HS-grad,14,Married-civ-spouse,Transport-moving,Husband,Black,Male,8175.598969085283,1068.9740557990588,76.10453273048823,United-States,<=50K
13,Private,321939.7754222576,Bachelors,12,Separated,Prof-specialty,Unmarried,White,Male,44724.14876964961,2144.011618871714,20.64000726443724,United-States,<=50K
11,Private,98542.23773707246,Some-college,16,Married-civ-spouse,Adm-clerical,Husband,White,Male,37447.682243679425,1995.0628750268297,21.258653377668477,United-States,>50K
42,Private,28893.60943806186,HS-grad,8,Never-married,Other-service,Own-child,Black,Female,34442.182455528906,610.4207052929814,31.42286710397051,United-States,<=50K
65,Private,253318.3611842575,HS-grad,11,Married-civ-spouse,Sales,Husband,White,Male,14253.32628704988,483.7180815478333,76.84950184667106,United-States,<=50K
84,Self-emp-inc,605231.5501391706,11th,7,Divorced,Machine-op-inspct,Unmarried,Black,Male,19328.090254213865,1255.9767758646583,48.72069482979445,United-States,<=50K
25,Private,469949.0731880694,Some-college,11,Never-married,Adm-clerical,Not-in-family,Black,Female,8145.288826228225,117.93471706697184,19.807006480074946,United-States,<=50K
2,Federal-gov,627904.8636114544,Assoc-acdm,14,Married-civ-spouse,Adm-clerical,Husband,White,Male,28612.61692198453,1740.8098809247986,17.694993750778355,United-States,>50K
45,Private,692699.6522524324,9th,8,Divorced,Exec-managerial,Unmarried,White,Female,48245.39800130815,1041.7811268610305,40.88186953968504,United-States,<=50K
38,Private,78571.86336394813,12th,11,Never-married,Farming-fishing,Own-child,White,Male,42855.1308163214,1177.7925854989994,78.95753975306657,United-States,<=50K
89,Private,637104.8534426022,Some-college,14,Married-civ-spouse,Adm-clerical,Wife,White,Female,32368.67089812822,1094.3910120010028,39.43138485424262,United-States,>50K
42,Private,193170.02409874697,HS-grad,8,Married-civ-spouse,Transport-moving,Husband,White,Male,33884.42345692549,857.5154579725227,22.332331693122892,United-States,<=50K
38,Federal-gov,448346.3583324385,Assoc-acdm,10,Married-civ-spouse,Adm-clerical,Husband,White,Male,13454.04442165822,1494.8455721431883,39.57901175892234,United-States,>50K
7,Private,400414.2357289884,HS-grad,16,Married-civ-spouse,Handlers-cleaners,Husband,White,Male,20475.15507117886,380.7151886952888,27.681817129347653,United-States,<=50K
67,Private,305747.50036256184,Assoc-voc,12,Married-civ-spouse,Prof-specialty,Husband,White,Male,1002.6078487974696,2126.832671226277,12.571561638125681,United-States,>50K
10,Private,242615.49128593915,HS-grad,11,Separated,Sales,Not-in-family,Asian-Pac-Islander,Female,39014.793061200035,1520.776669313392,33.468000589390506,Japan,<=50K
63,Private,264206.9405172077,7th-8th,8,Married-civ-spouse,Transport-moving,Husband,White,Male,38378.25263422836,1002.0337451211246,4.816825726844257,United-States,<=50K
48,Private,259447.85655454328,HS-grad,11,Divorced,Priv-house-serv,Unmarried,White,Female,444.89485450925355,1501.1005758519152,95.61229969474324,Guatemala,<=50K
17,Private,137650.27078716946,Bachelors,13,Never-married,Sales,Own-child,White,Female,45575.31614489956,25.743913413557753,29.13522624969975,United-States,<=50K
89,Private,390460.4234032876,Bachelors,13,Divorced,Sales,Not-in-family,White,Male,32368.254022974117,459.0186960577531,73.84488501848146,United-States,<=50K
12,Self-emp-inc,97695.42829533848,HS-grad,9,Married-civ-spouse,Exec-managerial,Husband,White,Male,30056.796953751444,1265.4359009372351,30.01599361902251,United-States,>50K
80,Private,390068.1402306479,Some-college,13,Married-civ-spouse,Exec-managerial,Husband,White,Male,423.18212388000813,708.8000434157987,23.682513281282233,United-States,<=50K
20,State-gov,682474.2648262145,Assoc-voc,14,Married-civ-spouse,Protective-serv,Husband,White,Male,12619.395872811894,1334.630693875938,28.199297359474308,United-States,<=50K
64,Private,271489.5622891411,Some-college,14,Never-married,Other-service,Not-in-family,White,Male,40253.87591698972,565.6282750786692,41.27912956338819,United-States,<=50K
43,Private,550628.0101013173,Assoc-voc,9,Divorced,Tech-support,Unmarried,White,Female,15272.832189378647,1194.7710860258728,9.632526107830927,United-States,<=50K
45,Private,618247.870590433,Bachelors,9,Divorced,Exec-managerial,Not-in-family,White,Male,48350.73865619715,516.4890741614336,47.83828887256899,United-States,<=50K
25,Private,615359.337044121,Some-college,14,Married-civ-spouse,Other-service,Husband,White,Male,32136.694194352553,1026.590204400356,53.41077410664186,United-States,<=50K
32,Private,187965.67658010434,HS-grad,13,Never-married,Sales,Own-child,White,Male,21190.128129580622,1335.2970459555393,6.328487057908809,United-States,<=50K
7,Private,121634.31876403652,HS-grad,14,Never-married,Machine-op-inspct,Not-in-family,White,Male,18823.584375823903,796.9828011435566,40.88926927912134,United-States,<=50K
58,Private,159168.15188258173,7th-8th,3,Divorced,Machine-op-inspct,Not-in-family,White,Male,17435.28560900443,1086.3210961770087,38.79582556466326,Guatemala,<=50K
44,Private,458335.9402709104,Bachelors,9,Divorced,Sales,Not-in-family,Black,Female,12599.809464539163,458.5397460370095,19.56663965465876,United-States,<=50K
71,Private,574876.0258577847,Prof-school,8,Married-civ-spouse,Prof-specialty,Husband,White,Male,23334.667425853037,1526.1521012059031,74.2204622224306,United-States,>50K
69,Self-emp-not-inc,497555.250853605,1st-4th,3,Never-married,Exec-managerial,Not-in-family,Amer-Indian-Eskimo,Male,33859.46922128747,810.8903694982814,82.34807319203487,United-States,<=50K
79,Private,144306.26750559715,Assoc-acdm,11,Married-civ-spouse,Prof-specialty,Wife,White,Female,41215.12891812244,1860.722218010505,5.436117236785414,United-States,>50K
3,Private,584204.7628972179,Some-college,10,Never-married,Other-service,Not-in-family,White,Female,19857.428422336023,609.0331204361299,41.034645906142295,United-States,<=50K
71,Private,378374.6935921907,Masters,9,Married-civ-spouse,Prof-specialty,Husband,White,Male,5115.553992378524,391.798740167397,93.4758152921321,United-States,<=50K
68,Private,570615.5374369377,HS-grad,9,Widowed,Priv-house-serv,Not-in-family,White,Female,25575.430116556356,285.6211046342207,45.25954423095612,United-States,<=50K
83,Private,574626.3206364403,Bachelors,12,Married-civ-spouse,Exec-managerial,Husband,White,Male,33117.44144858635,1254.2943642149414,32.17050818117059,United-States,>50K
7,Self-emp-not-inc,344987.8826490323,HS-grad,12,Married-civ-spouse,Farming-fishing,Husband,White,Male,42163.775862313814,497.8183804102782,50.00903268230563,United-States,<=50K
88,Private,695937.4087219237,Bachelors,11,Married-civ-spouse,Exec-managerial,Husband,White,Male,18711.301043171992,217.51629570078887,8.18954234855762,United-States,>50K
4,Private,430343.2154209307,Some-college,8,Divorced,Sales,Unmarried,White,Female,32366.782332169485,587.9491548337247,8.311605156926408,United-States,<=50K
8,Private,482630.58490357146,Assoc-voc,11,Separated,Prof-specialty,Own-child,White,Female,30452.20070684852,513.5836665446355,27.03153523269042,United-States,<=50K
27,Private,474672.60611598496,Some-college,9,Never-married,Handlers-cleaners,Not-in-family,Black,Male,14923.647074701745,941.3724412697584,20.10915035130855,United-States,<=50K
30,Private,651698.5617067586,Bachelors,13,Married-civ-spouse,Adm-clerical,Other-relative,White,Male,5405.17247702688,829.5640065001373,29.31863932990155,Philippines,>50K
56,Private,476663.2029947641,11th,3,Married-civ-spouse,Other-service,Husband,White,Male,3191.8207763285473,317.6476555651542,59.587664388697014,United-States,<=50K
5,Private,124967.09688832321,Bachelors,11,Married-civ-spouse,Exec-managerial,Husband,Asian-Pac-Islander,Male,49417.554110605444,2089.0241713862456,34.394322611345665,United-States,>50K
40,Private,63918.26073122507,Bachelors,10,Married-civ-spouse,Prof-specialty,Husband,White,Male,32029.41698335998,325.7156687242218,16.513288145415714,United-States,<=50K
11,Private,340042.3135721599,Masters,11,Never-married,Adm-clerical,Not-in-family,White,Female,43074.149266791406,1754.7456914724314,28.94354398491223,United-States,<=50K
72,Private,237110.96161014464,HS-grad,9,Married-civ-spouse,Craft-repair,Husband,White,Male,13057.21482287088,384.65064856463675,45.74700899644484,United-States,>50K
73,Private,216325.8684498242,Assoc-voc,15,Divorced,Protective-serv,Not-in-family,Black,Male,35554.3332317018,1088.1240652716108,15.922956518877887,United-States,<=50K
19,Self-emp-not-inc,54972.52685982834,HS-grad,15,Married-civ-spouse,Exec-managerial,Husband,White,Male,44618.243697147795,2168.333535712532,47.22333157730957,United-States,<=50K
26,Self-emp-not-inc,388136.95228977787,Bachelors,16,Married-civ-spouse,Sales,Husband,White,Male,14939.406200393363,4027.9712357339267,71.30162463465162,Vietnam,<=50K
24,Private,242713.91891163273,Some-college,13,Never-married,Adm-clerical,Own-child,Black,Male,7496.389853059649,1126.0411913768503,49.14643487215621,United-States,<=50K
42,Private,347209.6003052236,HS-grad,9,Married-civ-spouse,Machine-op-inspct,Wife,White,Female,38273.336677987005,1569.3803977046455,17.868966695101363,United-States,<=50K
9,Local-gov,55502.68559853547,HS-grad,11,Married-civ-spouse,Transport-moving,Husband,Black,Male,44983.902393752374,1710.455136119267,5.375082824778717,United-States,<=50K
32,Private,627661.7044381587,Some-college,9,Never-married,Sales,Not-in-family,White,Female,40271.088416765175,653.4744487302112,50.39784336807613,United-States,<=50K
56,Private,70154.31474054253,Some-college,10,Married-civ-spouse,Prof-specialty,Husband,White,Male,40117.786040768355,1224.337548612187,49.33466077603973,United-States,<=50K
63,Private,651700.8945522285,Masters,12,Married-civ-spouse,Prof-specialty,Husband,White,Male,30001.36504062801,1236.7435828291689,20.805673387156432,China,<=50K
30,Local-gov,645086.8113252358,HS-grad,9,Married-civ-spouse,Protective-serv,Husband,White,Male,33026.18591889461,867.7193422583275,7.250229155814303,United-States,<=50K
13,Private,467647.404459034,HS-grad,11,Married-civ-spouse,Craft-repair,Husband,White,Male,34037.447141493896,1504.003037242283,64.41504848046688,United-States,>50K
14,Private,387938.25798152847,HS-grad,11,Divorced,Sales,Own-child,Black,Male,36063.79923803174,130.75923068290814,19.091921785121478,United-States,<=50K
34,Private,355183.27538147994,HS-grad,12,Married-civ-spouse,Other-service,Husband,White,Male,32769.70082283685,1772.4957547325112,27.89537169357446,United-States,<=50K
3,Private,422829.1416802559,Masters,9,Never-married,Sales,Not-in-family,White,Male,49872.95624436501,1037.9028662389544,3.603238247642828,United-States,>50K
21,Private,598213.019661793,Bachelors,10,Married-civ-spouse,Exec-managerial,Husband,White,Male,12971.18392246309,1371.8398985247725,35.46435209692629,United-States,<=50K
90,Private,1413509.781032483,Bachelors,10,Divorced,Sales,Not-in-family,Black,Male,20928.07502122404,979.7837959209385,90.21691089835849,United-States,<=50K
45,Private,345599.65239582636,11th,5,Never-married,Sales,Not-in-family,White,Male,19413.551912812414,728.8819408847178,18.602986897343527,United-States,<=50K
3,Private,611503.8036877376,Bachelors,13,Never-married,Adm-clerical,Not-in-family,White,Male,1765.9325818187992,786.1752818580547,43.2011441426594,United-States,<=50K
55,Self-emp-not-inc,494843.97573508456,Assoc-voc,10,Married-civ-spouse,Transport-moving,Wife,White,Female,35403.09393431387,1220.4423758254682,43.41830220466891,Germany,>50K
57,Private,250924.72415610385,HS-grad,9,Married-spouse-absent,Craft-repair,Not-in-family,White,Male,28601.83568062504,2029.557486043979,61.52681735272749,United-States,<=50K
42,State-gov,364722.15820067143,Some-college,10,Never-married,Other-service,Not-in-family,White,Female,9495.663062987329,561.302889835369,35.40887223123036,United-States,<=50K
40,Private,124895.96553020105,Some-college,16,Never-married,Handlers-cleaners,Not-in-family,White,Male,36327.13055410689,43.201356610769274,20.31914785977826,United-States,<=50K
40,Private,59182.88133445823,Assoc-acdm,11,Divorced,Sales,Not-in-family,White,Male,11118.048517216457,264.05525151398075,65.58823817131601,United-States,<=50K
17,Private,89923.37527782978,11th,5,Never-married,Other-service,Own-child,White,Male,26731.487759659885,1889.1287758956698,19.756691127237676,United-States,<=50K
7,Private,677455.8070419768,Bachelors,14,Never-married,Sales,Own-child,White,Male,39244.4603162782,2097.667869679217,19.69668720904225,United-States,<=50K
38,Private,267104.9993188721,HS-grad,11,Never-married,Sales,Not-in-family,White,Male,45325.872011999985,433.3307649671098,27.71082061044564,United-States,<=50K
77,Private,540981.1745449095,Bachelors,11,Widowed,Adm-clerical,Unmarried,White,Female,33593.08786388246,1254.2981283769534,33.461890455313736,United-States,<=50K
73,Self-emp-not-inc,386078.228354388,HS-grad,15,Married-civ-spouse,Craft-repair,Husband,White,Male,25365.489122912964,1413.8072132372745,24.26869923483114,United-States,>50K
44,Private,140918.81838582942,HS-grad,15,Married-civ-spouse,Machine-op-inspct,Husband,White,Male,42270.53950260764,380.14558421876035,10.22311506581051,Portugal,>50K
29,Private,196439.34366604738,Masters,16,Never-married,Prof-specialty,Not-in-family,White,Female,42031.5144104727,1699.5132156601385,19.84515782686364,United-States,<=50K
0,Private,336756.34869675036,Some-college,9,Divorced,Sales,Other-relative,White,Male,43824.30096971335,773.4274856153623,46.2996200967886,United-States,<=50K
37,Local-gov,337984.77981427696,Bachelors,11,Married-civ-spouse,Exec-managerial,Husband,White,Male,9056.702322271136,1466.2140058409286,42.15817164960905,United-States,<=50K
13,Private,399517.3776339832,Bachelors,16,Never-married,Other-service,Not-in-family,White,Male,4880.104389103561,1061.7613750948997,8.559097253792526,China,<=50K
30,State-gov,130718.77226880116,Prof-school,10,Married-civ-spouse,Prof-specialty,Wife,White,Female,6397.1430127328185,1604.1539868519737,98.87534610751308,United-States,>50K
42,Self-emp-not-inc,288826.0375906534,9th,3,Married-civ-spouse,Craft-repair,Husband,White,Male,12932.463202085115,1937.619474223044,33.83323801422051,Portugal,<=50K
6,Private,222395.89470213134,HS-grad,16,Married-civ-spouse,Tech-support,Husband,White,Male,40416.789285188934,829.9726345431781,56.579594959084204,United-States,>50K
5,State-gov,315349.39647487266,Bachelors,16,Never-married,Prof-specialty,Not-in-family,White,Male,38145.52945685597,624.0483497385086,4.5155538303484954,United-States,<=50K
50,Private,263360.5730536337,9th,3,Never-married,Other-service,Unmarried,Black,Female,9153.326316451246,1375.8691508729953,1.7696821693763,United-States,<=50K
25,Private,455003.2066201681,HS-grad,14,Married-civ-spouse,Craft-repair,Husband,White,Male,33985.27860831177,315.4796807696309,36.345622385736895,Germany,<=50K
12,Self-emp-not-inc,596299.7845209144,Some-college,12,Married-civ-spouse,Sales,Husband,Asian-Pac-Islander,Male,16781.455344024336,364.9795162766027,73.8483655097962,United-States,>50K
27,Private,491497.23007541255,HS-grad,13,Never-married,Craft-repair,Own-child,White,Male,4464.9464510609505,1759.207939538495,22.40002067218554,United-States,<=50K
32,Private,62164.87244027448,HS-grad,10,Divorced,Farming-fishing,Not-in-family,White,Male,17763.99216429356,734.8317391776762,98.52066445837178,United-States,<=50K
9,Private,83280.29496631147,10th,4,Married-civ-spouse,Craft-repair,Husband,White,Male,37210.12436217573,1374.913483333673,5.148508770196087,United-States,<=50K
74,Private,514443.94071453717,Some-college,15,Married-civ-spouse,Prof-specialty,Husband,White,Male,15354.110023974761,1245.026635897122,32.46990207948639,United-States,<=50K
12,Self-emp-not-inc,223321.46944818858,Bachelors,11,Married-civ-spouse,Exec-managerial,Husband,White,Male,39404.12779516156,1848.9058812827252,70.37691784759971,United-States,>50K
67,Private,547936.0124711879,9th,2,Divorced,Handlers-cleaners,Not-in-family,White,Male,16565.691189970337,155.38740226854205,23.345404064547573,United-States,<=50K
41,Self-emp-not-inc,498334.37586616306,10th,5,Never-married,Sales,Own-child,White,Female,13027.831490667477,352.83488692653407,39.6574928020994,United-States,<=50K
38,State-gov,682784.3900913061,Some-college,13,Never-married,Other-service,Own-child,White,Female,14702.409056956312,497.058671986788,30.617046122142966,United-States,<=50K
49,Local-gov,658368.8595672532,Bachelors,12,Married-civ-spouse,Protective-serv,Husband,Black,Male,42560.2688036264,690.1608104129324,21.859504375898652,United-States,<=50K
19,Private,259664.52897706226,HS-grad,13,Never-married,Adm-clerical,Not-in-family,White,Female,23526.593115250176,634.5741363862464,9.810071477780665,United-States,<=50K
12,Private,443818.3255043999,HS-grad,12,Never-married,Adm-clerical,Not-in-family,White,Female,43319.23528794214,582.5548673162493,25.961330807075715,United-States,<=50K
0,Private,117930.35335601184,Some-college,16,Never-married,Other-service,Own-child,White,Male,29178.439199819153,1404.0352704919999,28.050451488669957,United-States,<=50K
80,Local-gov,271818.5598389943,Bachelors,12,Divorced,Craft-repair,Not-in-family,Black,Male,47214.57704951185,590.7783647432382,23.05224259831772,Outlying-US(Guam-USVI-etc),<=50K
29,Private,728091.356891738,Bachelors,14,Married-civ-spouse,Sales,Husband,White,Male,3560.7512623350895,968.9886882972825,67.41005429671186,United-States,>50K
12,State-gov,529287.3224582847,Masters,12,Never-married,Prof-specialty,Own-child,White,Male,44470.85836048866,1879.1925213831714,10.103760650856945,United-States,<=50K
33,Private,302934.9413643842,HS-grad,10,Married-civ-spouse,Sales,Husband,Amer-Indian-Eskimo,Male,25023.618485947973,790.9730220654337,79.6240896088188,Mexico,>50K
70,Private,452902.575093443,HS-grad,14,Widowed,Adm-clerical,Not-in-family,White,Female,43374.45398603415,1278.311266739651,78.31898653812476,United-States,<=50K
19,Private,706163.4762781344,HS-grad,15,Married-civ-spouse,Sales,Husband,White,Male,19083.270155669452,2102.9156994873933,42.49339044701126,United-States,<=50K
0,Local-gov,242103.983089866,Some-college,14,Married-civ-spouse,Transport-moving,Husband,Black,Male,14917.638512996255,901.6681745828602,12.60074839662291,United-States,<=50K
3,Private,291652.3402744991,Bachelors,11,Married-civ-spouse,Exec-managerial,Wife,White,Female,2703.0715011434345,400.50414164717034,25.584711441347537,United-States,>50K
40,Private,598097.9394321652,Bachelors,12,Married-civ-spouse,Adm-clerical,Husband,Asian-Pac-Islander,Male,42711.561400281986,50.31417906535353,21.131052869570684,United-States,>50K
41,Private,613991.556347175,Bachelors,13,Never-married,Other-service,Not-in-family,Asian-Pac-Islander,Female,6868.194276026609,1585.0883229897768,27.762146757850534,United-States,<=50K
25,Private,508342.1360417028,HS-grad,10,Never-married,Exec-managerial,Not-in-family,White,Male,10014.729391461777,1441.8851091272172,18.98153123736107,United-States,>50K
38,Private,625640.0693698089,HS-grad,13,Married-civ-spouse,Machine-op-inspct,Husband,White,Male,20459.38774168183,2048.2725207221542,48.93343902271529,Portugal,<=50K
26,Private,559043.111732705,Some-college,14,Married-civ-spouse,Craft-repair,Husband,White,Male,28469.89469687871,1526.1179101089622,28.839329307378367,United-States,<=50K
52,Private,519639.0350807373,HS-grad,14,Married-civ-spouse,Craft-repair,Husband,White,Male,45330.593414839124,174.38099909294166,35.53924458518886,Poland,<=50K
51,Self-emp-not-inc,402209.2673000597,Some-college,9,Divorced,Transport-moving,Not-in-family,White,Female,22878.34286736053,363.53099285636307,6.5450541111318,United-States,<=50K
14,Private,490551.6129699271,Some-college,16,Never-married,Machine-op-inspct,Not-in-family,White,Female,15819.014690706621,224.35428601589786,24.595112525859097,United-States,<=50K
85,Private,326158.1248360228,7th-8th,4,Married-civ-spouse,Craft-repair,Husband,White,Male,35783.06497127375,138.939846309547,34.834365978264,United-States,<=50K
36,Self-emp-not-inc,280685.40505966847,HS-grad,11,Married-civ-spouse,Exec-managerial,Husband,White,Male,38946.66940110201,1913.7889467075368,7.962286515378116,United-States,>50K
39,Private,281253.6990504666,Some-college,12,Never-married,Exec-managerial,Own-child,White,Male,24378.798496982497,1194.488694036244,36.83336596782501,England,<=50K
85,Private,146607.87645009742,Some-college,15,Divorced,Machine-op-inspct,Not-in-family,White,Male,31551.323096748627,57.422781311672956,49.19537580838935,United-States,<=50K
9,Local-gov,171663.4274403573,HS-grad,14,Married-civ-spouse,Other-service,Husband,White,Male,8841.124916039755,864.6932702156491,49.19975050373769,Mexico,<=50K
11,Private,713301.4228338086,9th,5,Divorced,Other-service,Other-relative,White,Female,31724.631208148974,1666.1620985069715,39.164621045377835,United-States,<=50K
50,Local-gov,372580.70660214894,Some-college,14,Married-civ-spouse,Craft-repair,Husband,Other,Male,235.67271444898046,181.32111662891552,72.78188003845906,United-States,<=50K
80,Self-emp-inc,180783.61888513516,Some-college,11,Married-civ-spouse,Exec-managerial,Husband,White,Male,13676.25634614388,571.621031569142,4.833495495054739,United-States,>50K
40,Private,115077.68531502692,HS-grad,15,Married-civ-spouse,Handlers-cleaners,Wife,White,Female,38059.28346410935,338.18756043635256,44.60585843692317,United-States,<=50K
63,Local-gov,70474.86516231933,Bachelors,12,Divorced,Craft-repair,Not-in-family,Black,Male,8430.203526267092,1426.225567333416,5.333871185901267,Outlying-US(Guam-USVI-etc),<=50K
28,Self-emp-not-inc,637063.5213386453,Assoc-voc,13,Married-civ-spouse,Farming-fishing,Husband,White,Male,38223.80456541982,1928.5565286359565,73.15012704508364,United-States,>50K
7,Private,88179.80149361111,HS-grad,9,Divorced,Exec-managerial,Not-in-family,White,Female,24478.609742955505,673.8092834318969,37.34261942299537,United-States,>50K
42,Private,582747.5207510134,HS-grad,14,Married-civ-spouse,Other-service,Own-child,Black,Female,38178.07657069141,538.8296190684887,48.06014130091026,United-States,<=50K
39,Private,630189.5764575944,Some-college,13,Divorced,Craft-repair,Not-in-family,White,Female,4402.02316728035,618.9337599665179,4.826014001068672,United-States,<=50K
44,Private,666050.629836644,Some-college,11,Divorced,Other-service,Not-in-family,White,Male,30723.679696383726,1364.4749311158412,81.05069554165499,United-States,<=50K
36,Private,41366.786721410535,Assoc-acdm,13,Divorced,Transport-moving,Unmarried,Black,Female,31674.060291359358,285.9215469453095,40.106813791407596,United-States,<=50K
85,Private,262176.9975345116,Masters,8,Divorced,Prof-specialty,Unmarried,White,Female,20169.472323157323,1826.291722428681,16.312486350826294,United-States,<=50K
1,Federal-gov,579374.9157344833,Bachelors,16,Married-civ-spouse,Exec-managerial,Husband,Asian-Pac-Islander,Male,48265.909342581595,62.2282761973703,3.5859393348967896,Japan,>50K
33,Self-emp-inc,110265.68883978591,Bachelors,13,Married-civ-spouse,Handlers-cleaners,Husband,White,Male,19165.629344463006,1445.2100166916864,66.83376237911455,United-States,>50K
15,Private,291682.29548837664,Some-college,11,Married-civ-spouse,Exec-managerial,Husband,White,Male,1886.247061087662,1873.883284326369,88.14782952910949,United-States,<=50K
87,Private,133304.1027555646,7th-8th,6,Divorced,Machine-op-inspct,Unmarried,White,Female,9970.612854280234,2886.288467677811,23.974571706710034,United-States,<=50K
81,Private,627402.0824923115,Some-college,16,Married-civ-spouse,Craft-repair,Husband,White,Male,18654.88372066584,1037.0650251474035,26.12049240914508,Cambodia,>50K
39,Local-gov,582912.2649409033,Assoc-voc,11,Divorced,Prof-specialty,Unmarried,White,Female,703.8488976722442,2123.509805968526,23.992387213739004,United-States,<=50K
36,Private,610933.5709425205,HS-grad,8,Married-civ-spouse,Other-service,Wife,Black,Female,16110.495585836528,1177.3923035123928,36.956912824840735,United-States,<=50K
12,Local-gov,135735.0591003631,Bachelors,10,Married-civ-spouse,Craft-repair,Husband,White,Male,41661.01671399492,593.3186233396202,21.629789250290482,United-States,<=50K
35,Private,336693.6767180327,Bachelors,12,Never-married,Sales,Own-child,White,Female,9528.740208665256,968.8722627034801,97.06848382137913,United-States,<=50K
5,State-gov,316892.18509406113,HS-grad,12,Married-civ-spouse,Craft-repair,Husband,White,Male,33837.06870978467,2111.6630521998018,40.112937878342564,United-States,<=50K
84,Private,512954.90534181084,HS-grad,13,Never-married,Craft-repair,Not-in-family,Black,Female,31334.03309011679,1519.4226259035493,15.171213717817512,United-States,<=50K
84,Private,188897.1273792876,HS-grad,13,Never-married,Sales,Own-child,White,Male,12441.03173223266,385.58580187581293,2.7309857685678174,United-States,<=50K
55,Private,341512.31405054504,HS-grad,12,Widowed,Priv-house-serv,Not-in-family,White,Female,34675.89059614627,1301.5383850660292,46.22036128702901,United-States,<=50K
37,Private,223898.17151314215,Assoc-voc,11,Divorced,Other-service,Unmarried,White,Female,17217.316528279014,1374.421504312228,37.721838689591515,Columbia,<=50K
21,Private,566251.7859336473,Assoc-acdm,14,Never-married,Tech-support,Own-child,White,Female,6446.475556014922,1384.8837751354702,36.62161399026257,United-States,<=50K
14,Private,345004.6500138223,Bachelors,13,Married-civ-spouse,Adm-clerical,Wife,Asian-Pac-Islander,Female,19177.33204014653,1228.358212078964,28.62160739125098,Philippines,>50K
36,Federal-gov,407834.6695392797,HS-grad,12,Married-civ-spouse,Adm-clerical,Husband,White,Male,29433.24007305951,1140.0954538841172,4.009470394519733,United-States,>50K
55,Private,242019.80608837825,Masters,11,Married-civ-spouse,Sales,Husband,White,Male,8350.925853321834,1392.8925256921486,73.18486606574739,United-States,>50K
46,Local-gov,610623.5321024755,Masters,8,Married-civ-spouse,Exec-managerial,Husband,Asian-Pac-Islander,Male,41191.779561805684,674.4423726322846,58.28488280676409,United-States,>50K
54,Private,359838.4495984871,Masters,9,Married-civ-spouse,Prof-specialty,Husband,White,Male,14909.963573580191,756.1325577574771,3.529374354777289,United-States,>50K
15,Self-emp-not-inc,630184.8253118695,Some-college,11,Divorced,Craft-repair,Unmarried,White,Female,14541.244176578424,1175.397170012338,49.52787664008071,United-States,<=50K
84,Private,285125.6269651084,Some-college,16,Married-civ-spouse,Transport-moving,Husband,White,Male,36391.231656384916,1752.6535148847747,40.63589320429879,United-States,<=50K
89,State-gov,712904.0627374536,9th,2,Married-civ-spouse,Farming-fishing,Husband,White,Male,29818.19774581581,962.371745545692,31.59153326852326,United-States,<=50K
13,State-gov,740455.5032925673,Some-college,16,Divorced,Other-service,Not-in-family,White,Female,16891.588642821043,796.6760752035669,15.053967064270742,United-States,<=50K
29,Private,354421.42679966224,Bachelors,9,Never-married,Tech-support,Own-child,White,Male,44398.25820483017,565.8597416963637,5.042998173939026,United-States,<=50K
18,Private,221567.46310203377,HS-grad,10,Separated,Transport-moving,Other-relative,White,Male,49773.12275519151,661.1818101181877,25.774209356056527,Mexico,<=50K
89,Private,295487.22651786695,HS-grad,12,Divorced,Exec-managerial,Unmarried,White,Female,17136.470596458366,0.20113044815330516,42.72081754657908,United-States,>50K
24,Private,402996.79062853573,Masters,10,Married-civ-spouse,Prof-specialty,Husband,Asian-Pac-Islander,Male,45068.73811533815,1775.8971807924145,63.614591049779186,United-States,<=50K
42,Private,727036.5828075446,Some-college,12,Never-married,Handlers-cleaners,Own-child,White,Male,17962.364692888437,1846.8274516974566,7.494399377510623,United-States,<=50K
5,Private,616728.6034337251,Bachelors,12,Never-married,Prof-specialty,Not-in-family,White,Male,9421.207481526526,748.9813497704874,63.76762464259295,United-States,<=50K
44,Private,605185.0791116069,HS-grad,12,Married-civ-spouse,Transport-moving,Husband,Black,Male,47403.74364317028,1021.913146521489,43.03506081991516,United-States,<=50K
8,Private,115692.95147204219,HS-grad,14,Never-married,Transport-moving,Other-relative,White,Male,45909.811339367254,18.114666878901048,1.6959474930914422,Mexico,<=50K
43,Private,198107.87161074864,Some-college,11,Never-married,Adm-clerical,Own-child,Black,Male,20169.380529234015,2008.3085259305471,6.465920810306482,United-States,<=50K
12,Private,486973.2240013188,HS-grad,10,Married-civ-spouse,Prof-specialty,Wife,Black,Female,11420.800032648856,2062.4734608487747,9.55607853529187,United-States,<=50K
5,Private,658987.1545416047,Some-college,14,Never-married,Adm-clerical,Own-child,Black,Female,36358.077822401996,1039.0520794432737,29.996736148069754,United-States,<=50K
20,Private,422994.83162165293,Some-college,9,Never-married,Handlers-cleaners,Own-child,White,Male,6560.22321797092,19.890801877253637,8.405645059783952,United-States,<=50K
33,Private,89249.79776853988,Bachelors,15,Married-civ-spouse,Prof-specialty,Husband,White,Male,36703.46392726639,937.4881123003904,22.88600521623026,United-States,>50K
14,Self-emp-not-inc,638144.5353229146,HS-grad,13,Married-civ-spouse,Craft-repair,Husband,White,Male,29484.34689354468,637.9854511192005,40.58419387485511,United-States,>50K
27,Private,642038.9728723973,Masters,13,Never-married,Adm-clerical,Not-in-family,Black,Female,8449.152602136412,503.5871270847273,13.801376807271371,United-States,<=50K
23,Federal-gov,223997.92298416732,Masters,9,Married-civ-spouse,Adm-clerical,Wife,White,Female,18329.389274266727,15.720771342561692,35.33796875606178,United-States,>50K
17,State-gov,577018.6757962203,Bachelors,16,Never-married,Prof-specialty,Not-in-family,White,Male,32526.693735871177,813.7963630758791,24.761007173803822,United-States,<=50K
26,Private,214935.82634843566,Assoc-voc,10,Never-married,Adm-clerical,Not-in-family,White,Female,1868.152702915917,896.760722826041,40.1692283141766,United-States,<=50K
11,Private,682018.9912448181,1st-4th,2,Married-civ-spouse,Handlers-cleaners,Husband,White,Male,43826.76860790501,1220.8873931170824,43.23870697335478,Mexico,<=50K
32,Private,122302.20441162416,Assoc-acdm,9,Divorced,Other-service,Unmarried,White,Female,12789.330801677681,3037.7700294127594,17.79955177172654,United-States,<=50K
0,Private,336545.3619662244,Bachelors,12,Never-married,Sales,Own-child,White,Male,26736.404342974925,355.60096082936894,5.1356718197460145,United-States,<=50K
87,State-gov,712374.6597240868,10th,8,Widowed,Other-service,Not-in-family,White,Female,2429.323785606072,1605.4426862371558,8.10844233767435,United-States,<=50K
24,Private,177456.85435248745,Assoc-voc,10,Never-married,Sales,Not-in-family,White,Male,49733.51434273641,848.8172817402608,46.76315088022101,United-States,<=50K
32,Private,346629.2688904434,Some-college,11,Married-civ-spouse,Craft-repair,Husband,White,Male,33098.16480693682,824.0638552788668,8.553364627384365,United-States,>50K
78,Private,271644.49929179787,Masters,9,Married-civ-spouse,Prof-specialty,Husband,White,Male,32678.05413622843,572.7710399219304,74.30146550301689,United-States,>50K
30,Private,33186.70907919317,HS-grad,13,Divorced,Sales,Own-child,White,Male,987.0784548240011,919.6373756375426,49.685693161446196,United-States,<=50K
16,Private,52819.76135902862,HS-grad,11,Married-civ-spouse,Handlers-cleaners,Husband,White,Male,34487.14254399711,521.7656329361848,38.748021668010814,Mexico,>50K
48,Private,384201.1618736785,HS-grad,8,Married-civ-spouse,Sales,Husband,White,Male,20838.569871194602,1665.1644044988666,12.659424516355223,United-States,>50K
75,Private,926057.2617567473,12th,13,Divorced,Handlers-cleaners,Not-in-family,Black,Male,19012.498019499264,1981.8806906907625,22.569065411194824,United-States,<=50K
15,Private,747903.2237233211,HS-grad,10,Never-married,Sales,Own-child,White,Male,27363.84559525391,1758.8982202512598,32.24115865824282,United-States,<=50K
14,Private,290347.76333604415,Some-college,13,Married-civ-spouse,Other-service,Husband,Black,Male,23719.579718217698,1491.146552444415,11.331980625615358,United-States,<=50K
38,Federal-gov,34307.205745444524,Bachelors,11,Married-civ-spouse,Exec-managerial,Husband,White,Male,7656.2783426727565,620.0261894787805,85.98369443602724,United-States,>50K
32,Private,700864.1126662218,HS-grad,14,Married-civ-spouse,Handlers-cleaners,Husband,Black,Male,34759.25386503084,1618.0947710616483,17.908710253700338,United-States,<=50K
59,Private,633185.0862919406,Some-college,10,Never-married,Sales,Unmarried,White,Female,31515.251852476762,1761.585237737703,32.47079376843109,United-States,<=50K
14,Private,493458.0671597756,Bachelors,14,Married-civ-spouse,Transport-moving,Husband,White,Male,15055.672179612235,899.3046430458527,87.01871264097855,United-States,>50K
63,Private,597890.1972712628,11th,7,Married-civ-spouse,Craft-repair,Husband,White,Male,33082.89797224806,1858.8838469469135,6.683723856312309,United-States,<=50K
18,Self-emp-inc,115102.96595452083,Some-college,9,Married-civ-spouse,Exec-managerial,Husband,White,Male,33123.817052961895,397.28283586775603,58.21241944087096,United-States,>50K
13,State-gov,225339.23846357214,11th,2,Divorced,Transport-moving,Unmarried,White,Female,13498.722488284686,630.7385618564198,69.5384953345013,United-States,<=50K
51,Private,626232.7601255344,HS-grad,15,Married-civ-spouse,Prof-specialty,Husband,White,Male,30281.414029031745,1387.1523213962992,15.766989367731254,United-States,<=50K
64,Self-emp-inc,527509.1442518894,Some-college,9,Separated,Exec-managerial,Not-in-family,White,Female,6858.107567228957,1345.4146634796784,37.56137672412646,United-States,<=50K
42,Local-gov,115984.01844390688,Prof-school,11,Married-civ-spouse,Prof-specialty,Husband,White,Male,41532.22069718425,592.7081361236371,37.86896480024236,United-States,>50K
30,Local-gov,534498.0107869226,Bachelors,12,Married-civ-spouse,Prof-specialty,Husband,White,Male,5245.659387886397,1356.3577334401555,27.093520786236258,United-States,<=50K
41,Private,344763.5528680859,HS-grad,10,Married-civ-spouse,Machine-op-inspct,Husband,White,Male,35937.95184269614,409.0054058608564,68.61023891338697,United-States,<=50K
73,Private,17369.768393576785,HS-grad,15,Divorced,Craft-repair,Not-in-family,White,Female,5886.669554577746,42.243175203958046,35.57478242452036,United-States,<=50K
14,Private,71996.5876979492,Assoc-acdm,12,Divorced,Other-service,Unmarried,White,Female,5700.570627936054,2286.0986533019086,24.254889457439123,United-States,<=50K
25,Private,202480.0486500494,Some-college,13,Never-married,Prof-specialty,Own-child,White,Female,5313.132283465596,1165.166300164171,8.112341716823458,United-States,<=50K
45,Local-gov,630073.8405174714,HS-grad,13,Divorced,Adm-clerical,Unmarried,White,Female,9932.233761983256,404.9720887522429,43.643609056636556,United-States,<=50K
13,Private,418758.69026498205,Bachelors,13,Married-AF-spouse,Prof-specialty,Husband,Asian-Pac-Islander,Male,9987.369432624851,222.75165829394354,1.5812889646799726,United-States,<=50K
19,Private,550521.4361623372,HS-grad,13,Never-married,Other-service,Not-in-family,Black,Female,13149.564283728787,586.306999432559,46.43390377661692,United-States,<=50K
26,Private,403226.9796080751,HS-grad,11,Never-married,Handlers-cleaners,Unmarried,Black,Female,26157.043806575235,1557.696762136157,22.992210557447375,United-States,<=50K
74,Private,95598.38175387515,Some-college,15,Married-civ-spouse,Machine-op-inspct,Husband,White,Male,10083.55866251448,1583.6391994347312,34.24617685726838,United-States,<=50K
21,Private,226241.76270938193,HS-grad,13,Never-married,Other-service,Own-child,White,Female,35171.48579393779,507.06126454807094,48.12637341754449,United-States,<=50K
20,Private,235878.3042469725,12th,15,Never-married,Sales,Own-child,White,Female,14767.412374430147,328.1890848731301,34.4609392347758,United-States,<=50K
10,Private,48752.7698534772,Some-college,14,Never-married,Exec-managerial,Own-child,White,Male,1970.2656785746185,1075.0162668603332,3.0098631364915596,United-States,<=50K
21,Private,323513.85208690504,Bachelors,10,Married-civ-spouse,Exec-managerial,Husband,White,Male,24817.48749104795,744.686195725868,45.96789491201471,United-States,<=50K
86,Private,599749.9723712277,Masters,13,Married-civ-spouse,Sales,Husband,White,Male,10384.595366588614,678.6140203722548,32.23378341151458,United-States,>50K
36,Private,351049.3786596521,HS-grad,9,Married-civ-spouse,Sales,Husband,White,Male,46655.75067042155,1741.2290025167608,96.85299913859163,United-States,<=50K
53,Self-emp-inc,95355.45620849273,HS-grad,9,Married-civ-spouse,Craft-repair,Husband,White,Male,16530.015508026972,2173.5643857486757,22.157508052243234,United-States,<=50K
49,Local-gov,681901.3383046455,Bachelors,9,Married-civ-spouse,Craft-repair,Husband,White,Male,136.89858387010594,1009.9047695690689,45.98405880444668,United-States,<=50K
23,Local-gov,454156.33312582265,HS-grad,10,Never-married,Transport-moving,Own-child,White,Male,33581.320806694006,1723.723027669813,43.05942798671826,United-States,<=50K
28,Private,25628.751577851563,Some-college,9,Married-civ-spouse,Adm-clerical,Husband,White,Male,45343.54877346747,719.2815532440385,17.413402924284185,United-States,>50K
15,Self-emp-not-inc,394073.26947605674,HS-grad,14,Divorced,Sales,Own-child,Black,Male,41761.19064707943,1837.243839805875,14.087302970241765,United-States,<=50K
37,Private,192152.1831157202,Some-college,12,Divorced,Transport-moving,Not-in-family,White,Male,33450.76201411675,2072.68072289362,5.815562632023184,United-States,<=50K
79,Private,119516.89198721173,HS-grad,11,Divorced,Handlers-cleaners,Not-in-family,Asian-Pac-Islander,Male,7457.150061091972,122.05151410732255,33.06282079685229,United-States,<=50K
30,Private,330465.1775677292,Bachelors,9,Never-married,Exec-managerial,Own-child,Asian-Pac-Islander,Female,4504.088637459436,1689.3720395318762,20.166534420805576,United-States,<=50K
10,Private,467500.59563923185,Bachelors,11,Never-married,Exec-managerial,Own-child,White,Female,25585.01149555946,155.4758651634458,38.884399750003695,United-States,<=50K
54,Self-emp-not-inc,191137.6244036473,HS-grad,9,Married-civ-spouse,Craft-repair,Husband,White,Male,36177.819063115494,1023.9796794320116,37.70545467621126,United-States,<=50K
1,Private,321108.00695212703,11th,5,Never-married,Craft-repair,Own-child,White,Female,5064.473284408572,418.59481399381417,36.981359332223256,United-States,<=50K
11,Federal-gov,504099.6452565936,Bachelors,14,Married-civ-spouse,Prof-specialty,Husband,White,Male,12794.477191481868,1832.8725691338855,29.84749026413535,Japan,>50K
21,Private,76713.9675161634,Assoc-voc,13,Separated,Prof-specialty,Own-child,White,Female,11557.89874444405,1779.9720768710642,10.55135854689526,United-States,<=50K
38,Private,733229.5074616319,Some-college,16,Married-civ-spouse,Other-service,Husband,White,Male,49432.80220491483,1803.932959224854,17.53292355096481,United-States,<=50K
3,Private,63470.06671932899,Assoc-acdm,12,Divorced,Transport-moving,Unmarried,Black,Female,14800.960924432567,265.63226937260873,34.823638116326386,United-States,<=50K
19,State-gov,401962.70163593814,Some-college,12,Divorced,Adm-clerical,Not-in-family,White,Female,23213.635723128802,1673.0212711138913,9.815915967153172,United-States,<=50K
28,Private,388130.1668501297,Assoc-voc,9,Married-civ-spouse,Craft-repair,Wife,White,Female,4990.395848423344,542.2400211847558,27.833015214788325,United-States,>50K
9,Private,743329.3388646537,Assoc-voc,11,Married-civ-spouse,Transport-moving,Husband,White,Male,8735.003096365072,1679.7287753335347,33.96729112725952,United-States,<=50K
31,Private,422707.7258710261,5th-6th,4,Never-married,Priv-house-serv,Not-in-family,White,Female,1972.2062761746947,964.7689319872799,41.752785491419175,Mexico,<=50K
67,Private,301824.1206239096,Bachelors,8,Married-civ-spouse,Protective-serv,Wife,White,Female,14528.213578295354,1606.5342093415418,1.5861091401516583,Germany,>50K
11,Private,360665.12900644663,HS-grad,11,Separated,Craft-repair,Own-child,White,Male,40079.40433647102,72.98541504005911,5.78723921431563,United-States,<=50K
30,Private,482905.6386431757,HS-grad,8,Married-civ-spouse,Machine-op-inspct,Husband,White,Male,15635.198994584733,1003.6978357101456,6.0914569541027985,Portugal,<=50K
0,Private,737944.4857408899,Bachelors,9,Never-married,Prof-specialty,Not-in-family,White,Male,36926.64051951092,1679.229217847031,71.85116796362627,United-States,<=50K
79,Private,200801.04988760443,HS-grad,15,Married-civ-spouse,Machine-op-inspct,Husband,White,Male,4749.876017293849,1135.0410034847644,11.751399960646642,United-States,<=50K
35,Self-emp-not-inc,25486.14053132681,10th,8,Widowed,Transport-moving,Unmarried,White,Male,37909.821140059496,2139.0483243614276,14.881553935579277,United-States,<=50K
5,Private,595777.7601016732,HS-grad,12,Never-married,Handlers-cleaners,Not-in-family,White,Male,2294.431410127214,1029.81403699152,10.460897040874112,United-States,<=50K
19,Private,268112.7802864789,HS-grad,12,Never-married,Adm-clerical,Unmarried,Black,Female,42599.51025436187,1484.1813730860042,2.1613231699948305,United-States,<=50K
8,Private,554735.2290543121,HS-grad,13,Never-married,Adm-clerical,Own-child,White,Female,33167.419697028454,679.7741982421039,5.505122846269707,United-States,<=50K
43,Private,477430.8669679984,Bachelors,11,Never-married,Adm-clerical,Not-in-family,White,Male,8525.528561680589,703.6316245157697,46.98676791871183,United-States,>50K
68,Private,583210.2757169219,Masters,15,Married-civ-spouse,Exec-managerial,Husband,Asian-Pac-Islander,Male,17876.191448185098,1370.319745496663,33.17367040965245,United-States,>50K
2,Private,556393.7696825905,Some-college,12,Married-civ-spouse,Other-service,Husband,Black,Male,21885.506981838345,91.88092416532425,90.93749771732398,United-States,<=50K
11,Private,259041.6964267257,HS-grad,9,Married-civ-spouse,Sales,Husband,White,Male,31090.040763108693,2041.7027716710054,47.57395900316435,United-States,<=50K
83,Self-emp-not-inc,46231.866364349655,HS-grad,8,Married-civ-spouse,Farming-fishing,Husband,White,Male,43923.33763210498,1134.5773788543358,81.26606137281445,United-States,<=50K
21,Self-emp-not-inc,416698.03420360066,HS-grad,14,Married-civ-spouse,Craft-repair,Husband,White,Male,4647.519296213396,551.7151484498236,35.69568018564561,United-States,<=50K
81,Self-emp-inc,614230.8758053555,HS-grad,10,Married-civ-spouse,Exec-managerial,Other-relative,Asian-Pac-Islander,Female,40747.806994680046,1390.6965862275279,6.878878379113465,China,<=50K
75,Local-gov,142787.2662278423,7th-8th,3,Divorced,Other-service,Unmarried,White,Female,9143.379580471985,432.8200700656268,42.96560039095285,Columbia,<=50K
44,Private,588852.9647244109,Assoc-acdm,12,Divorced,Prof-specialty,Not-in-family,White,Female,20038.675325280507,1933.0176366228354,7.3654554070678575,United-States,<=50K
27,State-gov,356594.638809799,Some-college,9,Divorced,Adm-clerical,Unmarried,White,Female,48115.01535252263,1881.0463960026295,33.16333681664638,United-States,<=50K
88,Federal-gov,527004.9746935014,Bachelors,12,Separated,Adm-clerical,Unmarried,Black,Female,13591.51862096413,474.342806442014,45.09496354123492,United-States,<=50K
85,Local-gov,479999.8637205356,5th-6th,6,Widowed,Other-service,Other-relative,Asian-Pac-Islander,Female,19285.581630220833,245.95818439076533,28.73737141010763,Philippines,<=50K
28,Self-emp-not-inc,612745.7091510923,Assoc-voc,14,Married-civ-spouse,Farming-fishing,Husband,White,Male,42533.15356604018,1378.475727734,97.39110992888854,United-States,>50K
32,Private,60088.843973594405,Bachelors,12,Married-civ-spouse,Prof-specialty,Husband,White,Male,39994.554897899034,706.7903760583508,44.90407988750494,United-States,>50K
68,Private,586672.9054225906,Some-college,9,Married-civ-spouse,Sales,Husband,White,Male,32441.99977037125,364.51085625724704,84.08702804914778,United-States,<=50K
37,Private,351467.3146843078,HS-grad,9,Married-civ-spouse,Machine-op-inspct,Husband,White,Male,39845.07939699183,601.3458954801392,13.413451205446288,United-States,<=50K
70,Private,230185.84045448652,Bachelors,14,Married-civ-spouse,Exec-managerial,Husband,White,Male,5652.771290604117,260.5968113993888,23.880823287095232,United-States,>50K
40,Self-emp-inc,45840.91948558208,HS-grad,15,Married-civ-spouse,Sales,Husband,White,Male,34808.145591252985,1718.7551532644673,46.87292093567546,United-States,<=50K
33,Private,160791.2965863157,11th,4,Never-married,Machine-op-inspct,Own-child,White,Male,2932.2904600610364,19.449226126987185,81.3002448843326,United-States,<=50K
21,Private,44437.6104422583,HS-grad,15,Divorced,Other-service,Not-in-family,White,Male,47122.878166501,91.46155772794579,46.2120741513902,United-States,<=50K
12,Private,702743.5336282906,11th,1,Married-civ-spouse,Sales,Husband,White,Male,7969.690176409505,1706.4090732668083,63.542794545729436,United-States,>50K
56,Private,394079.0730193416,Bachelors,14,Married-civ-spouse,Exec-managerial,Husband,White,Male,20801.177817686512,1035.139538342874,21.922186545423063,United-States,<=50K
74,Self-emp-not-inc,743913.6160013815,HS-grad,12,Never-married,Other-service,Not-in-family,White,Male,29537.21977436543,1298.550354403052,45.26618315064445,Haiti,<=50K
34,Self-emp-not-inc,414495.1908055242,HS-grad,16,Never-married,Exec-managerial,Not-in-family,White,Male,40112.83806986277,808.906288674443,87.72414494854108,United-States,<=50K
68,Self-emp-not-inc,200552.56316893362,Bachelors,9,Widowed,Prof-specialty,Unmarried,White,Female,33919.31761589215,194.8872281887909,16.846802261542475,United-States,>50K
28,Private,569762.692165466,HS-grad,15,Never-married,Machine-op-inspct,Not-in-family,White,Male,9062.937396584837,343.46723759788296,8.936335550664612,United-States,<=50K
12,Private,154613.09283917944,HS-grad,14,Never-married,Adm-clerical,Own-child,White,Female,18987.349080404823,199.07258091857588,4.625855941974267,United-States,<=50K
3,Private,277101.00819001824,Assoc-acdm,10,Divorced,Adm-clerical,Unmarried,White,Female,17929.766441897416,1347.4085016778358,39.078191563911595,United-States,<=50K
58,Self-emp-inc,590107.5785014859,11th,8,Divorced,Machine-op-inspct,Unmarried,Black,Male,1440.7970704462914,2027.3886526815697,19.75715111971595,United-States,<=50K
12,Private,652844.2009014,Some-college,12,Never-married,Handlers-cleaners,Own-child,White,Male,34222.86443700695,2171.4074182981403,17.300082108393084,United-States,<=50K
14,Private,258603.1123570494,HS-grad,11,Married-civ-spouse,Other-service,Wife,Black,Female,41926.40455911731,1361.5382151960878,3.942873743576492,United-States,<=50K
69,State-gov,105411.0677380979,Bachelors,15,Married-civ-spouse,Exec-managerial,Husband,White,Male,48671.74228897835,130.1902366453222,47.82467926164897,United-States,>50K
51,Self-emp-not-inc,285257.23134936753,Bachelors,12,Married-civ-spouse,Exec-managerial,Husband,White,Male,6532.701149756019,1403.8841248991664,13.968577770281913,United-States,<=50K
10,Private,670336.8764337873,Some-college,16,Married-civ-spouse,Craft-repair,Husband,White,Male,46019.439082912315,1527.4926889701003,22.588166806105715,United-States,>50K
31,Local-gov,562390.5483717864,Masters,14,Married-civ-spouse,Exec-managerial,Husband,White,Male,5646.817499948684,1723.8134802274333,25.094367533860183,United-States,>50K
77,Private,674140.6366995389,Bachelors,10,Married-civ-spouse,Exec-managerial,Husband,White,Male,20564.007544626846,274.0522027948631,46.50072861338248,United-States,>50K
3,Private,299011.3757011812,HS-grad,14,Never-married,Adm-clerical,Own-child,White,Female,2298.59328282081,506.7653460045064,30.90479236274278,United-States,<=50K
18,Private,732542.0757319772,7th-8th,5,Never-married,Priv-house-serv,Own-child,White,Female,13080.512554990879,2138.0896984792294,9.743666333173776,United-States,<=50K
24,Private,379915.2574491705,Bachelors,11,Married-civ-spouse,Prof-specialty,Husband,White,Male,15711.74012472111,1717.4876565638106,25.110807428606545,United-States,>50K
19,Private,380890.13928048906,HS-grad,14,Married-civ-spouse,Sales,Husband,White,Male,35228.05653994291,1648.0872055326254,8.04975741722416,United-States,<=50K
9,Private,696052.7613225478,9th,5,Never-married,Craft-repair,Not-in-family,White,Male,33896.10708654771,1754.434270205584,38.666658842052705,El-Salvador,<=50K
19,Private,396953.33114629204,Some-college,9,Married-civ-spouse,Transport-moving,Husband,Black,Male,38376.05215013637,955.529760054389,11.700938411685437,United-States,<=50K
86,Private,605103.0097341895,7th-8th,2,Married-civ-spouse,Transport-moving,Husband,White,Male,28832.162081664912,420.27842133124517,32.52357018147585,United-States,<=50K
26,Private,1288862.1122861167,HS-grad,10,Never-married,Other-service,Not-in-family,White,Male,28250.328778256728,1501.1864570586438,45.71785191921519,United-States,<=50K
31,Private,71775.96332968448,12th,10,Never-married,Handlers-cleaners,Own-child,White,Male,48894.28892976115,780.0888090114396,36.054615569791316,United-States,<=50K
39,Private,458376.04833437665,Some-college,8,Never-married,Craft-repair,Not-in-family,White,Male,33491.882988536665,293.446674451354,6.061068681688486,Mexico,<=50K
34,Self-emp-inc,620753.2072413475,HS-grad,11,Married-civ-spouse,Other-service,Husband,White,Male,16914.862938100276,1957.2881104201529,4.573055665569036,United-States,<=50K
17,Private,416299.75061673654,Some-college,10,Divorced,Other-service,Not-in-family,White,Female,26154.897209646086,1056.9880460279537,28.99588343240106,United-States,<=50K
45,Private,250691.86401077983,HS-grad,12,Divorced,Sales,Not-in-family,Asian-Pac-Islander,Female,35028.658924785566,952.8750090714989,62.27922116283045,United-States,<=50K
16,Private,72619.20765897454,Some-college,11,Never-married,Protective-serv,Own-child,White,Male,4762.05930151551,641.8883910482735,22.848220563825027,Honduras,<=50K
79,Private,501550.4427626468,9th,6,Never-married,Handlers-cleaners,Other-relative,Black,Male,33085.33228566673,1518.148273940536,44.92910725166922,United-States,<=50K
83,Private,239825.09091364054,Some-college,10,Married-spouse-absent,Sales,Not-in-family,White,Female,12428.725454037954,413.33177128640085,57.29385949664116,United-States,<=50K
88,Private,458500.35148417234,Some-college,10,Married-civ-spouse,Machine-op-inspct,Husband,White,Male,17287.301498131455,406.4730156511481,32.376428194660804,United-States,>50K
64,Private,328159.1184847764,HS-grad,15,Never-married,Farming-fishing,Unmarried,White,Male,33814.44027008788,757.2136709017822,46.71179245303531,United-States,<=50K
79,Private,522851.5818558031,HS-grad,16,Married-civ-spouse,Transport-moving,Husband,White,Male,19243.63843202701,1595.1724492472686,33.56568598846873,United-States,<=50K
25,Private,273093.27635436266,Some-college,13,Married-civ-spouse,Craft-repair,Husband,White,Male,41951.23154497875,599.6566801053842,14.055387574648604,United-States,>50K
72,Private,44769.33942732955,Bachelors,9,Never-married,Sales,Not-in-family,White,Male,27916.932662991043,1810.6794144058592,35.302704767597554,United-States,<=50K
55,Private,655974.432069093,HS-grad,16,Never-married,Craft-repair,Not-in-family,Black,Male,49389.08734226148,1991.7243763081844,94.32625962924352,Columbia,<=50K
55,Private,273840.83293454,Bachelors,14,Married-civ-spouse,Sales,Husband,White,Male,2728.2784783261786,1207.745235541671,29.157372334461535,Vietnam,<=50K
20,Private,750580.3015278991,9th,7,Divorced,Other-service,Other-relative,White,Female,32169.614128482368,150.01319856060522,26.253767145221506,United-States,<=50K
1,Private,216238.5038687189,Assoc-acdm,16,Divorced,Prof-specialty,Not-in-family,White,Female,7846.29020140041,337.6454912480621,47.05564258827672,United-States,<=50K
60,Private,737197.0644301322,Some-college,15,Married-civ-spouse,Sales,Husband,White,Male,42441.85431601265,643.9750561169803,25.0432932408812,Mexico,<=50K
76,Private,713475.7799969635,11th,2,Divorced,Other-service,Unmarried,Black,Female,42593.13163672759,573.5747076542508,22.36682570570502,United-States,<=50K
18,Private,68906.44845016616,HS-grad,15,Married-civ-spouse,Sales,Husband,Amer-Indian-Eskimo,Male,43470.34702282109,799.571475855887,42.358408530508,United-States,<=50K
52,Private,484265.6836500732,HS-grad,10,Married-civ-spouse,Sales,Husband,White,Male,3743.2246912280007,1.5677869614153492,39.26591481120517,Mexico,>50K
66,Private,281780.5576737405,9th,6,Never-married,Other-service,Unmarried,Black,Female,24582.15223323949,1389.6207640020245,39.48370354946616,United-States,<=50K
6,Private,605064.5275377866,HS-grad,15,Married-civ-spouse,Exec-managerial,Wife,White,Female,12044.470388953208,825.5568947338055,76.46630713393164,United-States,>50K
28,Self-emp-inc,515205.480983189,Some-college,14,Divorced,Craft-repair,Not-in-family,White,Male,48506.76736664562,404.09368383159256,50.16206065443731,United-States,<=50K
1,Self-emp-not-inc,717083.1408402615,HS-grad,13,Married-civ-spouse,Sales,Husband,White,Male,2517.510550969934,40.77184764878422,47.75361195038113,United-States,<=50K
18,Federal-gov,118928.0695301983,Masters,12,Never-married,Exec-managerial,Own-child,White,Female,11135.214805178366,1866.1741899919193,90.08085630991805,United-States,<=50K
70,Private,462156.6407488989,Assoc-voc,13,Divorced,Prof-specialty,Unmarried,White,Female,32165.54408250518,1690.1640846639107,24.621250740729113,United-States,>50K
1,Private,590454.9493049418,Some-college,10,Separated,Sales,Unmarried,White,Female,20163.648034589412,520.077123794494,28.79495039008483,United-States,<=50K
29,Private,39189.43548979655,12th,11,Married-civ-spouse,Craft-repair,Husband,White,Male,11749.882499564363,1570.3457595255848,46.8170671879386,United-States,>50K
6,Private,63140.7458866665,Assoc-acdm,12,Married-civ-spouse,Craft-repair,Husband,White,Male,22954.500190114388,1433.7543510532478,18.586998003263368,United-States,<=50K
21,Private,588389.7916276387,HS-grad,13,Married-civ-spouse,Transport-moving,Husband,White,Male,40062.66375569224,1173.8473040304357,34.40995104490649,United-States,<=50K
47,State-gov,284008.7262798663,Some-college,15,Married-civ-spouse,Exec-managerial,Husband,White,Male,22404.70523397586,843.9550499136423,69.63012512553139,United-States,>50K
62,Private,296212.36434468464,HS-grad,9,Married-civ-spouse,Prof-specialty,Husband,White,Male,42829.03291428877,1141.4239564691652,80.98135380337963,United-States,>50K
55,Federal-gov,432376.07465974294,Some-college,12,Separated,Transport-moving,Not-in-family,White,Female,22353.182461629945,1083.662069542474,47.98237045635764,United-States,<=50K
60,Private,460326.69674713176,Some-college,10,Married-civ-spouse,Craft-repair,Husband,White,Male,5935.283249255615,1201.0968841887893,5.442681766319368,United-States,<=50K
34,Private,514948.09217592416,Some-college,15,Divorced,Adm-clerical,Unmarried,White,Female,24868.418716651016,1335.1994698394474,27.1966885314417,United-States,<=50K
17,Private,714154.5304802672,HS-grad,11,Never-married,Prof-specialty,Not-in-family,White,Female,32668.32347041702,702.6228869300652,97.0853505780032,United-States,<=50K
34,Private,288206.7673851903,Some-college,16,Separated,Other-service,Not-in-family,White,Female,5132.114752346882,1395.8887590718894,53.94238244904501,United-States,<=50K
37,Self-emp-inc,576994.7805375482,Bachelors,11,Married-civ-spouse,Exec-managerial,Husband,White,Male,20616.721214503636,240.5908839378222,72.52232833402009,United-States,>50K
11,Private,437306.8328977786,Masters,8,Married-civ-spouse,Adm-clerical,Husband,White,Male,27856.272004735954,1139.5307743628669,38.55889639413338,Japan,>50K
4,Private,404473.76735999924,Bachelors,14,Married-civ-spouse,Exec-managerial,Husband,White,Male,8.485689059082869,145.22869826366653,81.74183601850945,United-States,>50K
1,Self-emp-not-inc,307421.8333697705,Bachelors,14,Never-married,Protective-serv,Own-child,White,Male,4544.731897803156,1819.0511335024787,9.654296920964853,United-States,<=50K
24,Private,493162.7242635158,HS-grad,14,Never-married,Sales,Own-child,White,Female,30209.861701451842,282.648352049852,2.9272279471765055,United-States,<=50K
45,Private,197818.72367343208,HS-grad,12,Never-married,Machine-op-inspct,Not-in-family,White,Male,30952.998154242243,1902.4672695704865,19.82402008306958,United-States,<=50K
16,Private,97268.58175785691,Some-college,13,Divorced,Sales,Unmarried,White,Female,15229.745606203374,440.1281244841675,10.359154884849836,United-States,<=50K
74,Federal-gov,556754.0426820213,HS-grad,11,Never-married,Adm-clerical,Unmarried,Black,Female,25416.632847103083,1057.1364856015223,35.09823165174671,United-States,<=50K
80,Private,382013.00862722896,Masters,9,Married-civ-spouse,Prof-specialty,Husband,White,Male,10342.459016870493,215.0853117205033,93.92657419466698,United-States,>50K
29,Private,299264.3787395143,HS-grad,12,Divorced,Craft-repair,Not-in-family,White,Male,33573.382801772415,1243.6645309905343,31.900235814998197,United-States,<=50K
79,Private,428261.4599513044,10th,3,Married-civ-spouse,Craft-repair,Husband,Black,Male,47517.281322103285,1821.4603689489381,18.603794953515184,United-States,<=50K
43,Private,206802.03393274263,9th,4,Never-married,Craft-repair,Not-in-family,White,Male,18166.942207251763,1432.9525005446612,5.15826174896578,Mexico,<=50K
54,Private,205704.0226573462,Prof-school,10,Divorced,Tech-support,Unmarried,White,Male,2713.733527671739,1145.2389277741886,32.00677218631806,United-States,>50K
1,Private,343044.1649483769,HS-grad,10,Divorced,Craft-repair,Not-in-family,White,Male,11145.794260758532,1527.4619389897239,86.03088496836841,United-States,<=50K
52,Private,749261.8025311317,HS-grad,15,Never-married,Handlers-cleaners,Not-in-family,White,Male,22722.771900187916,557.4341190674043,7.857204636553047,United-States,<=50K
6,Self-emp-not-inc,224377.38764371554,Assoc-acdm,11,Divorced,Exec-managerial,Unmarried,White,Female,28007.262179880854,797.919055765377,59.46154322656143,United-States,<=50K
75,Private,690269.5166668405,10th,5,Married-civ-spouse,Machine-op-inspct,Husband,White,Male,30987.588604869376,1319.7669935782762,36.267212702503755,United-States,<=50K
70,Self-emp-not-inc,376220.74898626277,HS-grad,13,Married-civ-spouse,Farming-fishing,Husband,White,Male,23656.447487838897,154.3634869493657,79.05432599548826,United-States,<=50K
10,Private,104054.09475467491,Bachelors,12,Married-civ-spouse,Prof-specialty,Husband,White,Male,32858.03173795377,2025.9996381701133,24.97239497340924,United-States,>50K
31,Private,643264.9854394646,Assoc-voc,11,Never-married,Machine-op-inspct,Not-in-family,White,Male,35795.31705740762,454.6315676288462,4.086638911397898,United-States,<=50K
35,Federal-gov,347304.7290902047,Bachelors,13,Never-married,Adm-clerical,Not-in-family,White,Female,5701.110906107737,1070.281182110781,27.48705031370352,United-States,<=50K
8,Private,677125.1250002149,Some-college,8,Separated,Sales,Unmarried,White,Female,37965.617893980314,1937.91323420603,16.078813101981005,United-States,<=50K
27,Private,342186.1407254369,Bachelors,9,Divorced,Other-service,Not-in-family,White,Female,11087.24451745559,174.14591744119525,27.16306229146375,China,<=50K
34,Private,78321.42393175307,Some-college,14,Never-married,Other-service,Not-in-family,White,Female,17067.685050284646,1744.6214489457057,41.87826432121639,United-States,<=50K
5,Self-emp-inc,517065.389949124,HS-grad,12,Married-civ-spouse,Other-service,Husband,White,Male,41493.77933977724,132.20501008702018,23.016056599930916,Mexico,<=50K
82,Private,637870.5262367427,HS-grad,9,Married-civ-spouse,Sales,Husband,White,Male,48221.20195587527,1215.3673192657072,49.79584777209532,United-States,<=50K
88,State-gov,249492.86865831134,10th,7,Widowed,Other-service,Not-in-family,White,Female,14599.03219863217,2043.4951220702965,2.815091316588001,United-States,<=50K
5,Federal-gov,270049.598600872,Some-college,12,Never-married,Adm-clerical,Own-child,White,Male,26098.993337663494,905.9460755018423,3.7466682012990935,United-States,<=50K
1,Private,61446.522138816006,Some-college,8,Married-civ-spouse,Adm-clerical,Husband,White,Male,35104.45161497264,803.8315215697553,39.60114806390991,United-States,<=50K
14,Self-emp-not-inc,413860.6103824614,9th,8,Married-civ-spouse,Craft-repair,Husband,White,Male,2288.882603696786,1542.9687836839068,3.0979121392211657,United-States,<=50K
75,Private,671699.4461609587,Assoc-acdm,10,Married-civ-spouse,Sales,Husband,White,Male,8207.686307585689,1793.8943805521783,6.791168327422663,United-States,>50K
43,Private,642183.7118268488,Bachelors,14,Married-civ-spouse,Tech-support,Husband,White,Male,7022.389141518783,578.9464519337369,40.54808158456271,United-States,<=50K
18,Private,539130.2800905422,9th,2,Divorced,Exec-managerial,Unmarried,White,Female,35842.44720433781,88.54256565351874,33.698504497355685,United-States,<=50K
32,Private,698278.4543650575,HS-grad,13,Separated,Exec-managerial,Not-in-family,White,Male,36077.59399301807,153.30534629111165,72.46014787304699,United-States,<=50K
3,Private,484404.1324624881,Bachelors,9,Never-married,Adm-clerical,Not-in-family,White,Male,5348.02179522319,661.9041074346246,34.22581334888787,United-States,<=50K
76,Private,599600.2694358777,Some-college,15,Married-civ-spouse,Sales,Husband,White,Male,30542.282881051116,2057.346383811759,43.838514255669025,United-States,>50K
28,Private,389184.7150469431,12th,10,Never-married,Adm-clerical,Not-in-family,White,Female,9377.076254879901,2092.157931562058,8.298727849956775,United-States,<=50K
5,Private,103112.5904025068,Assoc-voc,13,Married-civ-spouse,Transport-moving,Husband,White,Male,46510.34784952769,211.525726843389,78.38793990326148,United-States,<=50K
80,Private,161906.75901764675,10th,3,Married-civ-spouse,Craft-repair,Husband,Black,Male,19644.628047513714,1579.4244696584135,46.3159747759226,United-States,<=50K
38,State-gov,116046.18166421933,11th,4,Never-married,Adm-clerical,Own-child,White,Female,22852.0718916453,1157.9577699545853,2.80700570372884,United-States,<=50K
27,Private,597146.1482457255,Some-college,15,Never-married,Prof-specialty,Own-child,White,Female,39070.62947223591,412.64477974633974,7.937933139173987,United-States,<=50K
50,Private,32901.544732671035,Bachelors,9,Never-married,Exec-managerial,Not-in-family,White,Female,35839.03732950991,1146.0462234666722,33.03774481217628,United-States,<=50K
89,Self-emp-inc,422611.346430097,HS-grad,11,Married-civ-spouse,Exec-managerial,Husband,White,Male,5388.233481500956,541.8058772796411,24.089762154607207,United-States,>50K
35,Private,285915.92580903845,Assoc-acdm,10,Divorced,Adm-clerical,Unmarried,White,Female,20723.31002124395,1361.9579666082732,45.98293471560055,United-States,<=50K
61,Local-gov,606959.2164247119,Masters,14,Married-civ-spouse,Prof-specialty,Husband,White,Male,46330.86321360026,389.6396079677815,52.24428298243467,United-States,<=50K
64,Private,420857.8849457061,Some-college,10,Never-married,Adm-clerical,Own-child,White,Female,41872.893141204506,1631.7453116747172,35.36354374729495,United-States,<=50K
17,Private,465387.71617057413,HS-grad,13,Never-married,Farming-fishing,Unmarried,White,Male,29440.26098934112,904.2720593439343,56.39634894359033,United-States,<=50K
68,Private,77158.16728779633,Assoc-acdm,14,Married-civ-spouse,Prof-specialty,Wife,White,Female,38606.87260927462,229.8098881763612,9.440201438966474,United-States,>50K
15,Private,241888.967521763,Some-college,8,Never-married,Protective-serv,Own-child,White,Male,22525.004595649723,1390.9237251561556,3.4479418719444777,El-Salvador,<=50K
38,Local-gov,751646.9585735238,Some-college,12,Never-married,Prof-specialty,Not-in-family,White,Male,32922.505521662635,779.6442108679174,16.059529410423497,United-States,<=50K
37,State-gov,544344.1758249414,Masters,9,Never-married,Prof-specialty,Not-in-family,White,Female,47809.037986126736,999.0934503089994,39.89115812456101,United-States,<=50K
5,Private,401694.05909205443,Masters,10,Never-married,Prof-specialty,Not-in-family,White,Male,6731.733403524424,1448.897848696778,23.35304505340806,United-States,<=50K
88,Private,581484.6388823972,HS-grad,13,Married-civ-spouse,Craft-repair,Husband,White,Male,24941.18269080951,1922.7907141948865,9.363780006261583,United-States,>50K
74,Private,621490.2729245691,7th-8th,1,Married-civ-spouse,Machine-op-inspct,Wife,Black,Female,26517.952193780453,363.3106965719263,29.961081975206156,United-States,<=50K
37,Local-gov,67953.5089521561,Bachelors,14,Married-civ-spouse,Prof-specialty,Husband,White,Male,2428.5559957924447,392.90366107094854,41.07220871043242,United-States,>50K
77,Self-emp-inc,731549.7022552665,Masters,15,Never-married,Exec-managerial,Not-in-family,White,Female,46764.946387442214,874.5915241332417,6.210228812655835,United-States,>50K
20,Local-gov,487829.50068673084,9th,8,Divorced,Farming-fishing,Unmarried,White,Female,41940.38612589049,735.1030320830972,25.360031330241952,Mexico,<=50K
78,Self-emp-not-inc,345777.4662203221,Bachelors,11,Married-civ-spouse,Sales,Husband,White,Male,24146.356710814547,344.508320948744,89.15958589438944,United-States,<=50K
43,Private,515721.20458114566,HS-grad,9,Married-civ-spouse,Exec-managerial,Own-child,Asian-Pac-Islander,Female,25416.390787144628,2174.588319932047,11.808053687903246,United-States,<=50K
12,Private,267900.3178690314,1st-4th,1,Married-civ-spouse,Handlers-cleaners,Husband,White,Male,46057.655121033036,964.8805062562709,40.41822301543814,Mexico,<=50K
36,Private,661825.1858268532,Bachelors,11,Never-married,Adm-clerical,Own-child,Black,Female,8860.033323888027,767.3618359387834,21.884361732973247,Philippines,>50K
24,Private,589680.2808523641,Masters,14,Married-civ-spouse,Exec-managerial,Wife,Amer-Indian-Eskimo,Female,28927.430008015977,2864.4075815981414,89.76453045725003,United-States,>50K
22,Private,485950.38631652977,Some-college,9,Never-married,Adm-clerical,Own-child,White,Female,36524.367839808016,2159.4063935662803,49.12744488685199,United-States,<=50K
65,Federal-gov,147863.40603947203,Bachelors,11,Separated,Adm-clerical,Unmarried,Black,Female,6419.024911687864,707.0966485745612,34.241494027513426,United-States,<=50K
78,Private,727033.9692180969,Some-college,15,Married-civ-spouse,Craft-repair,Husband,White,Male,19370.08525824369,809.6050980842386,65.88751210957258,United-States,>50K
57,Private,332960.7041257603,HS-grad,9,Married-civ-spouse,Craft-repair,Husband,White,Male,30027.00081725966,1664.3935532957205,97.81681020200499,United-States,<=50K
38,Private,686011.1193298127,Assoc-voc,14,Separated,Prof-specialty,Own-child,White,Female,44134.351830002124,937.8208224130087,29.222383512171763,United-States,<=50K
37,Private,54411.84074702755,Bachelors,14,Never-married,Sales,Own-child,White,Female,25205.253912598542,1580.9398149138397,56.729140697106004,United-States,<=50K
4,Private,105179.2761803611,Some-college,9,Divorced,Other-service,Unmarried,White,Female,19232.939605865835,1325.124320419831,41.98492752216702,United-States,<=50K
85,Local-gov,126486.88352785989,Assoc-acdm,16,Married-civ-spouse,Prof-specialty,Husband,White,Male,48974.54825987205,1226.5291627077306,39.86198182738095,United-States,>50K
11,Private,135083.6792731817,Bachelors,9,Never-married,Sales,Own-child,White,Male,45795.05412973411,465.9354803032231,38.44716623599634,United-States,<=50K
66,Private,251762.1223330862,Some-college,12,Married-civ-spouse,Prof-specialty,Husband,White,Male,38118.351625761505,1667.7125023634724,30.061177399001526,United-States,>50K
27,Private,537301.1505947518,Assoc-acdm,8,Divorced,Exec-managerial,Own-child,White,Female,13679.657199865584,2017.147997406808,17.439682655765655,United-States,<=50K
17,Private,269014.12924768555,Some-college,13,Never-married,Prof-specialty,Not-in-family,Black,Male,48179.195087218795,553.4061190046266,6.916528988039303,United-States,<=50K
1,Self-emp-inc,708306.3629804115,HS-grad,12,Married-civ-spouse,Exec-managerial,Husband,White,Male,48524.097249780076,2094.4775673250465,7.9206033283468615,United-States,>50K
83,Private,674353.6229802266,9th,6,Divorced,Handlers-cleaners,Not-in-family,White,Male,22642.058881215296,974.6545404381872,21.342561887461628,United-States,<=50K
53,Local-gov,638175.1290456236,7th-8th,5,Divorced,Other-service,Unmarried,White,Female,6668.5248648891675,864.8632433595216,35.11849349831372,Columbia,<=50K
10,Private,198552.49283899314,HS-grad,9,Divorced,Handlers-cleaners,Own-child,White,Male,20637.06726764456,1581.9103202186209,28.116978765169527,United-States,<=50K
81,Self-emp-not-inc,482452.4493636465,HS-grad,11,Married-civ-spouse,Exec-managerial,Husband,White,Male,35000.36423771381,2140.879194226877,71.49439939065714,United-States,>50K
60,Federal-gov,420263.0466291864,11th,6,Widowed,Adm-clerical,Not-in-family,White,Female,37420.96908046286,1297.5714363866055,46.35810099927563,United-States,<=50K
85,Self-emp-not-inc,105924.5051176418,Some-college,15,Married-civ-spouse,Exec-managerial,Husband,White,Male,14945.507291203736,1127.353183554237,51.9942458237348,United-States,<=50K
32,Private,237114.04167952397,Some-college,9,Never-married,Priv-house-serv,Not-in-family,White,Female,35074.364773214045,2163.6513568097866,5.898424683224871,United-States,<=50K
12,Private,407440.9849945797,Some-college,9,Married-civ-spouse,Prof-specialty,Husband,Asian-Pac-Islander,Male,43034.94695268483,657.4111222647643,42.520968802105905,United-States,>50K
0,Private,384619.1490267644,HS-grad,14,Never-married,Other-service,Not-in-family,Black,Female,35593.361882579055,654.1273686439621,31.0096337603809,United-States,<=50K
43,Private,138021.8561892011,Assoc-voc,13,Married-civ-spouse,Adm-clerical,Wife,White,Female,46775.136117088055,483.26924018475455,39.10542024470813,United-States,<=50K
4,Private,708825.4466195161,HS-grad,11,Divorced,Sales,Own-child,White,Female,31628.84793372094,1863.759086756873,1.7658859871455994,United-States,<=50K
32,Private,127357.37315428094,Some-college,16,Separated,Sales,Unmarried,Black,Female,10044.353671726058,47.265587034651794,24.86140626635706,United-States,<=50K
67,Private,499935.9252817269,Assoc-voc,11,Married-civ-spouse,Craft-repair,Husband,Asian-Pac-Islander,Male,31208.067376474806,1790.1851510898152,1.3111293491272307,India,>50K
34,Local-gov,545646.150383578,Assoc-acdm,9,Never-married,Prof-specialty,Own-child,Black,Female,14528.829484214793,1502.208382554732,9.791229951237968,United-States,<=50K
31,Private,460359.2470662186,Bachelors,10,Divorced,Exec-managerial,Not-in-family,White,Male,17264.506398138605,601.0346438275732,5.367920761036284,United-States,<=50K
29,Private,635661.6516575485,11th,2,Never-married,Sales,Own-child,Black,Female,33618.349465709325,1205.8783478554285,32.936033800935704,United-States,<=50K
22,Private,429697.99199792807,9th,5,Never-married,Farming-fishing,Own-child,White,Male,49066.284143995246,1211.6716802337417,44.45884195642803,United-States,<=50K
36,Private,622891.0225524207,Some-college,13,Married-civ-spouse,Craft-repair,Husband,White,Male,32503.994347154992,2016.6590965611529,21.39488986865932,United-States,>50K
49,Private,34444.51563287777,Some-college,13,Never-married,Sales,Not-in-family,White,Male,47915.84347703342,336.9688043844503,40.563178359119554,United-States,<=50K
10,Private,47063.45048770464,Bachelors,14,Divorced,Sales,Unmarried,White,Female,25194.420005442964,82.18966158245068,38.85557271782019,United-States,<=50K
76,Federal-gov,487176.075557534,Assoc-voc,14,Divorced,Craft-repair,Not-in-family,Amer-Indian-Eskimo,Female,34715.25153037945,774.6182306557988,83.92555821104145,United-States,<=50K
14,Private,439411.0229693965,HS-grad,15,Married-civ-spouse,Exec-managerial,Wife,White,Female,16118.908679994052,301.45304539162095,60.10185071089346,United-States,>50K
26,Private,494321.53639415116,Some-college,13,Married-civ-spouse,Handlers-cleaners,Husband,Black,Male,5770.204911555129,799.5065410107671,32.35145948288245,United-States,<=50K
66,Self-emp-not-inc,579855.9420626536,Some-college,10,Married-civ-spouse,Exec-managerial,Husband,White,Male,17611.71400424264,1267.9351284517968,75.63125634245975,United-States,<=50K
69,Private,321122.1767432588,9th,5,Married-civ-spouse,Other-service,Wife,White,Female,24018.255934570145,507.4612555511225,21.18953490051205,United-States,<=50K
19,Private,485357.60185140924,Some-college,12,Separated,Sales,Unmarried,White,Female,28531.624393557835,1766.5196877126298,46.96639091188384,United-States,<=50K
79,Private,381270.1976597555,HS-grad,14,Married-civ-spouse,Tech-support,Husband,White,Male,33357.52832399179,200.16935415954163,30.916361442893777,Philippines,<=50K
60,Private,476623.7720606616,HS-grad,10,Never-married,Adm-clerical,Not-in-family,White,Female,20873.68791730953,870.7605851845698,2.8434393869141203,United-States,<=50K
77,Local-gov,227401.193651773,Some-college,8,Married-civ-spouse,Craft-repair,Husband,White,Male,37393.06223446766,1999.1465676842508,9.820022882094522,United-States,<=50K
12,Private,719934.1446035102,HS-grad,15,Never-married,Prof-specialty,Own-child,White,Female,42069.04442619438,1599.231247545369,25.494494110274616,United-States,<=50K
11,State-gov,370124.5327609112,Assoc-voc,16,Married-civ-spouse,Protective-serv,Husband,White,Male,14296.256047278066,1575.9583872495537,47.56460514152823,United-States,<=50K
50,State-gov,607717.1862332249,Masters,12,Divorced,Prof-specialty,Unmarried,White,Female,42364.63092048174,1726.9453352165017,31.732391048205614,United-States,<=50K
54,Self-emp-not-inc,519326.2266443122,Some-college,9,Divorced,Transport-moving,Not-in-family,Amer-Indian-Eskimo,Male,40414.834813945134,376.5816250850706,39.34656848578742,United-States,<=50K
5,Private,233133.23209277893,Some-college,12,Never-married,Other-service,Not-in-family,White,Male,26136.23794546701,1798.3860222702806,18.044824775461166,United-States,<=50K
24,Private,67379.22257652463,HS-grad,13,Widowed,Adm-clerical,Not-in-family,White,Female,1263.5944266529768,1501.9381300866805,1.2239320228085617,United-States,<=50K
34,Private,57735.01882273805,9th,5,Divorced,Exec-managerial,Unmarried,White,Female,7266.26291828396,1255.0343017496484,12.546311359131636,United-States,<=50K
8,Private,338120.4398382272,HS-grad,16,Never-married,Machine-op-inspct,Not-in-family,White,Female,33512.373811257705,1976.8739885963716,6.757883312877805,United-States,<=50K
10,Private,371089.18403229985,Some-college,16,Married-civ-spouse,Craft-repair,Husband,White,Male,9995.020912027208,1296.4135591747654,26.979752025475964,Cambodia,>50K
22,Self-emp-not-inc,164153.61045794602,HS-grad,15,Married-civ-spouse,Craft-repair,Husband,Black,Male,37508.87584099335,654.2565068706522,5.688508893006488,United-States,<=50K
78,Self-emp-not-inc,461482.6977209502,Bachelors,9,Married-civ-spouse,Craft-repair,Husband,White,Male,8046.689249464329,1591.6592303407717,18.733163925065263,United-States,<=50K
44,Private,244319.79689889468,HS-grad,15,Divorced,Handlers-cleaners,Not-in-family,Black,Male,14330.634100181418,1255.1458902285056,38.295283722522285,United-States,<=50K
24,Federal-gov,543969.94596282,Some-college,13,Never-married,Adm-clerical,Other-relative,Black,Female,12527.925092405421,170.9237683199757,27.446418493013805,Jamaica,<=50K
13,Private,555664.7457344368,HS-grad,11,Never-married,Machine-op-inspct,Own-child,Black,Male,41968.67103235133,121.79965981718965,60.74453054924744,United-States,<=50K
50,Private,649136.4888507446,12th,13,Married-civ-spouse,Craft-repair,Husband,White,Male,34529.39722077532,1679.0234749935614,38.74623287243208,United-States,<=50K
54,Private,733760.926255255,Bachelors,14,Married-civ-spouse,Adm-clerical,Husband,Asian-Pac-Islander,Male,14756.88072779732,757.7919907434886,33.30703076122199,Philippines,>50K
10,Private,110056.78767846599,Bachelors,16,Never-married,Sales,Own-child,White,Female,37679.32060528423,1779.7346227013688,14.544902612271768,United-States,<=50K
53,Self-emp-inc,287118.8914110298,Doctorate,14,Married-civ-spouse,Exec-managerial,Wife,White,Female,1615.3030089247366,907.1842900818284,10.492230657646628,United-States,>50K
46,Private,428245.5868742462,Assoc-acdm,8,Divorced,Craft-repair,Not-in-family,Black,Male,40700.90386461466,1890.1361291597577,40.03403561049441,United-States,<=50K
24,Private,249144.4027779571,HS-grad,9,Never-married,Machine-op-inspct,Not-in-family,White,Male,5123.949076895661,1894.3950277560168,34.5769439663388,United-States,<=50K
12,Private,357960.5330214261,9th,3,Divorced,Other-service,Other-relative,White,Female,43401.33466503369,493.7910882267662,48.4601180528308,United-States,<=50K
89,Private,211007.5278873888,Assoc-voc,8,Married-civ-spouse,Prof-specialty,Husband,White,Male,36974.25426240241,1421.7530609232442,24.246229152219197,United-States,>50K
25,Private,196568.69047651926,Bachelors,8,Married-civ-spouse,Adm-clerical,Wife,Asian-Pac-Islander,Female,43241.64183948753,1311.8129595414296,9.63986705115601,Philippines,>50K
31,Private,84982.95207996423,Assoc-acdm,14,Married-civ-spouse,Craft-repair,Husband,White,Male,37120.26558727509,24.904081736550463,33.836989121220846,United-States,>50K
51,Local-gov,227800.21591804366,Bachelors,12,Married-civ-spouse,Prof-specialty,Husband,White,Male,28063.247004264136,1693.2177503177352,3.1126644659590164,Ireland,<=50K
39,Private,297168.981148595,Assoc-acdm,13,Never-married,Other-service,Not-in-family,White,Female,11879.654830573942,833.0566036395034,81.59818099324004,United-States,>50K
22,Private,467919.9351526593,Some-college,12,Never-married,Sales,Not-in-family,White,Female,39214.96648995789,663.8182296909908,63.96816148064954,United-States,<=50K
39,Private,196828.18162860876,HS-grad,11,Married-civ-spouse,Exec-managerial,Own-child,White,Female,39940.688213602276,89.69494521224064,22.298910471183856,United-States,<=50K
71,Private,652481.7858756708,Bachelors,14,Married-civ-spouse,Sales,Husband,White,Male,14381.78890603376,1175.9669507174215,66.38043683189264,Vietnam,>50K
21,Federal-gov,131422.8542986659,Assoc-voc,9,Never-married,Prof-specialty,Not-in-family,White,Female,33224.346182796886,325.7852817463821,40.45253005336151,United-States,>50K
20,Private,255288.2916139256,Bachelors,12,Married-civ-spouse,Exec-managerial,Husband,White,Male,46323.777316033396,1094.230707554073,38.16199302080447,United-States,>50K
53,Local-gov,440087.30388067785,Bachelors,13,Married-civ-spouse,Prof-specialty,Husband,White,Male,19377.538654775195,480.89624675858107,3.122556650017452,United-States,>50K
2,Self-emp-not-inc,244417.58417042898,HS-grad,10,Married-civ-spouse,Machine-op-inspct,Wife,White,Female,47834.62014960633,110.03215520961233,37.28042735584357,United-States,>50K
42,Private,577022.0319566207,Assoc-acdm,10,Married-civ-spouse,Prof-specialty,Husband,White,Male,48790.64819144529,1593.3781332244423,46.31820594020688,United-States,>50K
21,Private,381438.1825963079,Assoc-voc,12,Widowed,Prof-specialty,Unmarried,White,Female,15632.54271774126,855.6985304424586,9.618492802562077,United-States,>50K
37,Private,393592.6164298466,Bachelors,10,Married-civ-spouse,Prof-specialty,Wife,White,Female,27605.95381435441,970.552161959454,39.489108886004956,United-States,<=50K
18,Self-emp-inc,381803.1017050813,HS-grad,14,Married-civ-spouse,Sales,Husband,White,Male,648.255401113078,1296.1979126401623,24.768008405195786,Mexico,>50K
48,Private,241334.95313502153,Bachelors,12,Married-civ-spouse,Sales,Husband,White,Male,12566.9307480511,1099.3005158320118,55.687189187646766,United-States,>50K
73,State-gov,30606.630123057286,9th,4,Married-civ-spouse,Farming-fishing,Husband,White,Male,31027.774499744646,483.70249811378034,44.85887957013914,United-States,<=50K
2,Private,711502.9450961446,HS-grad,13,Never-married,Prof-specialty,Own-child,White,Female,39045.85418134783,631.1474375032644,36.348750947387686,United-States,<=50K
7,State-gov,386739.4854977562,Some-college,15,Never-married,Other-service,Own-child,White,Female,43505.469557020595,858.8341956464276,30.04262645101791,United-States,<=50K
25,Private,727345.6090779976,Bachelors,13,Married-civ-spouse,Exec-managerial,Husband,White,Male,41498.759106016245,287.9077408177724,65.97264340172892,United-States,<=50K
59,Private,172366.25939219285,Masters,9,Married-civ-spouse,Sales,Husband,White,Male,45573.863110498394,179.78325532683303,59.73881838178076,United-States,>50K
45,Local-gov,274088.78994633106,HS-grad,14,Never-married,Transport-moving,Own-child,White,Male,35231.101130104944,1244.5976061321508,34.165774747880285,United-States,<=50K
5,State-gov,50813.76395908528,12th,14,Married-civ-spouse,Tech-support,Wife,White,Female,32381.295461307254,107.39957159665175,16.958562987097338,United-States,>50K
34,Private,378948.60416998056,Some-college,15,Never-married,Other-service,Own-child,White,Female,37755.00770657489,869.4386504132394,39.16978866902374,United-States,<=50K
72,Private,665059.1156820036,Some-college,8,Married-civ-spouse,Sales,Husband,Black,Male,27330.483527493714,185.30203470581668,65.98047901065141,United-States,<=50K
36,Private,496632.9412812853,Bachelors,9,Married-civ-spouse,Exec-managerial,Wife,White,Female,30169.04717094343,1092.9707457894208,5.80514255627095,United-States,>50K
55,Private,360998.7442171576,HS-grad,11,Married-civ-spouse,Adm-clerical,Husband,White,Male,38806.94918274405,1685.391147419527,37.149645434447955,United-States,<=50K
24,Private,409813.4305754053,HS-grad,12,Married-civ-spouse,Craft-repair,Husband,White,Male,48214.00901138997,283.95713092168927,43.624428844435776,United-States,<=50K
20,Private,639089.821914268,Bachelors,13,Married-civ-spouse,Adm-clerical,Wife,Asian-Pac-Islander,Female,14708.739001363674,293.7485233951299,19.40108700600931,Philippines,>50K
20,Private,331712.33498576866,Some-college,10,Married-civ-spouse,Craft-repair,Husband,Asian-Pac-Islander,Male,8871.206211463916,1218.1470741888909,11.812475156806078,United-States,<=50K
39,Private,665144.9643197586,Some-college,14,Married-civ-spouse,Adm-clerical,Husband,White,Male,34132.60125565091,1062.5614753738369,24.078522731881737,United-States,>50K
90,Private,550723.2394199964,HS-grad,14,Married-civ-spouse,Craft-repair,Husband,White,Male,9348.735588325417,1420.5971000966297,24.73597807930878,United-States,>50K
59,Private,577565.0829224779,HS-grad,9,Married-civ-spouse,Tech-support,Husband,Asian-Pac-Islander,Male,8689.66969519933,427.10427625643484,44.63395335046491,United-States,>50K
28,Private,283719.9017160045,HS-grad,14,Divorced,Handlers-cleaners,Own-child,White,Male,25692.085715302306,1341.6411122801717,8.102122326136325,United-States,<=50K
27,Private,309303.10036483104,Some-college,14,Never-married,Protective-serv,Own-child,White,Male,18859.722753518756,1602.2843685285127,46.46646870570066,Honduras,<=50K
78,Private,434618.7610505216,Bachelors,9,Married-civ-spouse,Farming-fishing,Husband,White,Male,21425.176466129513,536.3234406244923,72.29455275628699,United-States,<=50K
43,Private,157235.9863001937,Bachelors,16,Never-married,Prof-specialty,Not-in-family,White,Male,27829.65273045635,156.04058918288285,68.97918489054418,United-States,<=50K
54,Self-emp-not-inc,422021.68305509596,Some-college,12,Widowed,Transport-moving,Not-in-family,Amer-Indian-Eskimo,Male,6503.261472503556,1691.809195568287,7.683826114455381,United-States,<=50K
54,Private,67791.81472460052,HS-grad,14,Married-civ-spouse,Tech-support,Husband,White,Male,29199.010891167716,704.390554438228,85.27123959000104,United-States,>50K
30,Private,385861.512503147,7th-8th,6,Never-married,Priv-house-serv,Own-child,White,Female,12750.679898547034,2012.7727401894904,31.969034728191186,United-States,<=50K
7,Private,577969.2761220199,HS-grad,9,Married-civ-spouse,Exec-managerial,Wife,White,Female,16527.974155719083,195.13714362002935,97.80223867457383,United-States,>50K
8,Private,220052.85327414,HS-grad,9,Never-married,Machine-op-inspct,Not-in-family,White,Male,35484.10997116754,1463.0661714135235,10.908333647688295,United-States,<=50K
3,Private,743889.9842361751,HS-grad,14,Widowed,Adm-clerical,Not-in-family,White,Female,7740.207487065412,922.471431952364,7.23337647000428,United-States,<=50K
0,Private,515935.0973903332,Some-college,10,Divorced,Machine-op-inspct,Unmarried,Black,Female,7685.092326789703,758.61451221173,83.9183159460472,United-States,<=50K
20,Private,101228.47275896359,Bachelors,15,Never-married,Prof-specialty,Not-in-family,White,Female,16131.340179661052,698.5681542931143,3.9229342620790266,United-States,<=50K
72,Private,733545.8053735705,HS-grad,14,Divorced,Exec-managerial,Unmarried,White,Female,2542.7466320407416,1293.4644306114515,7.688573468061936,United-States,>50K
13,Private,304371.77227929083,Some-college,8,Married-civ-spouse,Adm-clerical,Wife,White,Female,46618.62708762676,52.72247647021599,42.73091696062073,United-States,>50K
55,Private,600487.037886823,7th-8th,7,Widowed,Other-service,Not-in-family,Other,Female,30780.12600062845,663.8954499560442,23.47036732355481,United-States,<=50K
32,Private,263890.89609117166,9th,3,Never-married,Transport-moving,Unmarried,White,Male,33094.17960314147,2151.1058751470023,9.388864519124024,United-States,<=50K
32,Private,706862.3250624648,HS-grad,9,Married-civ-spouse,Machine-op-inspct,Husband,White,Male,24527.301782213253,1342.1293259219085,17.835224403238474,Portugal,<=50K
65,Local-gov,570999.0513403028,5th-6th,6,Widowed,Other-service,Other-relative,Asian-Pac-Islander,Female,28633.563189251225,2156.5666989869605,44.43403962599422,Philippines,<=50K
31,Private,160487.08886393288,5th-6th,5,Married-civ-spouse,Machine-op-inspct,Other-relative,White,Female,17904.100365392886,963.1336092001998,30.57816315950913,Mexico,<=50K
42,Private,389455.55859655066,Masters,9,Married-civ-spouse,Exec-managerial,Wife,Amer-Indian-Eskimo,Female,39201.180412800786,2495.5926389644246,88.68780128608424,United-States,>50K
35,Private,382776.52820335625,HS-grad,12,Never-married,Machine-op-inspct,Own-child,White,Male,15892.791339106787,97.74330592853093,32.26196148012017,United-States,<=50K
28,Private,46946.4418427212,Some-college,11,Never-married,Adm-clerical,Own-child,White,Female,10997.990790370159,1781.9784420470917,30.964876431027996,United-States,<=50K
30,Private,114687.05820642972,HS-grad,12,Never-married,Craft-repair,Own-child,White,Male,9193.36294221918,434.91439523333605,9.326838719308007,United-States,<=50K
87,Self-emp-not-inc,259427.24103057236,Some-college,13,Married-civ-spouse,Exec-managerial,Husband,White,Male,3408.7893669867417,814.1816813182,97.53665625367333,United-States,>50K
19,Private,363330.26283592964,Assoc-voc,11,Married-civ-spouse,Transport-moving,Husband,White,Male,25256.764952640566,1650.3441784876893,91.89519706558744,United-States,<=50K
25,Private,350957.0295566754,Assoc-acdm,10,Married-civ-spouse,Sales,Husband,White,Male,20796.354222899197,1857.3203082002985,54.2372422827267,United-States,<=50K
29,Self-emp-not-inc,461187.50781117874,Some-college,9,Never-married,Prof-specialty,Other-relative,Asian-Pac-Islander,Female,26851.529108719165,244.74565142995706,42.99171442215644,South,<=50K
41,Private,394169.26992706826,HS-grad,13,Divorced,Sales,Own-child,White,Female,4597.231724176353,118.78379310190073,24.971456529555862,United-States,<=50K
37,Local-gov,255679.69205058337,Masters,14,Married-civ-spouse,Exec-managerial,Husband,White,Male,11059.793456032088,2066.7933129261683,49.787552532596045,United-States,>50K
48,Private,466214.60627269576,Some-college,10,Married-civ-spouse,Prof-specialty,Husband,White,Male,10667.583832404704,2018.4172759476353,29.98746269345999,United-States,>50K
7,Private,133492.2857860094,Doctorate,12,Married-civ-spouse,Prof-specialty,Husband,White,Male,16594.009803441622,1892.1426218827414,91.01246228572266,United-States,<=50K
14,Private,745016.1538649742,Bachelors,8,Divorced,Other-service,Own-child,White,Female,18039.710834224305,1786.2517571045316,14.67937303863979,United-States,<=50K
34,Private,559445.3390930203,Some-college,15,Never-married,Handlers-cleaners,Own-child,White,Male,10922.155066582844,29.911111486293535,36.77086997760391,United-States,<=50K
26,Private,234462.79717740673,HS-grad,10,Married-civ-spouse,Craft-repair,Husband,White,Male,37632.40814988107,1511.086000172224,37.07276409683619,United-States,>50K
13,Self-emp-inc,261888.3212352155,Some-college,12,Never-married,Craft-repair,Not-in-family,White,Male,26524.679530893427,242.3634672652713,62.08605467635199,United-States,<=50K
6,State-gov,625145.610217768,Some-college,11,Married-spouse-absent,Tech-support,Unmarried,White,Male,49831.05581467564,980.2341008503175,17.037501419173086,United-States,<=50K
31,Private,406600.4767311604,HS-grad,9,Married-civ-spouse,Craft-repair,Husband,White,Male,41184.008202059646,49.545394799317975,29.39388447178843,Poland,>50K
31,Private,536863.7450214748,Masters,15,Married-civ-spouse,Exec-managerial,Husband,White,Male,49056.169314166014,455.2227805685122,93.69930877869206,United-States,>50K
87,Federal-gov,234873.5416926021,HS-grad,15,Married-civ-spouse,Prof-specialty,Husband,White,Male,440.18041290372304,1171.7758873214157,29.996809969591833,United-States,>50K
23,State-gov,615884.988904235,Some-college,12,Divorced,Adm-clerical,Unmarried,Black,Female,33446.58893048533,443.87934656524607,8.29951538722203,United-States,<=50K
22,Private,285507.29812661704,HS-grad,15,Married-spouse-absent,Craft-repair,Not-in-family,White,Female,22283.13948061148,1139.6730898341052,29.11133845906211,United-States,<=50K
4,Private,511067.025747269,Assoc-voc,14,Separated,Adm-clerical,Unmarried,Black,Female,45224.37067615536,563.3571314609536,50.24880148076132,United-States,<=50K
2,Private,737101.6207163768,Some-college,11,Never-married,Machine-op-inspct,Own-child,White,Male,30684.748002491186,1052.0313474907387,49.02901802336414,United-States,<=50K
19,Private,444529.18145680364,Some-college,11,Never-married,Exec-managerial,Own-child,White,Male,31056.274315332885,1589.77356488432,2.9628753108710137,United-States,<=50K
15,Private,601858.7793659728,Assoc-voc,11,Married-civ-spouse,Transport-moving,Husband,White,Male,47944.36135528864,307.85468277234526,24.061978891047378,United-States,<=50K
11,Self-emp-not-inc,549110.5660557677,Bachelors,14,Never-married,Protective-serv,Own-child,White,Male,34127.22676274602,1521.8888953139747,38.66171315093786,United-States,<=50K
4,Private,521580.5864052916,HS-grad,10,Married-civ-spouse,Other-service,Husband,White,Male,16046.69005684882,40.050180347631134,2.6474071656106735,United-States,<=50K
88,Private,33169.69817166247,HS-grad,9,Never-married,Sales,Not-in-family,White,Male,45796.16354871862,1269.7847665649335,27.024964588297063,United-States,<=50K
38,Private,363955.04195196927,11th,4,Never-married,Transport-moving,Not-in-family,Black,Male,47248.911027756665,1445.1647288752229,73.48419762161456,United-States,<=50K
26,Self-emp-not-inc,727629.2238710356,HS-grad,12,Married-civ-spouse,Machine-op-inspct,Wife,White,Female,19293.603801234804,94.70381233382162,40.10285820913331,United-States,>50K
88,Private,591630.5840884988,10th,7,Married-civ-spouse,Craft-repair,Husband,Black,Male,27011.595528471604,370.95619126349453,41.24327471704752,United-States,<=50K
90,Private,586651.9521364174,HS-grad,9,Married-civ-spouse,Adm-clerical,Husband,White,Male,14141.308299472732,618.5814924025237,23.169627042628576,United-States,>50K
75,Private,440048.4301634893,HS-grad,14,Never-married,Adm-clerical,Not-in-family,Black,Female,45566.34066346759,1718.8525410371653,12.785063133176298,United-States,<=50K
12,Private,546212.7985256569,7th-8th,8,Married-civ-spouse,Machine-op-inspct,Husband,White,Male,41105.04215746619,1345.9272829804645,28.36586135551971,United-States,<=50K
2,Private,444397.09802893794,Bachelors,16,Never-married,Adm-clerical,Not-in-family,White,Male,18747.714629077876,115.61967157337556,1.608726583159207,United-States,>50K
79,Private,139407.3140450676,10th,1,Divorced,Adm-clerical,Own-child,Black,Male,40140.435467045936,1426.062644813913,36.85752791109894,United-States,<=50K
21,Private,477998.2054247584,1st-4th,4,Married-civ-spouse,Other-service,Own-child,Asian-Pac-Islander,Female,22277.622100137116,18.151833691075336,47.54676088454066,Vietnam,<=50K
74,Private,471138.3845155015,7th-8th,3,Widowed,Other-service,Not-in-family,Other,Female,2192.561119694632,846.4691306821406,7.5028880876442665,United-States,<=50K
86,Private,634655.22809393,Some-college,15,Married-civ-spouse,Prof-specialty,Husband,Asian-Pac-Islander,Male,44913.63130448821,590.914005636975,15.493730982497757,United-States,>50K
8,Self-emp-not-inc,122617.56289721324,Assoc-voc,11,Married-civ-spouse,Farming-fishing,Husband,White,Male,9625.523140489888,1855.8366536813094,81.73436972460621,United-States,>50K
26,Private,516177.498557754,HS-grad,12,Married-civ-spouse,Sales,Husband,White,Male,25694.478059021614,1437.6986131113565,54.44574574217631,United-States,>50K
74,Local-gov,36805.37185952665,Prof-school,8,Married-civ-spouse,Prof-specialty,Husband,White,Male,47410.11687651108,1882.4067918135786,73.50936461823244,United-States,>50K
22,Private,713697.9011863505,Some-college,10,Never-married,Handlers-cleaners,Not-in-family,Black,Male,8369.656763270139,41.552589528674915,15.936993508997102,United-States,<=50K
4,Private,94644.78731095378,9th,5,Divorced,Exec-managerial,Unmarried,White,Female,47813.332185566716,1889.21994453706,35.46191990751668,United-States,<=50K
61,Private,27476.374784728076,HS-grad,10,Married-civ-spouse,Machine-op-inspct,Husband,White,Male,26898.47256079707,1414.4174732703534,43.03818345031633,United-States,<=50K
15,Self-emp-not-inc,245139.46917052555,Assoc-voc,13,Married-civ-spouse,Farming-fishing,Husband,White,Male,366.52564554914784,503.4852546601655,86.61704813390483,United-States,<=50K
30,State-gov,125317.01828326311,Bachelors,12,Never-married,Prof-specialty,Not-in-family,White,Male,3273.5583692749447,829.1672200530828,2.1962602126942423,United-States,<=50K
84,State-gov,523394.6796763288,Doctorate,13,Never-married,Prof-specialty,Not-in-family,White,Male,33516.421139589766,2127.0608050801025,23.287199085386625,United-States,<=50K
15,Private,316536.83942398883,Some-college,12,Divorced,Exec-managerial,Not-in-family,White,Female,38678.72652733065,216.93688439304637,38.81991538250872,United-States,<=50K
76,Private,585773.3961586535,Assoc-acdm,14,Married-civ-spouse,Prof-specialty,Wife,White,Female,43247.1103102037,687.0631011545222,43.8357528630913,United-States,>50K
13,Private,693254.3775353949,Some-college,10,Married-civ-spouse,Sales,Husband,White,Male,21210.260492331057,1887.831039760245,20.86265824036554,United-States,<=50K
43,Private,658027.7284171386,11th,7,Married-civ-spouse,Sales,Husband,White,Male,5196.28849527892,1157.7390851654784,88.70307692666381,United-States,<=50K
37,Private,556873.9763174428,Bachelors,14,Married-civ-spouse,Exec-managerial,Husband,White,Male,26887.44182410105,406.0170697953564,19.15060256953341,United-States,>50K
25,Private,59483.86478250133,9th,3,Married-civ-spouse,Craft-repair,Husband,White,Male,35136.79194194393,1090.4174922084183,23.750493582272533,Portugal,<=50K
20,Private,115459.56395803162,5th-6th,1,Married-spouse-absent,Other-service,Unmarried,Asian-Pac-Islander,Female,48810.70795499072,997.4940789578663,32.036712840697305,Philippines,<=50K
14,Self-emp-not-inc,166604.31140283553,Masters,11,Divorced,Prof-specialty,Not-in-family,White,Male,38759.94941978283,2017.5902412515723,43.15874989880581,United-States,<=50K
15,Private,253526.12889505786,HS-grad,10,Married-civ-spouse,Exec-managerial,Wife,White,Female,32327.734685337608,46.801861990844564,4.464231005751221,United-States,<=50K
89,Self-emp-not-inc,502516.0291562599,Some-college,11,Married-civ-spouse,Sales,Husband,White,Male,46987.08569985992,538.8200803749583,44.778287573507285,United-States,>50K
18,Private,401532.70435996173,HS-grad,15,Never-married,Machine-op-inspct,Own-child,Black,Male,37344.16783830027,1153.066662476451,17.312400780730666,United-States,<=50K
23,Private,245183.86154833602,Assoc-voc,15,Married-civ-spouse,Handlers-cleaners,Husband,Black,Male,7687.651983593667,726.5146642258295,2.602994594968174,United-States,<=50K
44,Private,141379.25362713909,HS-grad,16,Divorced,Other-service,Own-child,White,Male,22961.032150384453,856.8248032278044,21.869210398878995,United-States,<=50K
30,Local-gov,687053.7351309792,HS-grad,8,Separated,Adm-clerical,Unmarried,White,Female,16585.602915676656,341.9574357868336,14.219679647719067,United-States,<=50K
24,Self-emp-inc,266284.75551523,Some-college,13,Married-civ-spouse,Exec-managerial,Husband,Asian-Pac-Islander,Male,4376.001136260963,755.286628532634,47.35867918292106,United-States,>50K
19,Private,275116.64391271654,Some-college,15,Divorced,Machine-op-inspct,Unmarried,Black,Female,2713.376410536606,766.4666931779202,76.57932021607637,United-States,<=50K
8,Self-emp-not-inc,583570.9440637742,Bachelors,14,Married-civ-spouse,Prof-specialty,Husband,Asian-Pac-Islander,Male,39710.34224140103,1361.7530532067005,88.9294589098556,United-States,>50K
16,Local-gov,545861.6260103845,Some-college,9,Never-married,Protective-serv,Other-relative,Black,Male,27903.93122378788,514.4539797103093,39.59690036288346,Trinadad&Tobago,<=50K
34,Private,488546.17813100235,HS-grad,12,Never-married,Machine-op-inspct,Own-child,Black,Male,28747.827231992447,2130.6160140586217,53.96699303688336,United-States,<=50K
28,Private,525471.9870447614,HS-grad,10,Never-married,Machine-op-inspct,Own-child,Black,Male,11382.167924265363,1091.7256824438487,93.16151514983952,United-States,<=50K
34,Private,464005.4908654744,Some-college,12,Married-civ-spouse,Adm-clerical,Husband,White,Male,12932.268625579287,1768.3026492972456,37.05227847158849,United-States,>50K
9,Private,155470.24475568256,HS-grad,8,Divorced,Craft-repair,Unmarried,White,Male,19401.436165936717,1362.975768172932,52.68577208535438,United-States,<=50K
25,Private,195535.0417067214,HS-grad,16,Separated,Other-service,Not-in-family,Black,Male,31510.54812265708,1913.7591031883474,47.32078925959916,United-States,<=50K
42,Private,425613.3196353308,12th,14,Divorced,Machine-op-inspct,Unmarried,Asian-Pac-Islander,Female,21651.035219446225,1939.2957434795426,34.05799536284458,South,<=50K
20,Self-emp-not-inc,179545.96367394747,HS-grad,9,Married-civ-spouse,Exec-managerial,Husband,White,Male,844.5399697229117,1774.762112863418,44.51091739182596,United-States,>50K
31,Private,731941.744586766,Assoc-acdm,15,Never-married,Adm-clerical,Not-in-family,White,Male,33664.59996701947,64.17672683544248,6.437360642588096,United-States,<=50K
5,Private,233266.66618699374,HS-grad,15,Separated,Craft-repair,Own-child,Black,Male,26741.451085865076,1208.6579077778424,18.913952088373083,United-States,<=50K
44,Private,226908.2612821826,HS-grad,12,Married-civ-spouse,Prof-specialty,Wife,Black,Female,32070.816612708742,610.2621936002306,31.337539069375712,United-States,<=50K
27,Self-emp-not-inc,166557.1167215885,HS-grad,14,Married-civ-spouse,Sales,Husband,White,Male,30917.158770850652,330.42041771419514,18.912986054682857,United-States,<=50K
11,Private,534093.4003581873,HS-grad,11,Married-civ-spouse,Exec-managerial,Husband,White,Male,37797.65185446053,1954.0478360028555,9.588102756146041,United-States,>50K
7,Private,247612.00632185303,HS-grad,16,Never-married,Prof-specialty,Own-child,White,Female,29280.107861662804,1430.7973709922564,28.38073244347281,United-States,<=50K
25,Self-emp-not-inc,271067.09920165164,HS-grad,9,Married-civ-spouse,Exec-managerial,Husband,White,Male,35043.75112813441,191.2175473250425,4.283289793708563,United-States,<=50K
25,Private,702986.7765509968,Masters,9,Married-civ-spouse,Prof-specialty,Husband,White,Male,3629.435945226456,832.4471113989013,84.7575196616739,United-States,>50K
4,State-gov,600862.2667613472,Some-college,9,Married-civ-spouse,Exec-managerial,Husband,White,Male,46401.923484441606,2092.1992003222767,60.03091706173036,United-States,<=50K
45,Self-emp-not-inc,215427.81184718918,Some-college,15,Never-married,Exec-managerial,Not-in-family,White,Male,5306.724025727692,1333.9126007165298,98.08132949033048,United-States,<=50K
41,Private,103490.42087474637,Some-college,9,Married-civ-spouse,Adm-clerical,Husband,White,Male,39344.20143717967,1362.3925798777323,12.693002562538217,United-States,>50K
21,Private,513146.403887104,Some-college,13,Never-married,Tech-support,Own-child,White,Male,15067.384816888632,495.33813489192727,6.564326262495526,United-States,<=50K
5,State-gov,293878.6899664542,Bachelors,11,Never-married,Prof-specialty,Not-in-family,White,Female,4325.217819278917,523.5058401955146,24.44617978581505,United-States,<=50K
37,Private,737295.4694271092,Bachelors,16,Never-married,Prof-specialty,Not-in-family,White,Male,38263.32941390261,332.68765777975875,47.018248691123574,United-States,<=50K
67,Private,617826.1089432543,HS-grad,10,Married-civ-spouse,Machine-op-inspct,Wife,White,Female,21883.588635336513,2113.8299630013826,29.425849882404783,United-States,<=50K
32,Self-emp-not-inc,718426.7336068782,Doctorate,10,Married-civ-spouse,Prof-specialty,Husband,White,Male,19755.465354801767,1981.403687182765,47.99608282327158,Canada,>50K
68,Private,607663.7810485652,HS-grad,11,Widowed,Adm-clerical,Unmarried,White,Female,33035.82788377957,717.1821601710503,11.279904804419733,United-States,<=50K
12,Private,227977.92267479125,Some-college,14,Married-civ-spouse,Transport-moving,Husband,Black,Male,23699.14687455889,1180.9851101264335,37.50581901731647,United-States,<=50K
38,Self-emp-not-inc,225893.77628632807,Bachelors,14,Married-civ-spouse,Sales,Husband,White,Male,26673.121456635567,450.31734421167835,61.04642408864741,United-States,<=50K
44,Private,540852.49031834,Some-college,14,Married-civ-spouse,Other-service,Husband,White,Male,6819.004825747174,301.8196753672127,67.2828717976713,United-States,<=50K
56,Private,269265.5224379644,HS-grad,11,Divorced,Exec-managerial,Unmarried,White,Female,19549.4327751668,1179.0686348815107,14.100534764489028,United-States,<=50K
25,Private,340166.4093110351,Some-college,10,Never-married,Sales,Other-relative,White,Male,39873.83189936687,1742.6288188593958,34.331110207166724,United-States,<=50K
17,Private,202864.07946429474,HS-grad,9,Never-married,Prof-specialty,Not-in-family,White,Female,27285.95056980681,1878.7159269213885,63.58012136570021,United-States,<=50K
41,Self-emp-not-inc,367269.99809157406,HS-grad,10,Married-civ-spouse,Farming-fishing,Husband,White,Male,48006.233186889185,672.998506841234,53.10508982291724,United-States,<=50K
68,Self-emp-inc,162709.92818930928,HS-grad,14,Married-civ-spouse,Craft-repair,Husband,White,Male,7203.704835155427,1535.7870525959493,17.916102507472942,United-States,>50K
85,Self-emp-not-inc,411207.02207434946,Bachelors,13,Married-civ-spouse,Craft-repair,Husband,White,Male,33864.113630730375,1140.8483430670767,73.82511835225712,United-States,<=50K
39,Private,702487.2559980188,11th,2,Never-married,Other-service,Own-child,White,Male,45707.9887347727,294.5799315920474,26.807447356346483,United-States,<=50K
57,Self-emp-inc,527582.4816478489,11th,2,Divorced,Machine-op-inspct,Unmarried,Black,Male,39750.458603061845,2168.603672905315,7.012762278601736,United-States,<=50K
36,Private,114861.76256456075,Some-college,12,Married-civ-spouse,Prof-specialty,Husband,White,Male,36465.864168503926,2125.2421079514093,35.78143914836138,United-States,>50K
19,Self-emp-not-inc,468141.1687715195,9th,4,Married-civ-spouse,Craft-repair,Husband,White,Male,18656.33917975875,316.14191607589083,83.23710630419532,Portugal,<=50K
42,Private,446839.3289916127,HS-grad,12,Married-civ-spouse,Transport-moving,Husband,White,Male,47472.78044397387,2032.139223309091,27.10991779769293,United-States,<=50K
68,Federal-gov,192536.1082962299,HS-grad,16,Never-married,Adm-clerical,Unmarried,White,Female,27675.932626120062,1997.4701988267032,15.32095330318019,United-States,<=50K
37,State-gov,508133.5707111722,Assoc-acdm,10,Married-civ-spouse,Tech-support,Husband,White,Male,27753.209747140274,691.5067472137434,31.426612124138668,United-States,>50K
13,Private,405641.71225914446,Some-college,10,Never-married,Handlers-cleaners,Own-child,Black,Male,6161.696329095484,1213.8871692477928,40.19528949254764,United-States,<=50K
13,Private,484584.7220119021,Some-college,10,Married-civ-spouse,Adm-clerical,Wife,White,Female,251.48943878071879,2066.0542067508504,47.322900794207534,United-States,>50K
26,Private,52254.26781002865,HS-grad,9,Married-civ-spouse,Sales,Husband,White,Male,29832.446045222787,257.84751918201516,89.63099795524877,United-States,>50K
90,Private,318696.0469638008,Assoc-voc,9,Married-civ-spouse,Craft-repair,Husband,Asian-Pac-Islander,Male,26857.33385169877,691.7275492584705,47.10291846300204,India,>50K
22,Self-emp-not-inc,543227.9260702174,HS-grad,13,Married-civ-spouse,Craft-repair,Husband,White,Male,47348.49597174898,1915.8518288802259,4.2157519700327875,United-States,<=50K
7,Private,87739.78711245167,HS-grad,15,Married-civ-spouse,Craft-repair,Husband,White,Male,15234.405271899244,1583.579223440697,44.70325745131798,United-States,<=50K
24,Federal-gov,582667.2786669066,Masters,14,Married-civ-spouse,Adm-clerical,Wife,White,Female,37414.45518834631,1667.1174573756848,23.435831876681213,United-States,>50K
16,Self-emp-not-inc,17318.2598251308,Assoc-voc,8,Married-civ-spouse,Farming-fishing,Husband,White,Male,45176.86702553931,1916.9272784364784,53.92834976422371,United-States,<=50K
25,Private,419902.053610221,Some-college,15,Married-civ-spouse,Craft-repair,Husband,White,Male,17192.41056660742,901.7794585040606,44.99934713364973,United-States,>50K
24,Private,699589.3752202408,HS-grad,11,Never-married,Other-service,Own-child,Black,Male,20632.51847406438,895.7063404224228,15.130261696536603,United-States,<=50K
65,Private,313974.4352246023,HS-grad,9,Never-married,Other-service,Not-in-family,White,Male,32296.25221225259,964.863772794142,96.8747195658864,United-States,<=50K
59,Private,703970.1933367224,Some-college,10,Divorced,Other-service,Unmarried,White,Female,25627.378451032077,2033.7478461240182,6.358881109010757,United-States,<=50K
53,Local-gov,662149.7141056679,HS-grad,11,Divorced,Adm-clerical,Unmarried,White,Female,8047.637401040969,1947.4153428454222,14.521194074222477,United-States,<=50K
31,Self-emp-not-inc,366065.76971366175,HS-grad,12,Married-civ-spouse,Sales,Husband,Amer-Indian-Eskimo,Male,11039.28807388572,2032.618566245613,84.15702343173137,United-States,>50K
26,Private,160781.06231718912,HS-grad,13,Never-married,Sales,Own-child,White,Female,41737.00096921967,596.3280465674583,25.32010801415447,United-States,<=50K
11,Private,725298.1776751671,7th-8th,3,Never-married,Other-service,Other-relative,White,Male,9716.213604208599,1696.8969734707428,43.87466383731776,Guatemala,<=50K
35,Private,250659.5743007071,Bachelors,16,Married-civ-spouse,Prof-specialty,Husband,White,Male,9067.808559690116,232.54818073292753,26.51369432846556,Japan,<=50K
47,Private,490457.9010577413,HS-grad,8,Never-married,Sales,Not-in-family,Asian-Pac-Islander,Male,39982.602850249765,402.37786953940764,31.736533665000074,United-States,<=50K
34,Private,683961.6789261553,Some-college,11,Never-married,Machine-op-inspct,Own-child,White,Female,42612.1302628099,1660.6106195703987,15.36530265517753,United-States,<=50K
32,Self-emp-inc,79554.62690461127,HS-grad,12,Married-civ-spouse,Other-service,Husband,White,Male,42568.9604274125,1332.8959197231343,97.50915567157988,Mexico,<=50K
37,Private,437463.0711857671,HS-grad,14,Married-civ-spouse,Adm-clerical,Husband,White,Male,46618.02708522473,581.2267711237565,27.530312945353625,United-States,>50K
17,Private,408677.33948118996,Doctorate,10,Married-civ-spouse,Prof-specialty,Husband,White,Male,49715.15536474645,1235.0198564210866,7.46934107110903,Canada,<=50K
75,Private,547481.1419688305,HS-grad,12,Married-civ-spouse,Craft-repair,Husband,Black,Male,23063.02955187785,502.9249175405023,17.988312092321877,United-States,<=50K
37,Private,705179.2501543688,Some-college,14,Married-civ-spouse,Exec-managerial,Own-child,White,Male,27482.955651653498,505.69355963861307,22.749142551032847,United-States,<=50K
44,Private,687870.1438398053,Some-college,9,Never-married,Adm-clerical,Own-child,Black,Female,14532.488049670506,1497.1090339184702,32.589537635837736,United-States,<=50K
67,Private,142769.28371301913,HS-grad,8,Married-civ-spouse,Transport-moving,Husband,White,Male,3368.1041888613654,782.4711866162528,15.284323060989173,United-States,<=50K
47,Self-emp-inc,664989.3294134637,Some-college,15,Married-civ-spouse,Exec-managerial,Husband,White,Male,4910.070967817907,1498.7717181478556,4.0845259210451985,United-States,<=50K
23,Private,143303.8742369032,Bachelors,16,Never-married,Exec-managerial,Own-child,White,Male,36279.10007207835,1038.039635256236,43.717891337703655,United-States,<=50K
72,Private,692600.0053505696,Some-college,9,Married-civ-spouse,Transport-moving,Husband,Black,Male,24359.27691148236,1094.0629514671045,12.384075111988397,United-States,<=50K
39,State-gov,749857.5066779226,Bachelors,15,Never-married,Prof-specialty,Not-in-family,White,Male,16542.381158670327,1317.0622124147926,47.424986887435644,United-States,<=50K
39,Private,306654.2313541075,Some-college,11,Married-civ-spouse,Craft-repair,Husband,White,Male,6410.69322222428,1550.7776607331655,32.58892952992015,United-States,>50K
65,State-gov,379310.22051284136,9th,5,Married-civ-spouse,Farming-fishing,Husband,White,Male,32773.32129835729,814.4835756622311,21.17289474872146,United-States,<=50K
24,Federal-gov,705134.4740161181,HS-grad,13,Married-civ-spouse,Other-service,Husband,Black,Male,5002.202841242507,1855.9379039100445,17.796831452341856,United-States,<=50K
21,Private,723981.7661480645,Masters,13,Married-civ-spouse,Prof-specialty,Husband,Asian-Pac-Islander,Male,30975.47909982807,1070.368510410477,32.65651009644861,United-States,>50K
33,Private,697329.7190704199,HS-grad,10,Never-married,Other-service,Not-in-family,White,Male,45005.47948285067,299.50270926003685,16.989014274040393,United-States,<=50K
18,Private,660926.4993216622,Assoc-voc,15,Married-civ-spouse,Craft-repair,Husband,White,Male,15889.137968717652,420.91990860419514,30.074505497715705,India,>50K
29,Self-emp-not-inc,20335.377632803607,10th,1,Never-married,Sales,Own-child,White,Female,22532.073587757644,70.19596692850574,35.14631545527387,United-States,<=50K
7,Private,432905.7137627713,Bachelors,9,Married-civ-spouse,Adm-clerical,Other-relative,White,Male,30816.813341757526,1665.165624291295,42.25348564889257,Philippines,>50K
21,Private,92728.62430448222,Some-college,15,Married-civ-spouse,Sales,Husband,White,Male,15283.621632591334,32.701059263926794,71.81755888046582,United-States,<=50K
44,Private,739387.7688431232,HS-grad,12,Married-civ-spouse,Other-service,Wife,White,Female,29208.20455729344,587.7522543633828,15.900034575129531,United-States,<=50K
60,Private,223627.69042450108,Some-college,9,Never-married,Other-service,Not-in-family,White,Male,28277.31761925154,899.6098803335657,7.4657583461389985,United-States,<=50K
31,Private,743896.4600848982,HS-grad,15,Married-civ-spouse,Exec-managerial,Wife,White,Female,18224.489537213623,1616.8745891017952,88.67806483073723,United-States,>50K
29,Private,414694.41528458236,HS-grad,15,Divorced,Priv-house-serv,Unmarried,White,Female,15816.499808236707,2152.3941632343194,58.41511914636283,United-States,<=50K
38,Federal-gov,378223.60245109774,Bachelors,11,Divorced,Exec-managerial,Unmarried,White,Female,21415.155494283073,1650.4374124224205,13.740365424098929,United-States,>50K
83,Private,706575.7567525542,Masters,8,Married-civ-spouse,Prof-specialty,Husband,White,Male,241.5917172922368,144.04491418358901,24.727912517064905,India,>50K
39,Private,641960.468191876,Some-college,12,Never-married,Adm-clerical,Unmarried,White,Female,12308.633839704933,2019.230783055235,97.56547837048149,United-States,<=50K
17,Local-gov,359103.8089557709,Bachelors,9,Married-civ-spouse,Prof-specialty,Husband,White,Male,11076.174447473884,2146.6969990191096,38.717737119124614,United-States,<=50K
14,Private,155874.3483008879,Some-college,13,Married-civ-spouse,Other-service,Husband,White,Male,36990.44088882287,1888.6069677468781,52.3186278884752,United-States,<=50K
77,Private,96676.45126237714,Some-college,15,Never-married,Sales,Not-in-family,White,Female,21805.985242451377,1067.095632956661,67.30292387258052,United-States,<=50K
34,Self-emp-not-inc,133486.53814952017,Some-college,11,Married-civ-spouse,Sales,Husband,White,Male,42005.08288400337,707.6226751792113,23.34040032218753,United-States,>50K
39,Private,352379.22679173126,HS-grad,8,Married-civ-spouse,Exec-managerial,Husband,White,Male,6715.224466228251,996.5328563240489,58.1517905541724,United-States,<=50K
2,Private,203470.2798650093,HS-grad,13,Never-married,Exec-managerial,Not-in-family,White,Female,36648.27330117286,537.4952053965351,46.28245038448799,United-States,>50K
3,Private,150991.44739389812,HS-grad,9,Divorced,Adm-clerical,Not-in-family,White,Female,43893.852532483324,881.7998212322269,84.87879644506066,United-States,<=50K
28,Private,557450.4313978391,Some-college,10,Divorced,Sales,Other-relative,White,Female,23142.187379592473,91.09762705915735,14.97708252766538,United-States,<=50K
41,Private,597437.5448654877,Some-college,9,Never-married,Exec-managerial,Not-in-family,White,Male,17936.90073487878,1601.5526166214609,97.68709837341761,United-States,<=50K
45,Private,432772.31482163235,Assoc-voc,10,Separated,Prof-specialty,Own-child,White,Female,15273.437086368542,828.4549395486532,42.12725216669922,United-States,<=50K
34,Private,572710.4760586971,HS-grad,15,Never-married,Sales,Own-child,Black,Male,27583.31547209678,681.4907362942415,34.95010417946313,United-States,<=50K
20,Private,143086.92110366962,Some-college,8,Married-spouse-absent,Adm-clerical,Own-child,White,Female,8788.42015968082,1331.8576170313731,33.65144233352249,United-States,<=50K
4,Private,645716.8106667519,Bachelors,13,Never-married,Prof-specialty,Not-in-family,Black,Male,30331.07998971003,1617.0949875539036,57.520755208294695,United-States,<=50K
29,Self-emp-not-inc,675916.8156104236,Some-college,10,Married-civ-spouse,Sales,Husband,White,Male,42089.22887041536,1293.3090354334945,12.657360894448676,Mexico,>50K
84,Private,624185.9444345919,Some-college,10,Divorced,Machine-op-inspct,Not-in-family,White,Female,42935.25341171228,1143.9520980488935,3.0164213679349303,United-States,<=50K
20,Self-emp-not-inc,394003.06373149715,Some-college,11,Married-civ-spouse,Exec-managerial,Husband,White,Male,7000.013434975637,1907.455312710681,16.51466605180303,United-States,<=50K
31,Self-emp-not-inc,77543.85309559782,Masters,12,Married-civ-spouse,Exec-managerial,Husband,White,Male,26930.632544882577,1713.9114601305057,56.19720209094541,United-States,>50K
86,Self-emp-not-inc,507706.66197399434,Assoc-acdm,8,Divorced,Exec-managerial,Unmarried,White,Female,13161.600912353868,1133.9737206853247,62.75995266522418,United-States,>50K
2,Local-gov,149944.41703821238,Masters,10,Married-civ-spouse,Exec-managerial,Wife,White,Female,44316.34843602874,3161.605692603656,59.04033257106403,United-States,>50K
36,Private,117327.40200965022,HS-grad,9,Widowed,Adm-clerical,Not-in-family,White,Female,3823.0806966714904,1801.228001414064,28.56187487877596,United-States,<=50K
58,Private,252456.9476810097,Bachelors,10,Married-civ-spouse,Craft-repair,Husband,White,Male,3769.960139690435,92.38186506781496,51.69976534405433,United-States,>50K
62,Private,196663.3611223379,HS-grad,15,Never-married,Sales,Not-in-family,White,Male,931.5054284143321,2168.9316171793766,65.53024446161915,United-States,<=50K
7,Private,206069.93099008527,11th,5,Never-married,Craft-repair,Own-child,White,Female,25358.66197512305,1129.7343773356004,66.84850374049893,United-States,<=50K
69,Private,187413.61121630392,HS-grad,13,Married-civ-spouse,Machine-op-inspct,Wife,White,Female,1559.6959532999504,861.6411862729722,19.27283186445404,United-States,<=50K
25,Private,570106.614534624,Some-college,14,Married-civ-spouse,Sales,Husband,White,Male,29094.23357945122,1601.2004376164825,76.45346321759982,United-States,<=50K
81,Private,718002.8309288108,HS-grad,14,Never-married,Farming-fishing,Unmarried,White,Male,20256.520810321927,1214.6726686936058,57.967282795522394,United-States,<=50K
8,Private,236465.11310363165,Assoc-acdm,16,Married-civ-spouse,Exec-managerial,Wife,White,Female,29501.52057387998,1124.1239157804712,64.77642870659389,United-States,<=50K
49,Private,547307.4946278301,HS-grad,14,Divorced,Adm-clerical,Unmarried,White,Female,45314.72571812046,1373.552548635945,46.1012648211519,United-States,<=50K
39,Private,21936.76365862013,HS-grad,11,Divorced,Priv-house-serv,Unmarried,White,Female,27579.424129308652,107.36548831681921,69.82355422990305,Guatemala,<=50K
73,Private,496207.0971464565,Bachelors,12,Married-civ-spouse,Adm-clerical,Husband,Asian-Pac-Islander,Male,27173.194461243966,634.1886509459341,25.471428876052723,United-States,<=50K
11,Private,525069.7366720332,HS-grad,12,Never-married,Adm-clerical,Own-child,White,Male,49935.90938650508,866.9308835880302,8.123810443592543,United-States,<=50K
41,Federal-gov,59367.961315433095,Bachelors,15,Married-civ-spouse,Exec-managerial,Husband,White,Male,23604.9614871709,663.3189339568356,23.443996067812687,United-States,>50K
6,Private,100795.61176023477,Bachelors,12,Never-married,Prof-specialty,Not-in-family,White,Male,38759.47434325199,1802.558554565325,16.69067861621536,United-States,<=50K
66,Private,240054.37047794103,Some-college,11,Never-married,Other-service,Not-in-family,White,Male,18290.748595835426,1004.8141231135114,1.2104209850531649,United-States,<=50K
11,Private,312873.5195129648,Some-college,9,Never-married,Other-service,Not-in-family,White,Female,11165.22072789394,920.1226333770614,37.186254089781144,United-States,<=50K
11,Private,384580.2520678738,Bachelors,11,Married-civ-spouse,Exec-managerial,Husband,White,Male,38606.85610560136,1335.406460193198,97.80445077168227,United-States,>50K
0,State-gov,674495.7406642921,Masters,10,Divorced,Prof-specialty,Not-in-family,Asian-Pac-Islander,Male,36660.97474723144,118.8026403242166,17.2327516579252,China,<=50K
36,Private,533036.5067994012,HS-grad,15,Never-married,Sales,Not-in-family,Asian-Pac-Islander,Female,14549.812511138587,1125.9598982796488,84.56711647273814,United-States,<=50K
86,Private,243134.90989644596,Masters,14,Married-civ-spouse,Prof-specialty,Husband,White,Male,23234.824757951552,309.7978896921495,24.22162301020991,United-States,<=50K
75,Self-emp-not-inc,100198.12718205845,HS-grad,8,Never-married,Farming-fishing,Unmarried,White,Male,25520.344461192602,1807.508052641221,64.20153195046389,United-States,<=50K
7,Local-gov,690012.1479529451,Assoc-acdm,16,Never-married,Prof-specialty,Own-child,Black,Female,19839.059489906547,983.7984352929894,47.2564667608881,United-States,<=50K
20,Private,231363.6959857811,HS-grad,12,Married-civ-spouse,Machine-op-inspct,Wife,White,Female,25108.11239968671,1573.9247118713904,49.053799165108956,United-States,<=50K
16,Private,467364.6206836179,Bachelors,14,Married-civ-spouse,Adm-clerical,Other-relative,White,Male,33133.59312969015,246.48771483854995,29.11265156177803,Philippines,>50K
26,Self-emp-not-inc,175308.39187510847,Bachelors,16,Never-married,Protective-serv,Own-child,White,Male,42398.66801427327,1696.0764270060147,8.207090259933711,United-States,<=50K
29,Local-gov,112126.4014883588,Prof-school,16,Married-civ-spouse,Prof-specialty,Husband,White,Male,40326.599576366454,2042.6208728689433,28.69634423180405,United-States,>50K
19,Private,126612.49298698314,Masters,9,Never-married,Adm-clerical,Not-in-family,White,Female,30701.491810018124,1516.1366009270748,45.43715860837931,United-States,<=50K
56,Private,565659.7814333986,Assoc-acdm,13,Divorced,Transport-moving,Unmarried,Black,Female,8292.094679831898,294.6979363866097,22.663171176579123,United-States,<=50K
38,Private,460802.3491721656,10th,3,Divorced,Transport-moving,Unmarried,White,Male,25706.57695747885,900.7321665026091,34.768202092524355,United-States,<=50K
54,Private,320574.8580976496,7th-8th,7,Divorced,Craft-repair,Not-in-family,White,Male,22310.799081728168,982.0293918569279,36.850385542736056,United-States,<=50K
17,Private,419076.4199749567,Some-college,15,Never-married,Exec-managerial,Own-child,Asian-Pac-Islander,Female,8957.169622839085,389.59754493919473,45.108548983663056,United-States,<=50K
67,Private,361176.8766838351,HS-grad,8,Never-married,Sales,Not-in-family,Asian-Pac-Islander,Female,47435.11722473311,1285.7071051808664,7.831741379368367,United-States,<=50K
11,Self-emp-not-inc,410424.0865477949,HS-grad,16,Married-civ-spouse,Craft-repair,Husband,White,Male,32970.33564099536,1552.1177042651273,27.997039524666434,United-States,>50K
26,Federal-gov,503895.1951081321,Bachelors,10,Married-civ-spouse,Prof-specialty,Husband,White,Male,48386.29412409573,439.8079062565453,16.09602783780533,Japan,>50K
26,Private,174778.93639779298,HS-grad,15,Married-civ-spouse,Machine-op-inspct,Husband,White,Male,36795.62248183681,990.3000262559301,20.679866174299846,United-States,<=50K
45,State-gov,196233.83613463645,11th,7,Never-married,Adm-clerical,Own-child,White,Female,24174.929034663684,544.6792365002249,42.20296889392938,United-States,<=50K
13,Private,570832.4394525257,Some-college,11,Married-civ-spouse,Craft-repair,Husband,White,Male,17939.597544520875,1506.5605589047034,22.85266186678621,United-States,>50K
44,Private,658262.0764805006,Some-college,15,Married-civ-spouse,Adm-clerical,Husband,White,Male,10940.846453392789,1975.7998444257757,5.531575433849968,United-States,>50K
30,Private,73949.45529641572,Bachelors,15,Married-civ-spouse,Prof-specialty,Husband,White,Male,24381.863597608204,1734.7469925521236,52.69664817153967,United-States,<=50K
12,Private,343394.8309741881,HS-grad,9,Married-civ-spouse,Machine-op-inspct,Wife,White,Female,3143.0266400927535,1564.6201395470302,32.42431998671842,United-States,>50K
25,Private,533190.9101858546,Some-college,13,Married-civ-spouse,Farming-fishing,Husband,White,Male,18471.574554780993,269.0793042675741,78.58814063515706,United-States,<=50K
31,State-gov,71167.2675806658,Bachelors,14,Never-married,Prof-specialty,Not-in-family,White,Female,2140.4006377119244,248.65123675884132,11.885048995039494,United-States,<=50K
34,Private,430104.64963773655,Some-college,14,Never-married,Sales,Own-child,White,Female,10338.60034883769,978.7897544578441,46.84758875956879,United-States,<=50K
47,Private,59097.47725042338,Some-college,15,Married-civ-spouse,Adm-clerical,Wife,White,Female,45385.85076560175,790.4907015845004,14.618431289420036,United-States,>50K
27,Private,417905.7783075822,Some-college,8,Never-married,Sales,Own-child,White,Female,18062.38760229916,1140.8740926120722,2.1048836715213017,United-States,<=50K
22,Private,386770.93851980177,Some-college,14,Never-married,Craft-repair,Not-in-family,White,Male,23483.476613395942,836.5423011417031,27.382202413850408,United-States,<=50K
41,Private,436405.8421402636,Some-college,16,Married-civ-spouse,Adm-clerical,Husband,White,Male,22731.94516801952,1722.9430422482408,22.82744601500113,United-States,<=50K
13,Private,124151.09044136936,Some-college,13,Never-married,Sales,Own-child,White,Male,2321.849656330155,1114.4095313332525,33.90633103939564,United-States,<=50K
81,Private,255791.78206128333,HS-grad,13,Married-civ-spouse,Adm-clerical,Husband,White,Male,49028.998808264085,2068.563970552843,5.2814699174175805,United-States,>50K
27,Self-emp-not-inc,397740.2924540707,Bachelors,10,Married-civ-spouse,Sales,Husband,White,Male,16203.393467643848,824.7620592165987,26.077588568082128,Vietnam,<=50K
16,Private,99329.90934235403,HS-grad,16,Never-married,Adm-clerical,Own-child,White,Male,35186.460774254694,828.9620661707777,10.528051927930136,United-States,<=50K
29,Private,165171.5486024837,HS-grad,15,Never-married,Other-service,Not-in-family,White,Male,26068.384520225467,1673.270985202398,16.570132796134217,United-States,<=50K
28,Private,444119.7357354832,HS-grad,12,Divorced,Priv-house-serv,Unmarried,White,Female,41481.94295910469,1986.8865522746044,30.648813270525903,United-States,<=50K
30,Private,80648.22111192669,HS-grad,10,Widowed,Adm-clerical,Not-in-family,White,Female,41743.195874736564,1231.6406580038604,47.22670604099581,United-States,<=50K
32,Self-emp-not-inc,390380.72168696276,Bachelors,12,Married-civ-spouse,Craft-repair,Husband,White,Male,13165.671811172979,1436.4570818312516,45.51390056067372,United-States,<=50K
30,Local-gov,610673.9035905635,Bachelors,9,Married-civ-spouse,Prof-specialty,Husband,Asian-Pac-Islander,Male,27217.23092938753,326.89544176389467,18.69217858821408,United-States,>50K
38,Self-emp-not-inc,348330.89579696074,Bachelors,10,Never-married,Protective-serv,Own-child,White,Male,8692.403897414279,1892.2867746275278,8.249350980536821,United-States,<=50K
28,Private,392501.922803625,Bachelors,10,Married-civ-spouse,Exec-managerial,Husband,Asian-Pac-Islander,Male,32683.43881903765,389.57181345837915,42.836399428206555,Greece,<=50K
41,Private,350816.6615833377,HS-grad,12,Never-married,Other-service,Own-child,White,Female,18264.656251163386,1550.8394286018179,19.111868388351187,United-States,<=50K
74,Self-emp-not-inc,56127.956826746646,Some-college,8,Married-civ-spouse,Exec-managerial,Husband,White,Male,82666.00065956921,913.8489235115011,19.26872639803103,United-States,>50K
59,Self-emp-inc,354937.10938613117,Some-college,15,Married-civ-spouse,Exec-managerial,Husband,White,Male,41773.035649298385,674.1308692417463,63.947867914297355,Thailand,<=50K
65,Private,609361.8697552014,HS-grad,10,Married-civ-spouse,Machine-op-inspct,Husband,White,Male,25832.886546248155,1674.077059902133,67.21639663797752,United-States,>50K
71,Private,547601.0680670922,Some-college,9,Divorced,Machine-op-inspct,Not-in-family,White,Male,18816.250887786737,971.95043397668,48.89865778262336,United-States,<=50K
33,Private,305881.9086598228,Some-college,14,Never-married,Exec-managerial,Own-child,White,Female,45361.66770112776,1364.4143065628107,92.84078505255742,United-States,<=50K
4,Private,616405.150503224,Bachelors,15,Divorced,Other-service,Not-in-family,Asian-Pac-Islander,Female,25818.330922487432,256.03256496060106,5.29233291424112,United-States,<=50K
58,Federal-gov,564234.3035650856,Some-college,15,Married-civ-spouse,Prof-specialty,Husband,White,Male,17644.723938982403,286.5617072867227,85.6648144908431,United-States,<=50K
79,Private,440548.2669279049,HS-grad,11,Widowed,Exec-managerial,Unmarried,White,Female,43385.53723385143,441.811014098634,22.766797746232566,United-States,>50K
53,Private,46936.43598357608,HS-grad,8,Married-civ-spouse,Craft-repair,Husband,White,Male,24342.83470292744,1355.9363943564301,49.63726112518369,United-States,>50K
6,Self-emp-not-inc,267910.7196282745,HS-grad,13,Married-civ-spouse,Farming-fishing,Husband,White,Male,24105.26343061144,551.2757038070895,89.38058972122306,United-States,<=50K
24,Private,60575.762138816295,HS-grad,15,Never-married,Handlers-cleaners,Not-in-family,Black,Female,30210.2469087942,998.9237087505528,15.143066898179994,United-States,<=50K
44,Private,747606.5935738236,1st-4th,6,Married-civ-spouse,Handlers-cleaners,Husband,White,Male,25091.598305044852,1863.0852808806508,40.477966470062974,Mexico,<=50K
24,Private,703638.4061677842,Bachelors,15,Never-married,Adm-clerical,Not-in-family,White,Female,6948.345869702957,1183.7455256181659,48.54767298689825,United-States,<=50K
86,Private,64459.46455866836,HS-grad,15,Married-civ-spouse,Exec-managerial,Husband,White,Male,8280.208318538393,12.524695502139414,21.767777723831458,United-States,<=50K
37,Private,703042.2992930923,Some-college,16,Married-civ-spouse,Adm-clerical,Wife,White,Female,3854.372742949472,1922.5269609300099,44.92501250129562,United-States,>50K
12,Private,36926.74244647681,Some-college,11,Never-married,Exec-managerial,Own-child,White,Male,32173.528380914293,518.0990550544204,56.83881665721584,United-States,<=50K
37,Private,315421.4242234672,Some-college,16,Married-civ-spouse,Craft-repair,Husband,White,Male,10575.74944823567,1282.5421486074254,29.771823311588538,United-States,>50K
22,Private,581342.4955030232,Assoc-acdm,11,Married-civ-spouse,Exec-managerial,Wife,White,Female,9345.190337600476,1036.100713791269,54.21782074152175,United-States,<=50K
81,Self-emp-not-inc,579020.5157657466,Some-college,9,Married-civ-spouse,Exec-managerial,Husband,White,Male,68110.46609928245,893.3096745193342,11.181405744391126,Thailand,<=50K
79,Private,735946.127585342,Some-college,10,Married-civ-spouse,Machine-op-inspct,Husband,White,Male,35864.776771350545,172.9439100284104,24.256043370297093,United-States,<=50K
60,State-gov,490445.2736471227,HS-grad,9,Married-civ-spouse,Craft-repair,Husband,White,Male,5916.451976065721,1307.0223831557932,43.5087651739996,Poland,>50K
50,Private,323909.95521541056,Masters,9,Married-civ-spouse,Craft-repair,Husband,White,Male,11517.201456799929,532.9852873933435,49.34527901884481,United-States,>50K
43,Private,746670.9266484444,Some-college,16,Married-civ-spouse,Sales,Husband,White,Male,40558.22588233331,1192.110025672093,4.239673277173164,United-States,>50K
6,Private,295935.60445927107,Bachelors,14,Never-married,Sales,Own-child,White,Male,36012.42281591801,1349.8504326579566,48.04466961281944,United-States,<=50K
88,Private,655666.5781688339,10th,8,Married-civ-spouse,Machine-op-inspct,Wife,Black,Female,24075.591711149613,1214.3409559296397,38.04958862373864,United-States,<=50K
39,Private,683097.9482645667,9th,6,Divorced,Other-service,Other-relative,White,Female,23940.492728682744,1797.3999552446207,5.333965654107362,United-States,<=50K
78,Federal-gov,290888.947018213,Some-college,9,Married-civ-spouse,Prof-specialty,Husband,White,Male,10535.092200612646,106.54514627591874,21.06357129887859,United-States,>50K
89,Private,517656.96090769966,Masters,16,Married-civ-spouse,Exec-managerial,Husband,White,Male,8062.232370001357,322.90193429536555,45.80611431891556,United-States,>50K
89,Federal-gov,502195.34694890445,Some-college,14,Married-civ-spouse,Prof-specialty,Husband,White,Male,41667.83313726451,1422.8370407534032,21.311186682952624,United-States,>50K
36,Private,411740.437091938,Bachelors,15,Married-civ-spouse,Adm-clerical,Other-relative,White,Male,1122.2906846954909,79.9784508692134,28.234878403275292,Philippines,>50K
61,Private,496096.86911368417,Bachelors,14,Divorced,Exec-managerial,Not-in-family,White,Female,2157.1949945926012,1859.6401875960607,35.80210333189294,United-States,<=50K
81,Private,270304.0642374541,HS-grad,10,Married-civ-spouse,Adm-clerical,Husband,White,Male,28674.038824357736,1452.7184705368124,38.006943641817074,United-States,<=50K
46,Private,145286.5652326023,Masters,13,Married-civ-spouse,Exec-managerial,Husband,Asian-Pac-Islander,Male,8056.376453806716,1825.195441156296,56.70942495587185,Hong,>50K
24,Private,410232.6783145496,Some-college,9,Never-married,Sales,Own-child,Black,Male,31476.706474195304,650.0056885865324,10.114314487441646,Greece,<=50K
65,Self-emp-not-inc,404017.8886964318,Assoc-voc,10,Married-civ-spouse,Transport-moving,Wife,White,Female,1959.5236665415584,2004.5978728310497,19.706707098958603,Germany,>50K
30,State-gov,550981.755584694,Some-college,14,Separated,Other-service,Not-in-family,White,Male,28613.178826873613,106.79030806688432,28.139479399015716,United-States,<=50K
30,Private,177938.48074115335,Some-college,9,Married-civ-spouse,Craft-repair,Husband,White,Male,2795.5722520201284,908.1321801569702,3.0694128075030527,United-States,<=50K
26,Private,16056.868545246929,Assoc-acdm,14,Never-married,Adm-clerical,Not-in-family,White,Male,12912.853171012415,388.22499724766686,41.48616695998349,United-States,<=50K
37,Private,30280.993402215518,9th,8,Never-married,Craft-repair,Not-in-family,White,Male,9001.786960045067,1463.81309867934,41.89467487987283,Mexico,<=50K
42,Federal-gov,233819.34245967175,Some-college,16,Never-married,Adm-clerical,Other-relative,White,Female,47911.43770505944,1330.9534886739684,15.89180458494219,United-States,<=50K
5,Private,510840.66397453705,HS-grad,11,Never-married,Exec-managerial,Own-child,Asian-Pac-Islander,Female,29967.57646098509,1506.116660179692,28.404771776891835,Philippines,<=50K
11,Self-emp-not-inc,415539.8383843827,HS-grad,16,Never-married,Farming-fishing,Own-child,White,Male,28179.95331443709,1295.8424521716793,23.709139876078748,United-States,<=50K
1,Private,406300.5009288655,HS-grad,16,Never-married,Machine-op-inspct,Own-child,Black,Male,930.9924718440268,1714.75590822415,2.315160719825013,United-States,<=50K
40,Private,621505.8084218975,Bachelors,8,Married-civ-spouse,Prof-specialty,Husband,White,Male,35977.00520155468,386.419164274534,1.1198870729444477,United-States,>50K
70,Self-emp-not-inc,196268.2548812671,Assoc-voc,13,Married-civ-spouse,Transport-moving,Wife,White,Female,33086.92225892659,991.7257894281387,13.87117415449247,Germany,>50K
41,Private,269115.04094055295,HS-grad,15,Married-civ-spouse,Sales,Husband,White,Male,14172.58959296882,1260.9885849393222,96.84530321052078,United-States,<=50K
10,Self-emp-not-inc,217046.64408922294,10th,8,Divorced,Transport-moving,Unmarried,White,Male,4287.382262535858,2028.7630466227204,41.877910496231024,United-States,<=50K
48,Private,705726.4308216346,10th,3,Married-civ-spouse,Craft-repair,Husband,White,Male,22459.943479292026,202.82905487581414,73.15451729360721,United-States,<=50K
82,Self-emp-inc,548888.8329522244,Some-college,13,Married-civ-spouse,Exec-managerial,Husband,White,Male,49638.294797487084,651.8633809172062,33.03683563791036,United-States,>50K
41,Self-emp-inc,96822.57487566024,HS-grad,15,Married-civ-spouse,Sales,Wife,White,Female,43364.68629840522,802.7442086847113,93.7416397563872,United-States,<=50K
59,Private,611254.4025472522,Prof-school,9,Married-civ-spouse,Prof-specialty,Husband,White,Male,8528.253916092819,825.3299077640221,21.440681835928874,United-States,>50K
18,Private,323081.8969186283,1st-4th,6,Married-civ-spouse,Other-service,Own-child,Asian-Pac-Islander,Female,41517.76355342669,147.37802429412784,25.102438661700983,Vietnam,<=50K
51,Private,579187.247299512,Some-college,10,Divorced,Adm-clerical,Unmarried,White,Female,30041.635301202798,930.7113221938041,83.70431611384828,United-States,<=50K
88,Private,666105.6124282042,HS-grad,16,Married-civ-spouse,Adm-clerical,Husband,White,Male,39730.406204987434,1198.9260183677713,12.992762814415144,United-States,<=50K
14,Private,25045.700907848634,Some-college,9,Married-civ-spouse,Transport-moving,Husband,White,Male,41022.2487799348,637.7896496909788,6.848378512793774,United-States,<=50K
22,Private,165673.79798177804,Some-college,15,Married-civ-spouse,Craft-repair,Husband,White,Male,9094.116651429047,293.0407286119952,14.583634675737176,United-States,<=50K
4,Local-gov,87999.58137001419,Masters,9,Married-civ-spouse,Prof-specialty,Wife,White,Female,32982.10767851763,1512.8811370416765,49.72231474936486,United-States,>50K
40,Private,38286.535135851664,Bachelors,14,Divorced,Exec-managerial,Not-in-family,White,Male,13225.902666915212,597.6835861132753,53.26951649297531,United-States,<=50K
6,Private,454928.648131002,HS-grad,13,Married-civ-spouse,Sales,Husband,White,Male,36208.97781048875,1147.920853355264,86.53271310572487,Mexico,>50K
20,Private,532836.5569114741,Bachelors,15,Never-married,Sales,Own-child,White,Male,17133.39239237931,1142.6794437545777,78.47222273456907,United-States,<=50K
30,Private,49437.2241277315,Some-college,12,Never-married,Exec-managerial,Own-child,White,Female,22673.280521932018,1515.516645217784,28.713154892380214,France,<=50K
33,Private,560347.5215677677,HS-grad,10,Never-married,Machine-op-inspct,Not-in-family,White,Male,29529.504248619898,1333.0530564541073,43.548949991447216,United-States,<=50K
43,Private,310546.457367717,Bachelors,10,Married-civ-spouse,Prof-specialty,Wife,White,Female,11490.574452045399,238.06026660231856,80.77180632658101,United-States,>50K
64,Private,186540.77755625386,Bachelors,9,Divorced,Exec-managerial,Not-in-family,White,Female,19272.901406151006,1589.348716043116,24.325994951566145,United-States,<=50K
33,Private,173935.31733245502,9th,3,Never-married,Craft-repair,Not-in-family,White,Male,5428.451410018824,1369.9153887930938,35.01800983470498,El-Salvador,<=50K
7,Private,651317.0526206738,HS-grad,9,Married-civ-spouse,Craft-repair,Husband,White,Male,10117.326280134212,2150.0982164661937,6.859600516311139,United-States,>50K
19,Private,55173.323439953274,Some-college,8,Never-married,Tech-support,Own-child,White,Male,42979.154804684265,1053.4179774301756,26.113767600915622,United-States,<=50K
49,Local-gov,385595.9052338289,HS-grad,11,Married-civ-spouse,Transport-moving,Husband,White,Male,25217.724123772598,1499.8890180379638,29.18792064383409,United-States,<=50K
22,Private,227099.75270610678,Bachelors,14,Married-civ-spouse,Tech-support,Husband,White,Male,20989.54073607397,2034.016067688663,42.418723335246156,United-States,>50K
18,Private,615912.6244518984,9th,8,Married-civ-spouse,Craft-repair,Husband,White,Male,7477.984900725988,2148.1144474254747,8.979514401414022,Guatemala,<=50K
43,Private,553684.0114769562,HS-grad,15,Married-civ-spouse,Sales,Husband,White,Male,4814.880686871859,625.4939476856794,3.8670093056613117,United-States,>50K
1,State-gov,248987.71019861533,HS-grad,12,Married-civ-spouse,Adm-clerical,Wife,White,Female,23793.221339881122,1326.0635539032814,16.66437446021403,United-States,<=50K
17,Private,455026.6982407415,10th,4,Widowed,Transport-moving,Unmarried,White,Male,30737.101099933607,689.3120804096725,44.037545956454196,United-States,<=50K
65,Private,510125.87274369464,HS-grad,12,Married-civ-spouse,Adm-clerical,Husband,White,Male,1951.808662624603,1144.3020887722132,56.639372300445196,United-States,<=50K
88,Private,250288.43712241,7th-8th,2,Divorced,Handlers-cleaners,Other-relative,Black,Male,39193.019807821,2167.1630028443465,9.002133738931475,United-States,<=50K
38,Private,236331.15418997747,Bachelors,12,Married-civ-spouse,Exec-managerial,Wife,White,Female,25166.208742318904,770.6925840469859,14.360847329326036,United-States,>50K
