age,color,name,gender,city
23,33,78,76,49
49,22,36,73,37
77,82,38,30,5
65,79,42,70,11
51,27,20,15,17
81,53,32,61,60
66,3,55,83,13
13,14,52,31,33
78,27,69,33,6
22,32,14,57,85
61,39,4,76,86
87,28,34,62,54
85,22,65,80,51
50,57,34,42,31
9,67,37,28,8
6,57,28,68,23
35,65,1,27,52
30,35,16,65,39
7,41,7,1,32
26,26,22,71,17
9,66,84,32,31
53,50,17,40,10
30,12,34,1,58
29,26,48,38,84
27,16,80,63,10
9,16,46,63,89
78,63,48,1,20
19,44,56,25,18
19,37,57,54,45
31,43,82,39,40
59,25,18,60,36
15,30,76,7,20
73,74,54,38,80
10,53,36,81,84
61,16,65,63,29
43,53,88,61,50
2,47,35,58,24
2,49,81,43,34
89,19,58,27,72
11,50,88,66,51
1,43,26,87,0
4,45,59,6,9
61,22,80,23,3
69,11,58,42,85
78,7,81,82,40
33,29,82,88,83
47,73,68,38,40
27,31,16,64,41
82,52,9,73,43
0,64,6,41,36
74,61,12,58,74
63,63,11,26,10
16,49,50,4,62
86,84,69,85,64
46,13,80,89,20
30,39,21,14,51
18,59,47,51,3
6,34,34,50,48
60,69,1,17,22
63,43,38,72,39
81,54,75,85,82
21,85,77,20,53
22,42,21,21,56
82,33,27,64,77
73,17,38,82,1
59,21,20,49,39
15,44,16,14,41
61,83,74,31,5
59,84,9,31,88
47,29,4,5,24
36,83,43,41,35
70,6,19,68,51
45,2,24,12,88
14,11,86,19,21
73,36,84,5,18
63,54,86,4,60
49,0,8,50,55
36,81,53,44,63
26,29,74,50,63
8,5,79,48,19
73,35,81,53,67
59,2,79,58,16
65,22,85,17,24
38,46,36,83,10
76,47,44,50,60
50,21,75,28,66
54,4,14,15,20
36,71,12,53,1
68,65,11,7,38
84,61,67,21,31
34,0,3,16,57
2,24,74,62,5
61,50,23,14,18
58,40,77,84,68
55,53,2,41,41
19,87,16,75,26
29,49,58,10,1
74,4,89,36,73
25,25,0,21,1
69,84,1,1,1
88,47,25,69,40
8,47,42,25,68
42,61,7,47,32
65,35,35,48,4
83,17,3,36,12
65,85,43,89,48
12,87,16,41,11
30,39,46,85,54
26,69,8,25,81
15,81,53,64,7
50,26,66,42,46
87,40,11,71,35
23,13,35,34,23
6,70,79,22,46
15,85,60,52,40
11,38,8,6,35
17,18,25,34,69
22,43,27,3,26
2,52,75,33,0
34,57,74,18,10
39,37,45,26,54
65,72,75,79,7
79,14,73,33,87
37,79,0,36,60
71,52,86,1,52
53,76,4,10,53
89,42,22,82,69
27,21,6,79,3
10,20,5,24,45
69,66,81,12,13
21,27,34,69,42
80,26,14,48,86
37,32,53,13,57
75,69,58,75,0
62,4,38,30,84
63,14,52,24,41
78,9,79,56,42
28,78,29,64,5
10,36,58,16,23
73,85,0,41,67
78,63,23,25,66
13,14,18,49,48
76,61,50,25,31
51,40,6,71,21
35,14,26,57,42
17,30,1,63,20
24,1,14,83,2
16,28,38,12,10
83,61,78,78,51
85,65,31,57,48
16,34,13,3,49
87,63,11,15,57
53,60,60,3,30
26,39,28,35,82
55,41,81,88,42
3,5,19,72,84
33,2,18,18,87
46,75,65,67,4
64,74,38,10,7
76,26,14,59,21
67,8,63,38,75
45,20,47,73,89
42,6,84,33,83
30,62,0,4,36
79,2,71,27,1
6,31,24,5,48
60,48,64,34,85
25,53,87,58,3
20,59,75,18,68
71,76,74,56,7
27,8,1,50,32
67,44,61,70,36
87,60,33,59,77
51,31,78,43,62
71,22,55,10,54
85,38,76,34,82
31,72,41,58,74
89,32,35,85,54
13,67,71,50,44
70,0,1,52,82
26,17,27,67,5
65,79,33,31,12
32,45,83,88,27
86,13,74,41,3
46,33,12,33,67
16,3,44,9,42
53,18,34,45,53
25,47,62,28,87
49,59,60,16,56
54,22,86,36,29
11,80,38,83,52
85,75,3,46,77
60,82,18,8,71
61,63,82,33,58
56,84,36,71,76
55,65,4,47,86
71,81,75,34,83
23,70,46,11,15
56,0,11,64,26
72,1,84,78,78
41,84,49,74,0
64,31,19,26,68
44,32,88,88,2
21,58,73,13,39
77,57,17,24,18
5,78,25,48,5
32,45,35,85,62
74,21,51,50,8
30,75,61,75,70
11,46,85,89,38
71,78,60,21,75
31,20,75,1,81
43,56,76,10,36
22,88,9,62,88
61,50,57,16,27
14,22,45,66,12
23,8,32,13,7
69,22,61,84,75
55,72,21,7,68
79,87,28,20,22
23,50,88,71,9
58,26,33,26,68
61,89,9,58,43
60,48,48,20,62
33,28,15,32,19
15,66,61,80,59
21,21,0,60,29
78,32,86,39,37
66,31,62,43,89
41,46,47,52,9
13,43,25,79,56
73,73,8,74,70
75,69,66,9,11
18,37,14,75,29
49,8,44,63,81
71,24,50,85,37
57,50,72,64,20
17,13,80,73,47
68,89,63,31,66
75,73,68,87,12
17,4,78,71,9
44,32,49,40,46
78,6,8,40,46
20,13,57,49,13
44,56,3,2,71
56,62,67,28,65
48,26,32,72,14
67,83,33,52,79
66,9,39,24,7
14,18,68,55,26
29,46,8,64,4
27,17,5,83,5
48,18,52,70,54
45,17,34,45,6
45,36,12,31,22
29,3,22,49,63
19,57,46,34,87
57,56,23,45,84
42,85,64,83,28
57,62,67,24,65
74,58,86,74,42
26,83,73,58,82
33,59,54,49,33
9,42,1,21,74
29,23,49,63,3
63,82,55,46,54
73,47,0,9,37
68,68,29,65,70
67,70,74,55,45
65,13,62,36,54
28,84,11,22,52
55,81,65,16,81
30,61,16,75,72
68,20,31,76,46
7,56,9,9,50
57,44,61,21,54
24,31,77,14,2
81,87,89,38,4
59,24,47,49,87
63,8,39,19,11
4,51,76,52,47
31,15,75,26,64
2,51,73,46,67
32,72,20,56,65
35,42,89,35,55
2,22,44,19,25
75,58,40,21,87
78,22,36,86,36
29,74,58,74,6
84,56,31,66,65
60,40,52,78,40
51,6,80,62,70
44,57,27,76,49
17,89,79,70,14
45,78,0,77,8
69,46,26,36,88
3,66,17,3,20
28,84,13,69,7
74,69,15,16,51
4,67,59,59,26
71,6,58,1,30
74,11,82,33,14
11,58,69,89,89
78,50,27,20,8
59,27,61,31,29
28,14,53,35,31
55,7,45,31,73
54,25,30,68,10
61,61,43,87,33
1,40,74,58,66
59,3,36,67,48
79,43,57,32,85
27,59,65,48,26
53,38,17,3,3
40,85,8,25,84
48,18,49,2,31
15,63,7,78,37
20,77,1,54,86
0,36,52,55,23
8,50,41,76,14
25,52,82,89,57
60,71,49,39,66
21,78,86,89,11
28,64,14,63,18
52,1,84,75,0
71,72,42,3,59
63,86,19,16,27
79,29,46,4,29
43,10,28,33,35
38,18,50,47,54
71,30,86,23,2
6,22,9,7,51
35,30,62,2,83
31,17,60,32,53
33,47,37,75,17
79,10,65,36,49
6,34,22,67,62
27,44,32,65,25
85,37,34,71,36
23,75,25,47,85
6,15,57,36,9
12,32,6,12,12
9,46,37,2,20
67,47,29,27,52
78,86,28,16,36
13,64,71,60,76
31,38,65,46,55
75,35,63,39,4
39,84,80,81,70
21,89,36,88,3
76,15,82,85,58
83,89,48,19,0
14,75,41,8,3
22,0,53,19,85
1,48,14,40,73
31,49,87,16,80
33,46,78,68,36
55,42,74,83,7
2,77,89,11,69
81,60,22,85,17
60,47,62,11,82
26,22,20,40,10
80,17,49,45,71
45,21,69,13,21
44,81,56,25,6
85,85,76,88,17
63,9,46,72,2
20,60,27,22,26
34,41,83,19,49
73,76,15,38,7
36,70,75,1,46
73,32,35,9,17
65,49,75,20,50
55,29,2,24,32
4,14,54,22,81
24,10,45,81,48
63,64,44,12,61
26,49,57,32,5
69,52,2,88,21
63,3,20,2,89
83,78,38,53,10
55,40,78,31,39
46,85,8,54,33
41,69,37,48,34
85,11,18,43,66
32,61,85,73,47
14,47,21,14,36
26,10,57,19,50
6,72,64,9,44
70,37,51,32,33
77,0,66,53,77
6,67,59,69,61
13,3,29,2,81
23,82,74,85,64
32,12,28,52,22
67,37,38,55,24
43,19,31,19,22
40,78,84,71,13
13,51,70,50,39
81,0,39,14,18
78,5,23,36,67
80,48,82,31,40
32,17,83,21,56
89,20,73,50,58
12,20,9,22,35
58,53,28,27,71
2,13,82,43,58
63,13,64,66,38
19,6,55,16,28
32,56,44,40,32
23,43,16,46,84
20,45,76,38,30
7,0,79,73,19
65,46,33,46,31
89,25,27,46,48
10,70,3,60,57
24,70,76,42,49
5,25,23,1,2
39,68,81,79,89
47,70,87,48,15
14,55,6,25,2
65,52,43,33,41
23,1,6,47,39
18,15,38,84,75
16,89,49,44,23
20,73,13,87,56
63,38,25,19,57
12,25,74,68,32
64,10,83,34,63
12,40,42,48,43
13,13,6,12,14
10,33,11,74,11
45,39,67,1,72
26,75,29,8,62
42,61,50,33,71
55,69,20,6,20
67,5,38,55,4
3,23,56,65,21
0,16,9,82,5
60,51,45,35,30
10,62,41,3,60
5,80,3,38,44
26,31,36,39,58
10,7,17,70,85
23,43,86,54,84
55,75,63,58,41
54,29,9,64,6
50,16,75,33,21
57,78,26,45,14
51,34,35,34,18
1,61,56,40,8
79,78,58,34,65
33,3,20,0,60
58,18,11,73,74
25,56,17,76,38
76,8,18,61,60
43,15,65,21,76
16,42,43,21,55
68,57,37,74,55
8,79,64,16,49
81,78,22,76,87
75,51,44,6,80
43,45,0,12,69
5,26,52,20,5
13,16,71,79,24
50,15,67,46,75
6,27,1,70,59
24,41,3,49,11
20,59,18,41,28
82,64,88,71,6
65,37,62,27,44
61,22,14,27,47
78,9,73,3,27
63,1,82,70,23
73,3,32,72,17
16,34,72,10,49
85,74,32,34,34
56,37,3,8,51
63,67,68,87,13
10,70,75,40,88
77,20,30,7,44
41,70,83,82,59
59,11,54,87,63
33,19,23,87,5
67,85,34,4,66
37,73,81,49,63
32,57,19,3,17
39,4,21,59,41
46,6,65,68,31
20,57,43,85,43
59,60,88,52,84
74,79,29,30,61
65,25,23,69,14
20,9,32,62,41
34,12,2,6,76
14,29,52,44,37
47,7,9,31,47
73,46,37,16,78
50,34,82,21,68
3,31,45,40,32
33,40,8,23,20
86,83,46,62,21
54,65,7,74,54
2,88,59,69,68
17,2,82,55,55
61,49,55,77,13
24,28,46,50,49
40,30,1,25,61
86,70,72,25,57
11,37,69,84,70
5,7,56,15,20
81,79,82,43,50
20,50,41,86,81
59,6,24,60,80
9,35,79,68,82
63,84,89,33,36
69,32,46,32,20
40,81,76,30,67
71,63,0,81,59
44,36,7,46,71
89,2,51,30,82
77,29,81,87,14
50,15,35,86,78
50,41,74,86,75
31,79,18,40,11
76,52,50,59,47
49,39,36,59,26
38,27,60,24,21
48,67,55,38,68
11,37,41,78,67
64,71,78,68,74
20,74,65,2,81
61,66,30,8,6
84,16,67,16,38
37,47,66,51,85
16,51,60,33,62
47,29,78,52,81
40,48,7,14,60
51,61,35,41,65
28,19,14,87,36
23,76,80,58,64
14,51,25,6,56
50,54,60,78,16
21,41,14,58,30
29,10,42,58,59
86,86,88,6,62
60,65,8,17,41
63,65,27,5,89
55,24,70,6,71
23,1,43,0,0
1,34,50,84,21
23,30,39,31,64
56,65,23,34,19
19,71,66,24,86
17,41,49,29,28
37,67,34,17,51
8,83,63,22,53
14,69,59,27,82
38,52,4,40,26
48,67,27,34,20
43,43,42,42,57
26,22,73,13,62
5,55,76,82,80
16,14,85,73,13
35,65,32,11,12
82,34,85,80,73
37,63,54,31,75
33,67,78,72,0
26,31,12,2,60
16,81,64,22,23
22,76,88,35,59
42,62,56,73,70
48,39,3,40,12
29,49,26,84,78
28,35,42,65,58
42,10,13,18,14
4,72,87,84,16
19,17,72,52,14
5,25,78,87,40
67,2,88,74,36
46,2,71,87,36
10,2,74,82,51
9,76,68,32,1
35,33,52,3,9
19,72,14,22,30
82,80,8,32,20
36,29,71,4,57
3,64,47,50,79
65,4,3,2,83
46,71,83,72,44
73,43,17,56,72
68,64,1,57,86
1,80,61,83,81
70,53,84,17,14
20,58,59,80,72
35,59,38,62,21
8,70,4,3,54
33,78,10,23,22
60,22,79,13,13
70,9,44,1,74
70,46,83,83,38
71,89,9,86,79
13,79,69,70,7
71,20,23,7,83
13,12,78,32,26
76,25,31,39,70
27,13,76,55,35
18,41,50,56,45
75,33,74,48,32
86,66,33,44,29
66,48,28,76,85
7,50,55,47,7
50,44,1,70,13
50,76,12,74,61
6,22,55,12,7
28,4,29,9,71
45,22,35,87,33
48,84,89,80,59
3,30,49,8,0
49,37,1,87,4
39,12,76,1,47
25,14,21,78,23
43,37,7,38,63
11,28,39,24,83
51,77,49,76,14
70,46,5,8,12
7,40,70,76,47
87,75,24,21,70
47,10,53,22,65
20,13,79,53,39
68,19,76,35,27
84,52,44,81,36
45,35,83,4,42
77,49,11,9,13
40,57,31,6,24
64,88,83,85,71
81,33,26,1,34
9,28,48,50,54
77,12,13,31,23
65,36,33,2,73
8,87,41,14,17
22,72,25,74,71
47,48,23,35,71
85,53,60,38,12
34,26,50,56,43
14,28,45,0,28
32,61,81,82,13
63,42,44,33,40
44,20,81,29,47
22,65,42,40,65
63,64,85,68,81
87,13,0,42,88
25,53,37,31,58
16,73,4,33,17
52,16,85,24,73
85,78,79,30,26
74,9,32,64,37
7,44,87,64,71
37,28,46,77,86
43,34,14,22,47
16,32,59,48,62
36,55,14,69,58
64,5,67,1,31
3,6,49,48,27
81,16,36,42,72
28,61,61,49,39
20,80,54,61,76
34,13,43,36,29
83,36,8,60,27
88,52,21,55,10
43,27,43,57,73
60,36,28,88,7
88,71,70,85,37
83,45,0,89,78
72,80,77,24,11
69,43,49,69,87
30,79,45,5,3
1,51,21,80,13
79,11,17,85,55
21,4,71,14,69
67,47,83,6,80
19,5,34,15,37
66,10,77,68,22
76,38,31,89,87
81,87,34,50,5
51,44,29,76,77
65,16,10,76,58
63,27,11,67,21
39,52,63,15,47
9,33,47,5,68
1,20,77,45,17
68,11,10,29,22
23,23,81,13,83
31,38,58,89,46
67,70,2,8,83
13,82,83,27,80
49,82,46,17,89
15,7,7,44,17
12,15,13,6,17
89,27,45,56,84
60,38,4,45,69
8,4,11,82,44
6,25,38,74,89
75,87,52,6,71
9,16,46,47,11
71,4,74,71,31
29,4,70,79,8
74,0,72,58,47
11,87,52,7,83
82,6,43,45,23
1,35,67,33,83
34,74,7,67,83
88,78,86,46,65
47,6,0,13,85
53,68,35,8,66
3,69,70,21,74
80,42,26,60,75
35,57,85,68,57
64,6,11,40,40
0,22,2,26,2
28,0,14,8,14
27,59,33,18,62
68,35,61,42,26
58,32,36,60,14
21,42,5,27,89
60,76,89,16,25
5,57,29,55,0
24,56,24,55,10
84,11,37,56,74
21,17,87,33,28
78,16,5,5,81
66,5,14,50,36
88,51,50,68,49
7,69,23,3,9
2,22,16,50,21
36,84,17,61,84
77,82,24,79,78
38,46,76,67,7
36,49,42,89,68
89,32,69,35,71
7,30,52,27,10
59,84,67,15,60
82,5,59,50,25
67,21,18,50,25
65,36,15,32,73
86,68,20,41,38
81,47,51,89,52
53,67,75,4,17
9,77,52,61,67
61,23,68,18,36
70,77,37,13,80
21,82,89,19,27
15,79,77,61,64
41,43,48,28,49
39,38,2,57,21
9,85,2,74,87
13,4,85,54,28
57,28,36,67,37
32,61,77,14,79
32,18,30,35,20
4,46,42,36,87
56,22,59,80,67
83,10,20,51,56
10,35,16,17,58
6,26,31,79,52
69,70,24,60,9
12,76,86,74,51
4,65,70,50,84
57,63,25,74,73
34,84,31,15,79
5,63,45,65,14
89,12,36,69,76
80,21,20,41,1
34,78,80,21,67
23,53,2,60,82
51,55,83,28,39
72,85,30,67,25
74,9,68,83,74
72,49,34,12,58
13,75,27,3,22
28,16,86,75,13
8,61,66,37,61
56,47,32,32,69
51,52,34,9,61
4,65,32,28,84
69,71,68,24,63
42,59,4,43,71
23,3,75,55,16
5,55,25,5,24
33,21,50,25,46
54,0,66,76,19
73,33,55,1,66
49,27,5,77,88
32,23,86,65,6
48,16,22,82,68
66,14,74,8,80
85,59,77,1,8
42,58,4,21,44
69,74,21,37,76
86,22,8,52,59
35,22,79,86,11
81,21,25,29,38
33,19,18,82,53
38,41,78,75,65
48,59,48,1,39
46,89,72,56,45
36,53,58,78,35
22,32,31,74,44
68,9,84,51,2
86,25,49,0,63
50,49,57,14,47
36,1,49,36,26
20,55,76,81,11
35,4,82,45,44
25,85,48,72,60
11,28,50,49,63
57,42,84,0,5
49,84,30,32,86
31,20,19,52,51
3,71,11,77,40
49,67,39,16,76
82,75,81,30,88
7,45,69,9,23
66,84,89,74,53
67,21,37,74,7
66,76,57,86,52
79,7,61,2,36
4,7,71,73,21
38,33,4,69,0
66,30,42,84,46
81,61,43,62,6
67,49,45,38,57
79,65,36,78,47
75,23,83,7,46
89,7,43,79,49
37,20,20,60,76
15,58,55,39,84
19,62,33,76,60
58,16,12,39,80
39,2,41,68,7
21,58,3,88,74
44,48,15,4,78
51,59,44,15,85
7,15,55,44,12
17,66,84,63,83
24,75,23,69,29
1,21,6,27,14
27,23,25,79,54
88,19,32,71,49
75,6,4,37,10
17,80,3,55,21
71,29,19,33,13
84,37,49,85,9
85,18,34,78,34
81,32,49,70,17
52,32,33,76,56
60,3,42,19,76
6,27,51,43,64
67,85,58,67,35
28,72,61,64,68
17,63,20,50,73
56,25,20,21,19
49,29,4,70,29
54,56,25,55,50
14,8,38,56,42
61,10,54,60,59
76,37,83,33,37
16,3,4,51,24
10,86,65,32,4
26,13,32,13,53
35,87,37,4,26
54,66,7,41,44
12,43,41,55,16
4,50,4,53,37
20,46,68,57,17
6,63,80,67,88
23,25,77,48,6
84,48,42,3,22
39,57,75,70,62
59,73,65,34,21
52,36,89,33,11
35,74,38,39,47
7,31,86,48,14
19,60,88,14,86
32,16,14,3,53
13,57,17,37,83
75,31,89,86,10
71,67,36,17,8
26,70,66,63,31
38,4,26,8,51
17,40,35,83,59
53,77,46,31,39
23,18,59,25,47
49,78,84,36,23
29,39,23,33,77
79,5,36,55,41
30,41,41,22,4
14,62,17,76,81
61,15,37,30,52
7,56,73,43,22
68,18,38,17,10
22,69,37,70,22
39,26,35,82,36
37,5,12,19,29
68,88,21,68,89
6,44,27,82,62
7,55,49,58,70
80,25,17,2,10
5,89,44,64,44
69,9,76,23,47
2,56,18,69,60
56,37,20,7,31
79,82,46,19,7
64,64,35,75,37
33,49,86,7,0
13,88,37,34,75
84,28,43,21,9
40,29,33,77,74
84,43,50,35,11
58,41,10,83,83
85,36,3,69,75
18,67,60,84,12
9,89,3,60,51
6,47,63,82,89
20,76,34,25,60
7,24,31,32,27
10,66,50,68,10
78,18,86,66,6
21,14,57,57,23
36,60,82,45,14
0,84,29,73,31
16,72,40,74,26
31,74,67,1,46
9,19,14,2,42
3,12,44,77,3
66,56,41,9,43
64,39,66,39,83
46,36,69,0,29
66,16,46,55,44
53,39,67,13,11
31,67,14,12,36
21,61,41,6,64
75,32,16,16,8
75,9,19,49,33
57,81,18,59,71
64,43,3,26,47
50,9,69,32,50
25,24,67,22,31
20,74,39,56,34
51,33,30,38,19
54,74,34,24,35
60,47,13,29,46
8,83,30,32,28
31,49,25,28,73
67,15,18,50,85
60,48,88,21,63
11,8,57,85,23
36,7,63,67,79
30,81,34,56,19
18,53,0,41,62
14,2,65,29,50
83,52,75,5,46
80,47,70,84,13
30,65,74,65,24
46,50,58,62,11
25,14,65,11,39
15,63,66,62,36
74,37,64,5,60
45,34,49,86,35
40,13,85,89,7
59,9,16,78,34
29,68,87,11,77
75,35,57,18,61
71,84,40,77,65
75,18,41,69,28
43,30,62,9,58
36,62,59,12,6
14,3,38,1,62
73,33,61,15,84
13,46,86,35,88
70,54,52,84,13
26,79,12,10,73
49,26,30,40,53
37,5,29,3,18
3,88,71,54,22
41,13,40,33,24
87,45,88,5,71
5,17,27,59,86
46,53,3,53,6
31,24,71,3,83
80,73,55,27,22
48,55,45,10,27
86,13,42,54,87
38,7,68,71,14
31,71,63,73,26
64,47,22,25,30
32,33,12,50,52
45,30,31,45,81
12,80,66,15,46
52,85,74,57,52
32,23,38,71,25
7,48,8,66,47
58,83,6,13,11
88,82,71,74,34
10,65,57,20,49
35,21,48,45,54
12,63,86,89,0
18,42,65,46,33
49,74,28,7,66
49,77,28,16,45
23,50,56,78,67
47,82,23,28,84
64,57,87,89,2
10,76,42,65,71
20,13,35,44,0
36,39,88,48,14
64,79,22,31,26
4,54,0,23,15
74,12,51,41,15
26,0,27,49,86
48,35,12,52,62
18,0,30,41,85
81,22,28,37,55
56,65,46,65,60
28,63,84,29,8
62,80,7,32,44
75,44,76,48,66
72,45,16,38,36
52,20,53,53,28
55,22,38,43,11
61,77,6,85,64
5,12,71,72,24
56,2,10,22,6
47,61,54,40,11
0,65,3,78,70
50,32,9,24,24
25,18,3,51,32
58,42,86,75,60
88,36,16,32,10
68,33,18,80,18
74,65,71,39,53
71,27,64,76,14
72,25,55,74,65
13,26,35,69,36
17,70,48,55,39
68,54,78,81,26
12,5,79,23,28
46,10,57,79,10
55,28,67,3,65
73,79,1,45,35
32,74,81,76,86
45,9,86,20,88
76,48,8,70,35
70,19,58,7,32
28,3,40,70,71
8,55,11,73,14
26,72,87,79,73
63,81,68,54,72
78,49,58,19,55
79,16,46,39,2
48,86,39,16,68
2,84,0,78,49
43,56,80,76,30
58,28,40,79,32
83,50,17,52,36
9,39,89,2,3
29,80,44,54,23
83,5,18,22,10
73,21,53,86,39
60,12,62,36,10
6,53,70,77,53
73,13,21,62,41
79,28,47,86,35
51,40,22,64,48
45,25,78,59,61
80,27,75,8,78
79,75,63,49,76
88,49,45,13,23
20,86,56,38,81
55,76,47,31,31
14,88,72,76,59
37,19,13,7,16
53,50,32,87,29
46,67,50,59,55
46,41,6,56,25
16,36,62,20,85
52,37,77,83,12
49,37,11,63,61
21,5,88,74,0
51,44,50,33,59
78,31,81,43,50
60,23,60,61,56
29,46,65,38,58
27,26,31,69,28
51,17,51,25,73
49,67,40,71,86
63,65,84,79,39
67,83,64,20,70
56,60,55,61,43
46,43,13,20,44
89,23,83,48,40
89,23,15,33,70
88,76,61,85,8
78,70,5,9,40
43,3,3,57,63
29,36,39,89,3
42,9,19,45,52
29,44,48,29,88
9,65,48,50,1
7,17,12,29,2
54,10,39,2,3
18,63,26,39,35
36,7,3,82,9
11,80,40,76,21
67,19,60,82,18
35,78,25,42,52
25,0,31,61,25
53,14,39,24,11
54,29,78,4,79
35,38,21,27,36
28,79,46,36,16
47,56,3,14,28
9,68,24,77,46
64,23,12,0,75
15,59,40,78,72
28,6,1,18,46
78,35,37,85,79
59,87,63,24,87
82,2,64,87,20
72,72,3,25,25
22,82,75,76,87
20,58,57,51,41
61,57,68,78,56
84,13,73,24,84
28,85,82,72,71
35,73,39,54,2
53,30,55,9,7
41,42,54,87,78
58,35,9,57,70
39,86,38,89,52
31,75,82,21,30
36,59,26,12,44
30,33,23,69,85
18,31,23,40,84
9,80,52,8,77
17,66,13,65,53
74,48,67,9,64
33,26,14,49,79
4,16,38,39,59
66,14,74,8,52
74,78,87,33,1
51,54,35,34,20
40,81,46,33,85
88,65,66,14,39
63,72,81,75,51
30,36,1,71,9
48,0,78,49,15
31,16,66,2,0
40,54,0,72,58
2,40,47,68,15
52,61,47,89,33
64,31,84,38,57
14,31,74,18,20
38,83,1,63,64
37,13,77,46,58
5,1,83,86,61
20,63,63,12,67
66,62,17,36,44
47,65,88,34,63
44,66,77,38,27
78,80,65,18,62
89,41,85,31,66
61,20,62,50,46
7,84,43,1,40
88,60,45,25,77
34,37,38,18,67
20,52,77,73,53
78,54,28,88,52
53,41,20,19,50
81,25,63,79,10
24,14,11,8,22
25,1,27,21,28
69,79,19,31,84
60,0,71,68,81
41,70,27,11,49
50,8,81,23,3
18,86,23,50,60
17,9,22,29,47
32,34,6,11,78
53,45,74,24,81
39,28,34,65,59
11,6,6,45,25
65,5,15,87,77
50,51,68,74,81
8,41,89,53,52
54,59,68,41,15
64,86,41,10,71
21,86,62,86,33
48,3,43,18,42
32,27,16,9,31
54,80,87,28,36
85,55,23,63,21
41,7,13,1,44
21,46,85,85,49
48,12,61,74,14
24,52,67,86,77
25,56,82,35,15
60,57,79,86,10
81,44,54,63,30
38,79,36,57,82
51,26,7,77,49
16,34,53,17,66
41,32,38,40,24
19,13,40,20,74
46,74,74,1,56
76,79,17,22,20
77,42,2,82,63
54,15,20,48,83
1,72,1,81,73
22,31,16,61,86
46,49,46,44,29
60,74,28,87,85
43,53,69,8,82
40,60,87,24,55
78,67,63,67,34
8,8,62,46,6
27,8,86,70,29
57,4,55,31,65
50,68,85,25,14
33,70,48,8,53
24,5,31,55,11
16,54,17,59,89
38,33,15,44,34
53,51,2,62,70
59,40,32,6,72
31,8,79,73,8
21,29,22,30,74
13,12,26,50,80
1,26,71,89,15
47,34,14,46,7
39,44,83,34,26
26,28,23,31,84
16,58,76,79,62
12,38,23,33,83
13,26,23,65,81
54,47,6,1,24
76,75,49,58,72
39,44,71,21,79
36,11,86,41,24
68,50,77,16,56
89,74,40,58,15
78,33,56,48,78
50,37,19,49,81
62,43,8,83,8
2,65,84,11,45
43,89,61,36,81
37,84,33,85,20
71,4,50,79,55
58,75,7,69,3
68,15,45,19,6
38,20,79,34,25
73,48,40,76,74
65,36,37,1,24
79,71,46,57,31
8,81,61,37,71
85,9,12,36,43
63,89,2,89,24
80,27,66,59,53
14,40,86,14,7
34,58,16,18,30
32,62,29,77,66
18,10,62,37,39
29,6,56,12,41
33,40,5,48,15
81,9,20,45,18
54,9,74,83,82
64,54,29,14,47
38,45,89,77,13
28,77,6,61,82
67,88,63,65,45
20,63,33,72,5
47,82,15,61,56
50,58,36,34,20
42,89,75,63,87
69,80,48,13,47
13,64,78,1,47
29,68,51,44,5
89,54,53,67,2
48,42,4,37,16
61,31,81,38,47
57,42,88,24,11
58,64,61,2,4
86,65,89,37,42
67,44,56,26,82
31,74,57,46,42
63,24,44,24,88
43,50,6,61,39
58,71,14,86,40
2,81,7,83,39
56,53,65,58,85
16,31,56,36,16
53,71,56,48,9
1,61,39,25,39
39,57,50,51,41
38,10,70,59,81
84,78,74,1,87
23,11,79,3,29
68,69,26,80,80
88,27,55,8,34
33,50,84,66,20
47,65,83,44,67
17,5,54,16,51
36,54,62,37,26
34,20,68,35,68
75,57,35,30,13
14,24,52,18,79
53,74,21,3,87
8,22,12,62,80
39,86,74,80,55
21,2,16,32,74
11,33,36,40,81
64,89,22,57,11
56,51,43,67,21
20,44,69,67,34
53,77,37,82,54
31,42,32,27,46
50,62,79,49,14
66,86,4,30,50
26,17,87,44,54
16,26,55,19,71
36,78,17,87,50
47,21,77,50,23
76,64,75,29,34
24,70,79,60,28
67,8,28,53,26
18,41,23,66,67
33,84,74,81,7
89,59,61,35,65
48,89,52,29,52
62,11,55,84,23
33,22,82,41,81
36,15,68,19,23
18,5,77,54,75
11,51,65,2,25
29,89,79,21,71
64,32,31,59,38
2,37,34,16,15
16,52,60,87,19
89,74,27,13,63
16,82,0,73,36
76,17,13,38,71
68,43,49,40,33
16,3,62,33,86
84,26,6,81,24
85,67,18,77,85
4,30,79,20,38
23,16,51,72,69
48,7,57,32,39
13,77,68,63,5
54,34,79,1,3
57,1,23,86,8
74,86,35,14,38
69,69,18,16,39
60,88,50,8,26
11,2,19,7,26
3,31,24,50,9
9,30,31,82,19
74,40,83,19,5
7,45,37,36,18
38,88,65,64,29
85,74,68,42,79
62,70,43,13,8
87,7,85,28,29
84,27,80,7,85
57,76,8,21,89
11,61,5,17,14
51,17,71,65,60
20,44,2,72,77
84,23,9,32,46
16,2,25,75,29
3,22,1,89,58
84,37,38,12,16
31,35,72,83,88
30,7,16,6,1
2,13,46,21,64
69,49,16,31,22
21,64,3,12,9
79,23,25,1,56
73,84,14,17,56
43,57,37,19,50
63,33,3,89,79
6,59,25,66,3
55,64,10,21,48
82,68,21,34,79
34,28,26,16,10
78,13,62,8,5
24,34,1,44,3
15,1,35,18,71
67,75,10,51,0
7,44,57,20,5
22,88,37,77,69
48,46,68,48,62
37,74,47,23,3
16,78,33,44,45
65,24,55,49,76
81,53,50,24,61
68,45,84,51,22
78,49,47,88,35
46,86,14,49,40
37,63,47,63,54
71,11,50,78,18
88,39,33,42,77
65,83,52,45,38
84,41,44,25,31
9,36,48,45,20
70,60,1,56,4
25,55,44,80,36
44,9,46,60,15
28,69,54,52,35
32,52,82,58,64
89,25,10,49,71
4,72,38,27,79
31,87,27,63,81
82,43,75,23,15
21,67,66,16,32
31,76,17,54,19
19,67,42,49,12
56,74,42,29,20
47,12,45,71,54
62,12,68,67,36
36,60,46,82,6
86,83,47,54,40
45,57,20,60,48
10,70,68,40,72
69,56,5,85,23
34,14,43,79,14
15,1,79,34,63
64,71,52,67,16
85,19,50,60,54
53,43,16,61,70
72,36,17,84,12
45,48,69,9,17
11,42,39,43,87
33,50,34,63,1
29,62,80,31,23
13,10,22,85,24
17,34,58,70,54
66,89,26,3,38
9,67,21,59,31
43,30,8,2,18
87,16,47,49,25
22,42,78,82,43
18,42,1,33,32
20,15,55,10,69
35,5,9,54,27
52,23,2,65,58
71,24,66,15,24
76,4,62,31,89
16,80,10,62,17
85,57,73,51,67
67,42,1,87,86
86,55,4,63,29
33,77,52,78,39
15,58,24,8,2
29,0,20,8,40
67,25,15,20,77
66,10,40,6,5
60,12,26,49,37
39,71,55,44,60
23,12,75,26,80
4,54,51,27,23
1,14,6,68,35
62,86,18,31,87
62,10,19,54,37
55,6,73,88,72
46,12,36,0,74
70,24,83,17,58
9,36,24,14,59
26,87,83,59,72
81,35,66,7,1
29,24,11,88,55
55,25,22,86,3
13,88,5,9,40
32,31,36,57,20
35,7,41,33,25
1,70,6,59,34
54,23,1,67,2
7,89,20,81,33
53,0,66,35,41
62,38,41,58,35
34,37,65,41,63
32,73,27,71,61
35,66,89,89,83
5,59,54,59,76
63,60,76,32,22
11,66,27,3,27
74,19,42,70,22
34,71,52,23,79
46,42,12,47,65
44,7,25,7,18
7,15,64,81,23
39,41,38,27,66
30,58,60,65,44
80,35,30,83,49
86,9,28,2,67
51,9,32,16,2
63,39,89,79,18
59,67,55,17,3
5,2,18,50,32
8,38,54,33,88
45,58,87,52,70
58,32,77,82,85
19,50,4,25,82
71,17,24,4,1
0,37,71,79,17
53,60,82,85,66
56,34,71,39,47
58,82,83,61,59
89,58,11,82,7
74,58,13,87,15
58,56,31,40,30
60,15,22,5,73
11,10,9,18,88
4,24,59,35,80
75,36,68,33,12
51,36,81,85,72
69,63,65,10,8
24,48,27,5,44
53,30,87,26,76
3,31,60,29,86
64,67,41,64,87
80,60,51,66,26
68,82,72,8,77
65,54,34,8,58
46,83,67,62,16
79,57,88,19,80
55,67,51,51,2
26,34,22,69,23
20,28,29,70,4
72,9,53,84,13
19,6,2,6,25
10,88,31,27,43
24,71,18,6,32
86,5,3,6,10
15,4,48,79,24
77,89,31,35,45
81,27,72,31,75
14,74,49,86,69
17,65,34,66,84
66,22,58,30,87
21,42,48,33,76
79,80,68,55,55
84,82,88,70,37
17,16,44,37,30
43,39,53,0,32
4,54,40,48,18
0,33,59,61,50
78,38,26,6,85
84,69,7,46,28
7,75,37,37,45
7,36,32,71,71
72,82,50,49,39
83,32,88,20,28
66,11,11,27,19
83,52,13,89,8
30,71,89,88,76
55,46,65,24,78
64,13,7,29,3
27,13,39,4,41
6,8,45,20,53
62,28,72,22,80
36,46,79,69,27
56,21,28,39,30
87,63,81,73,14
7,3,15,81,18
45,60,26,35,25
37,26,36,42,47
5,14,10,11,85
30,9,66,88,27
31,60,46,32,89
84,81,10,38,67
53,19,80,82,82
56,36,40,78,58
6,14,39,68,67
18,69,3,8,8
15,29,88,54,18
1,53,63,65,38
42,66,7,74,46
36,49,55,6,16
55,12,46,52,63
25,20,84,64,61
32,56,51,15,14
62,5,51,9,73
64,36,81,38,88
42,35,4,74,62
17,31,2,74,54
71,76,23,81,2
52,72,69,17,22
67,57,67,80,15
77,83,80,16,29
61,37,73,64,70
34,67,6,36,10
47,31,17,14,36
44,72,59,89,68
68,45,25,20,40
18,43,82,49,15
59,1,67,2,49
36,89,63,29,34
39,16,44,62,78
79,15,58,78,25
40,53,77,70,44
29,63,8,64,42
73,70,19,82,87
39,65,64,21,26
28,34,19,72,87
85,54,49,30,33
49,86,25,32,0
84,22,13,48,0
21,24,7,67,27
15,89,78,29,81
11,50,25,44,8
61,46,16,13,36
51,48,69,88,0
85,77,83,45,55
45,21,43,50,69
66,12,74,9,38
45,55,39,69,20
71,65,22,1,84
84,23,81,34,69
20,78,46,88,79
66,19,31,23,65
11,5,39,15,3
83,10,69,18,85
7,45,67,53,0
57,79,29,35,12
87,84,28,21,83
72,64,2,3,18
11,75,28,39,37
73,16,52,9,47
73,1,44,0,16
48,88,17,69,78
67,2,15,45,62
89,82,63,9,28
73,81,25,41,39
54,24,21,53,45
48,65,21,77,52
65,10,67,73,84
27,55,78,66,3
20,4,81,18,44
89,34,77,80,18
32,2,9,4,77
56,16,83,79,85
88,47,56,44,17
88,0,57,5,47
38,74,8,29,39
68,64,49,57,25
2,66,87,33,60
38,18,43,24,46
14,72,78,24,30
87,74,1,37,3
32,58,42,13,17
21,11,14,86,57
85,20,44,18,28
11,66,53,83,35
41,35,22,73,20
23,88,56,43,24
83,56,87,3,30
21,32,85,83,73
65,50,7,25,73
86,34,0,23,51
46,18,33,25,76
37,40,28,30,37
57,19,16,22,77
22,27,62,36,59
49,69,15,70,59
52,0,80,83,35
28,25,66,16,88
13,37,76,47,36
87,30,55,54,4
32,32,41,31,68
21,74,31,34,76
29,19,81,28,34
56,18,61,3,43
48,10,70,63,61
66,83,53,7,12
25,84,77,31,69
10,85,71,60,86
26,63,37,62,57
2,82,45,30,62
23,67,63,5,2
32,52,68,69,73
69,71,46,70,25
21,79,13,84,35
10,31,71,35,32
77,1,69,35,21
30,73,79,88,88
14,26,67,84,1
29,63,12,82,75
54,31,66,77,59
88,13,61,63,64
12,12,23,0,6
16,66,10,21,9
84,18,52,13,19
0,60,67,16,82
37,50,61,66,66
29,38,68,12,70
14,77,57,28,16
41,14,68,77,23
85,0,67,9,79
82,88,58,14,60
68,10,72,43,14
65,69,41,0,62
6,15,42,73,85
1,67,5,3,66
88,87,1,45,22
65,10,32,1,86
10,11,84,18,80
46,25,19,2,24
9,81,60,23,11
69,37,69,8,56
20,53,17,3,11
39,87,29,61,70
67,89,6,66,64
25,14,86,10,58
23,78,0,6,12
38,84,46,21,53
75,33,49,84,45
69,54,63,51,1
82,1,21,65,2
71,20,11,26,88
59,12,70,86,17
82,20,86,1,39
42,42,45,23,27
22,0,31,32,77
18,43,32,0,17
48,0,32,39,30
1,6,47,5,16
33,19,30,69,0
49,43,33,79,21
57,67,82,42,33
88,68,49,19,6
18,24,86,1,44
41,51,64,76,77
19,77,9,30,5
5,36,34,65,24
40,14,52,49,26
19,15,37,48,35
20,58,23,45,61
53,24,23,13,27
78,69,32,37,8
39,75,85,41,54
30,62,15,83,57
59,28,25,2,23
36,46,49,46,28
30,44,17,82,28
70,14,82,58,26
75,78,19,53,37
1,33,84,19,5
20,12,16,46,72
29,55,8,19,81
9,81,64,3,14
66,79,75,49,20
12,63,0,18,52
39,23,46,35,35
3,28,26,57,52
60,53,26,83,76
72,33,41,45,58
32,2,83,71,33
0,44,28,33,24
23,4,54,28,87
20,34,3,87,12
63,11,43,10,43
89,53,39,20,21
75,72,21,74,59
6,47,63,64,75
88,32,9,30,76
40,68,67,41,65
77,43,88,1,89
21,27,31,58,52
58,65,64,42,1
75,34,60,21,26
52,82,40,69,26
58,69,51,46,26
42,85,16,10,89
33,0,29,83,21
83,63,45,52,8
55,84,16,68,28
66,40,6,10,83
32,31,10,5,62
32,64,38,64,43
47,45,55,89,15
55,1,40,71,16
61,28,53,70,28
3,43,44,79,35
2,23,55,4,27
34,27,20,80,15
73,2,71,81,72
16,13,19,26,81
3,16,3,23,19
58,54,63,79,85
53,20,11,77,34
7,88,77,35,29
37,42,84,61,15
19,88,46,31,16
3,65,46,40,11
48,2,26,78,61
58,78,25,78,33
53,3,47,16,50
31,9,27,27,54
68,39,38,71,87
70,31,56,28,59
17,33,75,40,63
85,65,59,89,53
24,76,76,77,28
39,40,77,49,54
42,41,5,59,43
0,34,46,77,83
21,72,73,69,42
79,55,34,71,85
60,76,4,35,41
28,78,74,9,69
79,82,45,82,41
40,59,22,16,28
55,57,78,64,52
27,88,45,39,87
86,66,14,49,8
9,6,49,60,19
88,64,61,28,4
51,40,36,6,12
40,47,19,76,30
8,7,27,44,17
57,65,87,48,85
17,1,8,30,62
48,71,85,31,63
17,87,70,74,13
24,77,61,74,33
71,28,89,52,42
61,81,86,73,79
48,37,63,66,8
50,49,78,33,40
9,34,48,32,14
69,28,84,18,67
33,53,49,55,39
2,82,21,74,25
20,86,5,48,25
1,51,34,58,23
24,25,86,81,60
2,73,22,43,56
2,50,59,5,74
78,53,32,51,13
39,29,26,7,42
63,1,38,61,16
18,83,4,64,15
62,73,77,2,26
67,35,34,37,34
44,31,31,60,11
82,31,19,13,33
22,49,34,40,63
12,2,67,32,38
71,24,5,13,21
57,49,1,0,50
1,80,75,15,26
16,15,0,86,9
31,11,86,47,74
26,75,2,7,39
14,17,28,51,42
65,41,36,66,53
50,77,40,4,71
42,37,31,87,59
10,63,28,24,18
16,43,18,85,85
41,0,39,54,5
18,25,21,8,25
72,29,17,32,70
34,19,57,28,82
14,0,45,38,4
87,78,53,70,73
55,47,89,7,43
35,35,23,82,10
55,20,53,24,60
31,88,38,53,1
30,6,19,24,70
32,17,27,49,84
72,77,8,63,22
11,88,48,17,44
8,61,55,77,45
88,40,54,77,79
22,9,36,56,38
65,7,33,80,57
40,76,41,46,39
14,21,51,37,35
62,46,8,23,88
41,67,24,54,84
85,67,13,62,89
11,7,10,28,78
26,3,45,58,54
6,21,42,48,72
4,30,57,33,87
78,27,79,57,16
87,42,18,85,61
72,30,66,55,38
79,34,33,15,67
9,27,20,29,84
21,65,43,52,11
44,79,72,32,64
54,21,41,71,44
87,81,4,46,70
53,37,84,65,55
69,29,75,59,88
64,68,26,88,64
15,33,49,36,4
59,24,59,44,45
80,67,75,46,41
88,1,88,10,33
26,38,27,4,32
38,7,39,13,47
6,88,55,13,40
33,54,74,4,58
36,58,8,28,44
86,28,76,87,80
17,74,29,15,0
77,18,51,10,44
22,61,78,64,86
7,20,14,66,70
5,5,55,8,31
71,42,31,2,71
41,57,31,22,6
5,84,66,76,81
89,67,65,61,65
16,31,73,84,74
20,27,65,1,77
9,82,65,50,57
68,52,63,46,23
7,10,24,36,59
74,14,26,64,23
66,0,89,80,29
45,49,83,88,58
18,77,54,20,82
50,21,58,33,42
29,72,19,87,25
48,54,60,18,12
64,9,22,50,51
68,54,70,51,75
41,15,44,36,19
6,19,57,46,76
15,84,75,33,20
67,83,87,42,45
75,64,35,60,32
89,48,11,50,57
75,50,52,11,38
35,72,24,50,36
51,49,22,28,51
46,48,88,69,34
46,83,21,74,13
71,44,44,31,31
22,13,87,46,62
76,21,7,28,68
71,34,14,35,70
61,67,6,88,87
7,74,10,21,65
86,86,35,68,0
75,80,68,53,38
78,12,72,25,21
44,25,18,51,54
17,38,10,12,3
28,4,48,86,73
79,78,72,30,52
62,22,8,58,52
73,56,33,66,31
24,16,33,31,15
48,54,8,13,46
21,36,42,63,18
17,2,65,5,1
85,50,58,18,6
70,84,35,73,28
25,78,33,28,45
18,15,0,65,25
59,19,7,2,34
64,80,50,75,80
56,23,5,46,36
4,57,19,40,1
55,73,37,54,66
2,75,29,39,55
14,70,48,4,65
26,81,83,68,47
88,85,28,19,62
77,56,55,81,8
76,52,69,9,1
24,81,7,61,79
56,43,5,87,29
28,21,27,50,10
8,6,69,50,25
6,52,65,58,53
61,35,52,14,42
35,27,61,86,22
53,51,9,29,30
43,56,80,74,83
84,67,83,57,37
52,33,10,86,67
66,47,26,7,88
30,26,66,35,55
37,57,74,2,10
56,71,69,45,33
38,3,3,31,60
86,26,21,12,52
11,65,72,16,14
74,13,77,61,44
8,43,3,37,6
39,87,74,55,62
15,27,35,18,32
63,80,4,27,74
28,40,53,3,12
84,82,25,30,83
3,41,2,86,21
59,46,81,47,50
36,32,48,67,42
9,81,36,78,38
87,78,80,74,49
5,82,75,10,5
69,79,36,61,3
73,53,46,61,7
32,67,86,81,9
9,45,58,19,45
77,67,35,75,55
76,48,54,53,73
27,1,63,3,60
34,39,55,69,63
23,4,53,84,21
42,76,62,19,27
61,44,1,50,14
4,54,47,48,77
56,3,52,43,52
55,54,86,83,83
16,36,26,21,87
87,54,32,1,1
80,69,47,46,51
25,32,30,66,22
77,3,81,36,30
32,22,18,69,5
64,16,86,76,60
28,46,70,25,15
76,3,61,66,33
51,47,21,62,37
73,31,76,11,21
23,46,80,4,76
78,74,68,49,37
78,29,6,1,40
5,55,0,87,22
28,12,51,35,84
13,18,13,73,40
28,13,31,17,57
70,83,74,85,65
41,78,24,64,11
55,82,29,71,70
32,80,11,24,6
72,74,73,66,72
3,34,57,72,28
47,75,60,39,1
43,5,30,16,52
67,47,33,25,24
21,81,44,49,63
53,34,69,47,86
29,28,9,26,29
56,0,29,7,25
4,31,48,71,59
62,40,60,21,40
76,10,78,2,66
59,32,75,1,5
66,64,31,50,75
21,15,42,68,89
33,59,80,74,20
25,30,36,16,52
43,18,15,30,87
25,67,13,51,79
27,51,38,30,57
70,22,33,0,43
30,5,9,81,42
58,70,34,25,3
9,70,81,7,10
11,33,0,21,72
88,50,48,85,79
14,54,69,64,10
72,50,80,64,47
34,43,14,21,56
46,67,62,66,67
1,78,85,46,56
63,3,84,16,3
1,42,79,60,43
71,49,42,5,43
56,39,61,19,60
9,20,44,53,73
83,65,77,20,61
62,24,55,87,43
0,89,33,44,87
52,20,70,24,71
74,26,4,42,12
9,36,41,59,58
13,52,2,31,60
48,47,0,44,50
88,55,0,62,89
21,32,89,86,84
36,56,41,54,43
27,35,53,44,56
67,52,20,71,80
12,36,62,65,86
38,77,57,37,21
21,4,41,46,45
17,5,33,49,54
31,36,77,81,70
22,8,86,86,21
54,57,75,1,36
87,27,86,39,22
71,88,52,85,0
32,7,68,87,25
17,17,48,63,20
67,29,26,36,7
84,83,89,78,12
51,88,21,52,65
2,29,61,69,12
50,15,53,19,56
20,14,75,13,23
69,8,72,50,37
89,16,52,22,58
65,77,13,60,0
33,73,1,41,18
53,80,82,41,4
67,23,76,58,67
71,14,49,27,48
73,56,22,27,49
66,12,12,34,61
71,8,63,44,44
80,81,0,3,89
5,36,48,77,52
34,59,32,8,48
66,45,2,88,43
77,57,32,81,14
24,83,29,15,86
59,64,89,20,15
68,25,27,56,83
7,41,11,1,38
65,75,51,18,13
53,86,35,29,22
45,16,25,35,85
79,0,20,3,26
5,7,45,47,88
68,17,64,33,71
4,31,20,27,16
81,21,0,7,36
22,35,51,70,56
81,35,23,76,12
23,22,17,29,67
7,17,14,74,80
43,84,53,89,87
26,31,18,71,34
64,3,62,14,46
11,43,5,60,83
20,10,4,62,3
50,30,62,34,5
18,79,6,33,49
48,86,67,48,83
2,29,8,31,23
83,88,67,75,80
12,35,49,40,45
30,17,87,8,70
47,58,23,19,0
9,47,21,79,47
14,3,89,5,69
67,88,49,51,18
37,4,7,76,59
40,83,53,26,57
24,55,10,84,66
65,62,57,80,44
52,39,37,40,18
67,51,74,45,44
33,48,38,41,32
80,17,35,47,68
17,11,32,30,5
18,78,56,27,74
88,36,18,82,24
33,71,59,75,59
11,70,25,26,6
89,61,60,29,79
2,58,9,53,55
3,87,35,50,4
17,37,29,45,20
5,89,5,50,82
22,8,45,75,0
48,7,12,14,72
75,41,23,88,14
71,76,8,7,68
72,39,87,39,61
47,2,83,88,74
83,2,22,34,64
19,67,87,50,54
81,80,75,85,1
53,89,0,78,62
77,53,45,2,88
48,73,17,44,50
28,47,2,37,17
32,36,17,32,46
43,25,85,26,38
35,36,56,62,66
27,83,67,39,40
80,26,50,0,54
60,27,6,49,33
76,45,32,72,23
32,5,49,6,28
74,4,56,80,51
39,62,40,46,72
2,52,42,87,27
53,43,66,82,63
84,16,88,63,28
82,38,46,33,64
66,49,28,40,71
13,44,66,52,49
24,16,19,46,38
22,77,24,23,56
72,12,28,53,84
46,3,68,77,3
60,87,4,79,60
22,39,26,86,77
12,14,53,89,50
70,38,64,30,64
6,85,63,51,85
53,43,53,23,29
77,52,52,43,74
54,38,80,66,42
60,88,67,66,7
65,1,76,52,10
33,63,83,49,69
62,54,28,74,66
74,16,56,25,68
42,20,80,14,22
24,27,27,3,40
55,73,52,11,6
22,20,69,59,18
52,32,48,89,58
32,13,29,76,88
2,35,51,68,53
28,62,58,37,89
33,84,52,19,76
57,46,17,42,36
50,78,28,41,9
65,81,63,80,78
67,30,28,20,14
7,78,37,0,24
22,81,59,80,36
54,42,59,52,2
11,49,18,70,74
23,17,25,43,72
8,26,82,71,81
8,8,62,85,21
15,22,4,29,36
20,10,14,82,82
39,44,77,42,7
59,15,68,3,53
88,78,0,7,33
72,78,33,55,34
75,26,43,24,53
1,67,20,10,9
38,65,7,13,86
76,41,67,18,87
23,24,65,61,50
13,15,19,16,54
46,64,29,28,36
74,67,48,51,64
10,46,81,63,83
73,22,77,44,16
42,41,19,4,4
73,44,39,33,47
34,34,51,8,31
67,14,8,75,78
40,74,63,33,15
32,78,1,18,28
80,14,19,49,75
33,50,28,69,85
55,67,40,22,10
43,38,73,86,1
35,35,42,75,14
24,83,2,24,37
9,5,29,47,41
26,80,87,67,18
52,26,22,59,12
34,19,1,23,18
84,8,24,82,1
80,79,81,18,73
38,84,9,30,74
53,86,60,7,75
2,58,59,67,56
6,2,21,4,19
59,77,22,24,58
66,51,20,52,22
48,15,26,20,51
29,73,69,32,64
28,71,64,6,40
17,43,21,53,62
2,18,29,22,18
70,34,28,47,60
72,36,72,2,62
0,46,72,8,76
28,86,45,55,78
54,49,16,69,44
42,21,72,10,72
55,48,14,53,42
59,56,81,41,55
88,44,77,86,83
13,30,80,70,55
31,15,40,5,57
2,58,39,26,54
0,48,37,68,16
0,17,3,23,48
40,71,88,16,40
33,33,48,35,55
55,83,61,0,0
54,76,83,86,84
1,75,38,1,16
11,65,71,12,19
89,60,32,30,36
15,3,26,4,0
78,35,75,31,31
18,29,64,42,66
16,55,36,6,34
27,44,25,14,62
39,70,82,66,8
20,24,43,61,79
78,26,9,6,3
9,1,55,53,14
65,73,80,3,3
37,81,38,55,44
13,52,58,87,6
26,74,27,59,27
56,78,5,79,4
50,75,79,25,52
66,37,87,39,60
77,21,48,50,15
31,23,61,37,89
71,28,65,35,51
76,77,39,63,3
7,63,60,38,0
67,15,83,68,75
80,12,69,85,1
27,12,18,9,78
88,53,76,36,1
25,15,8,38,5
38,7,59,20,61
49,13,22,47,80
9,70,23,7,18
78,28,80,32,27
21,12,66,75,23
12,35,19,60,6
68,36,78,41,83
12,65,50,55,2
64,81,27,17,62
25,50,40,17,4
35,4,41,61,77
83,66,67,23,20
74,27,40,46,79
57,50,3,11,5
61,67,13,51,74
46,33,32,32,50
43,48,82,36,51
50,65,64,21,70
63,8,17,3,33
35,54,1,77,71
23,61,81,69,30
23,80,35,9,17
74,62,6,82,86
41,58,34,44,8
84,19,10,71,42
14,6,65,89,28
36,36,16,63,33
71,76,49,49,77
41,41,59,25,69
88,59,71,84,41
73,41,89,7,32
47,77,80,59,59
52,72,72,24,65
16,64,29,8,79
75,50,21,37,33
68,52,28,48,51
44,20,32,79,26
15,45,41,7,82
46,33,60,86,17
69,14,69,85,39
39,30,26,27,19
39,43,44,65,88
20,68,16,7,31
80,28,15,66,57
3,58,66,9,5
68,72,52,85,36
61,65,51,11,66
85,18,40,87,59
86,14,84,76,60
15,74,35,28,50
83,85,68,89,46
27,58,20,14,80
83,65,24,73,36
61,83,5,7,44
48,27,43,46,67
6,78,19,18,20
37,60,76,13,16
31,0,13,45,26
28,81,17,46,10
48,73,42,84,41
75,82,22,78,88
24,63,74,38,59
80,0,27,70,81
39,5,6,1,63
52,38,3,37,85
21,56,72,47,14
79,1,66,58,54
47,60,75,61,85
63,73,39,50,12
70,75,27,8,82
19,49,43,32,57
14,18,38,29,25
7,85,89,10,23
75,41,57,3,13
60,69,82,56,48
59,24,38,79,7
62,16,0,35,89
67,3,49,43,33
4,17,4,48,48
48,82,11,18,18
47,48,10,72,10
14,56,40,56,0
39,81,25,4,59
40,52,27,76,56
55,24,65,15,7
2,26,39,72,0
34,28,32,14,18
46,43,77,75,78
4,13,44,2,37
61,69,47,18,74
34,48,20,3,61
5,42,26,74,38
34,62,0,25,3
76,77,70,59,6
39,3,68,36,3
74,89,52,63,85
35,31,1,86,31
13,74,56,26,7
66,42,59,39,38
11,75,0,40,31
14,22,29,77,58
77,79,86,6,42
39,1,59,20,57
62,13,27,4,47
45,57,85,84,71
42,56,17,35,44
69,88,30,74,51
89,11,33,75,14
40,29,23,64,11
87,59,36,12,74
32,79,65,82,87
80,54,45,48,80
32,73,37,79,70
52,76,64,84,37
56,17,20,21,65
29,62,18,54,44
29,72,9,33,44
18,7,31,80,23
12,18,36,0,28
19,18,56,63,78
67,52,62,73,74
36,39,32,77,38
77,60,28,43,34
83,31,68,19,73
32,83,21,58,13
2,50,65,51,66
5,30,40,78,22
54,55,38,39,3
16,51,3,81,66
46,34,38,24,57
24,60,47,74,20
6,82,3,58,63
77,21,85,78,49
55,0,19,12,43
7,65,59,9,58
65,26,20,35,55
61,66,11,58,83
71,49,17,82,51
6,78,14,50,76
84,12,22,8,31
58,73,74,32,69
69,83,78,78,63
42,34,28,47,37
0,55,1,47,12
89,10,18,14,5
30,52,7,53,59
33,44,41,61,2
3,31,34,55,14
83,35,20,77,29
54,64,23,53,63
11,41,5,1,32
1,46,82,20,75
17,61,45,28,86
16,14,24,64,81
5,81,56,80,29
61,59,74,80,82
42,8,62,87,62
13,55,30,20,68
5,74,59,16,78
47,59,35,59,40
34,16,83,46,51
84,55,18,31,13
50,64,80,10,21
49,0,74,70,88
58,27,72,55,58
24,53,71,16,23
47,38,78,82,34
16,39,82,62,66
4,61,83,20,31
45,30,79,76,84
38,85,6,82,49
49,71,37,84,89
21,3,24,25,71
24,29,87,27,72
76,66,87,29,33
31,52,6,70,34
89,42,29,40,56
28,23,66,52,44
3,16,84,32,48
26,62,26,3,81
59,14,78,41,37
60,1,60,53,6
5,80,67,57,71
73,1,24,52,18
0,29,24,73,66
19,2,25,69,34
10,80,4,34,33
6,69,31,83,48
11,84,29,31,64
60,51,85,89,33
67,35,39,51,33
6,87,0,79,13
89,24,37,32,83
17,70,18,78,88
25,86,58,74,41
80,19,39,67,20
13,43,58,2,2
9,26,30,30,78
25,56,33,44,1
37,28,44,44,11
84,35,75,0,42
29,83,66,32,13
57,53,25,45,24
10,46,55,83,31
66,12,81,20,46
9,68,26,82,45
79,51,45,26,53
76,48,15,89,74
42,50,13,40,54
68,39,76,39,32
28,65,87,41,4
35,44,0,25,76
18,69,89,15,69
74,15,29,52,65
68,46,87,32,3
28,77,31,78,65
7,43,48,6,42
6,78,79,64,43
67,1,74,18,47
85,0,81,22,54
85,50,34,16,17
85,47,0,87,4
56,12,24,35,79
35,48,47,0,44
37,39,58,14,72
54,57,40,67,74
32,39,86,79,80
8,87,76,81,10
25,79,76,36,26
78,32,45,74,51
83,1,28,1,85
88,16,78,32,47
18,45,28,53,47
19,34,44,31,69
1,72,68,79,65
16,51,21,22,88
23,46,7,77,45
33,75,9,25,76
61,20,49,56,44
37,46,32,4,12
54,24,73,70,78
18,45,12,50,57
23,68,10,28,62
56,71,19,51,0
18,23,42,82,41
21,80,51,81,44
48,46,14,78,15
62,81,39,3,61
21,1,89,44,28
58,28,89,35,59
58,58,27,76,70
85,39,1,15,84
72,77,48,76,65
77,41,38,16,21
28,85,85,33,21
10,13,3,85,80
59,51,6,64,41
83,83,22,8,89
35,74,24,29,46
20,60,64,48,50
32,28,23,79,8
58,26,52,85,7
81,29,38,53,76
53,20,9,57,53
83,44,73,49,32
68,84,15,46,27
35,70,74,19,23
19,87,84,9,80
3,89,6,66,2
61,82,42,25,5
20,73,6,7,10
66,69,51,13,63
27,41,13,51,70
79,21,74,84,71
51,13,87,54,66
34,76,26,13,44
27,51,29,66,66
72,55,74,75,44
58,51,2,11,64
77,38,60,22,56
72,58,60,80,19
29,70,2,0,13
29,43,76,34,52
50,28,11,81,26
76,70,56,83,28
81,31,23,44,79
15,46,36,4,24
79,7,1,35,52
15,79,73,81,38
51,84,47,45,45
37,62,60,73,22
7,20,45,1,28
76,45,14,22,26
26,87,76,70,83
32,30,54,34,43
5,71,23,84,40
79,71,77,20,54
29,42,44,52,82
30,65,13,78,9
15,25,83,15,35
89,46,28,14,89
9,44,51,71,67
76,64,0,57,33
38,80,65,37,22
23,50,77,1,54
48,57,77,76,35
44,12,60,67,73
10,55,55,47,12
52,75,67,58,33
85,4,65,66,49
7,74,50,4,85
88,3,28,50,52
49,63,50,75,18
89,41,57,63,71
30,77,13,42,88
68,7,74,80,27
28,63,48,25,11
59,78,68,89,67
85,41,40,36,31
61,48,85,38,47
0,31,81,4,51
77,0,40,63,70
46,34,34,71,40
2,4,54,61,9
8,79,41,28,73
14,59,28,42,23
24,51,79,0,19
21,33,10,64,19
39,63,46,4,63
84,72,14,76,71
62,19,48,19,12
5,82,60,59,78
85,37,10,79,56
85,86,58,85,34
21,72,75,0,82
75,0,8,16,1
55,0,74,49,16
35,4,9,32,27
48,36,62,37,84
44,48,29,50,73
38,19,62,18,73
71,65,8,26,42
85,88,5,52,75
13,52,17,7,60
67,42,5,36,56
62,8,53,56,41
35,46,36,62,18
18,54,0,47,8
9,8,43,50,22
17,65,1,52,47
48,33,39,41,30
68,75,66,42,4
47,88,40,84,38
80,29,9,35,33
8,43,76,45,80
36,51,79,16,38
84,30,76,77,50
20,10,13,31,57
6,33,49,77,82
27,10,43,36,12
19,4,45,53,50
46,51,5,70,17
26,79,29,7,28
3,0,0,38,84
72,84,39,52,64
56,10,32,33,31
17,66,83,33,42
22,85,69,55,11
47,0,35,24,79
15,49,89,12,56
62,65,80,27,40
67,69,39,80,56
51,76,44,8,15
9,49,0,23,13
8,50,70,30,27
69,82,22,53,31
53,42,87,23,23
5,43,54,9,33
28,63,22,3,11
20,9,73,30,30
44,48,74,45,52
51,36,71,67,9
68,71,52,61,84
70,36,58,37,22
67,47,41,18,50
45,17,43,5,22
74,67,81,23,6
33,69,74,65,21
19,42,54,81,46
89,7,38,0,86
84,23,54,80,68
22,41,7,73,61
87,82,61,51,73
78,61,38,8,32
0,3,74,37,23
35,56,53,82,1
0,24,56,60,38
7,83,64,35,66
86,78,85,86,40
42,15,76,40,23
58,54,30,66,75
16,55,25,28,40
55,85,45,75,53
88,68,59,45,13
86,31,81,33,13
89,74,67,52,43
60,48,82,57,30
60,30,55,57,33
24,56,21,48,18
13,8,17,24,76
42,4,72,4,49
87,53,84,18,56
22,78,32,6,61
20,9,83,10,86
79,68,14,87,43
22,15,52,4,5
0,83,12,79,22
27,17,48,35,72
29,80,64,6,47
69,86,4,27,62
88,74,65,54,82
41,82,59,70,42
25,53,49,8,34
52,87,52,85,25
78,25,5,82,82
82,71,81,13,41
31,49,39,88,72
27,88,46,28,75
82,36,4,53,33
30,63,44,14,64
74,89,34,14,20
49,14,55,88,0
44,78,73,49,23
79,11,21,43,9
59,79,53,37,36
1,43,81,37,4
7,78,4,17,19
22,27,79,20,14
21,50,20,59,35
5,27,61,46,20
36,39,27,87,85
58,77,29,58,70
27,1,86,41,42
38,57,51,86,63
83,9,43,11,57
45,64,56,1,82
66,16,86,84,21
8,16,40,40,17
21,86,67,3,52
64,18,73,31,35
81,28,9,71,18
43,86,31,19,50
19,13,14,20,68
55,49,18,31,5
20,61,49,1,64
84,65,83,2,44
36,52,47,54,87
5,28,25,1,63
80,63,18,8,2
52,60,70,68,33
81,38,85,73,42
12,48,41,53,88
75,8,28,7,5
50,19,79,58,43
16,48,46,31,46
47,30,73,8,12
18,70,18,79,70
6,20,78,17,76
52,9,71,42,38
11,62,24,70,83
42,52,62,49,77
7,1,1,25,9
49,6,70,43,1
80,86,9,31,53
15,13,57,75,71
60,64,50,48,72
50,41,1,24,20
49,9,64,58,35
42,81,78,24,42
76,47,73,30,81
41,4,27,8,33
56,62,74,69,62
49,46,52,81,52
53,32,63,5,52
22,13,21,73,65
57,81,29,61,84
52,23,29,45,86
71,64,76,73,43
48,13,27,43,48
72,34,88,7,8
89,79,62,24,80
2,70,22,6,9
25,6,40,72,45
89,56,8,87,86
4,11,38,24,74
79,50,76,23,53
26,32,53,26,38
73,59,11,4,36
86,32,55,71,53
19,30,61,27,74
24,55,71,55,84
28,56,33,6,66
66,25,60,62,59
87,7,51,28,71
24,33,18,41,17
76,25,53,78,62
38,82,36,62,64
42,80,29,9,78
33,16,62,12,78
45,51,13,89,12
88,25,66,81,35
13,13,57,11,66
82,50,25,66,75
16,33,55,0,40
65,72,33,34,68
85,41,85,19,37
78,7,42,41,29
60,7,35,5,76
41,33,84,53,64
55,55,7,6,20
72,79,6,4,30
32,9,4,38,68
62,58,67,26,45
73,76,86,28,40
17,35,85,69,18
27,3,20,6,0
20,72,85,68,15
16,76,72,9,79
35,29,59,22,30
65,56,16,23,87
25,77,6,88,62
82,3,67,75,4
25,20,77,38,22
82,16,78,67,14
71,65,20,33,59
41,14,81,37,77
84,48,85,44,39
57,47,40,68,67
78,76,62,31,11
47,80,2,71,73
12,72,55,88,82
77,36,31,40,27
28,87,23,34,47
0,20,39,17,87
52,16,75,20,57
77,10,14,29,78
27,25,78,27,79
64,60,38,43,78
81,62,82,79,33
18,24,62,7,19
76,17,80,50,64
70,67,68,70,38
79,27,60,66,3
66,1,38,79,35
84,10,76,10,54
18,7,44,24,10
53,25,19,72,4
24,33,55,51,12
18,76,48,65,32
72,78,27,48,4
87,80,59,42,19
86,55,68,81,43
88,11,73,31,10
29,31,64,23,51
20,60,79,55,30
61,55,84,83,32
14,52,45,4,3
29,80,89,9,36
12,43,57,3,54
30,55,66,63,67
54,80,6,51,70
16,22,49,34,6
47,2,87,70,53
43,35,13,30,67
74,74,57,19,4
55,6,31,70,34
11,54,38,38,89
18,35,82,49,19
89,53,85,13,35
38,75,89,8,42
24,76,62,9,65
67,78,30,33,5
11,44,0,60,22
65,55,47,37,0
35,59,77,20,19
58,67,54,74,30
44,17,63,75,79
75,4,50,50,20
76,46,77,62,81
62,16,32,31,69
43,0,66,66,44
49,59,50,39,55
85,68,15,26,48
0,23,54,63,65
56,28,38,73,1
79,79,75,60,65
79,78,45,34,42
15,58,16,35,25
8,9,89,52,77
4,80,25,32,46
24,51,12,75,74
77,39,16,67,16
67,48,71,54,70
76,39,15,57,86
21,35,81,50,22
58,53,83,36,78
52,20,32,43,82
16,1,82,88,72
35,19,27,64,47
20,16,5,28,84
22,66,76,24,20
65,60,45,55,52
75,67,70,3,4
57,79,18,40,63
15,5,22,6,64
64,53,85,26,1
44,83,6,79,9
38,55,10,23,64
38,62,68,39,2
12,44,39,18,82
45,44,88,59,85
12,67,48,36,32
16,37,54,56,39
53,55,8,20,3
71,88,85,7,63
11,29,13,65,40
16,17,25,39,22
12,14,32,42,4
18,71,89,33,72
0,86,88,32,74
53,83,41,81,40
63,0,18,50,0
37,77,64,34,46
74,2,49,21,45
18,74,79,72,69
47,21,71,22,56
69,10,5,42,26
31,29,32,15,41
56,62,13,57,88
53,5,42,7,9
78,7,57,15,86
28,13,69,36,72
49,68,2,43,26
19,62,82,24,70
21,83,59,38,62
69,89,2,42,74
87,28,21,25,86
56,62,16,20,40
89,6,12,13,77
16,35,25,4,83
61,50,70,12,41
19,76,33,17,45
47,59,16,12,55
88,70,26,37,16
27,65,56,82,68
88,26,70,30,10
60,34,3,30,19
64,66,53,78,68
5,49,83,71,39
53,52,28,24,65
68,86,49,80,71
43,34,56,70,65
82,53,19,32,69
20,54,75,53,15
63,50,80,56,56
53,6,50,41,65
78,76,79,16,27
89,49,87,73,38
30,13,29,61,22
9,72,78,62,18
81,15,7,51,66
12,58,16,74,67
81,72,40,4,16
74,31,25,65,68
76,88,41,85,18
41,34,62,33,52
68,36,7,48,40
49,37,27,81,26
32,51,40,25,79
84,86,67,72,40
71,58,54,59,79
77,5,64,27,1
84,59,47,88,65
1,30,22,16,42
56,1,69,81,78
5,31,41,89,71
11,44,9,65,54
6,71,60,57,78
37,81,61,61,84
3,85,87,48,78
82,80,87,36,80
42,88,17,31,55
64,89,57,52,7
74,74,14,82,49
13,65,21,42,83
88,57,5,75,65
19,58,12,52,69
52,21,62,81,17
64,36,74,40,40
23,85,49,13,17
47,68,76,59,44
40,17,31,60,59
43,18,80,83,88
10,16,26,67,13
32,75,64,30,35
38,31,84,9,71
33,58,11,20,7
71,47,57,3,8
5,1,35,29,76
66,45,9,15,55
38,48,9,26,48
2,42,74,6,26
54,29,64,82,18
60,21,84,39,52
86,19,83,38,73
41,15,29,1,25
63,37,54,10,40
32,82,84,35,28
15,80,71,79,75
4,32,49,26,21
33,28,64,81,38
37,38,68,50,83
56,41,14,56,3
44,64,30,41,76
60,67,11,29,15
74,72,70,39,77
19,31,34,31,72
13,17,81,79,23
86,25,54,0,41
70,3,40,38,57
18,47,26,67,37
59,57,19,83,2
28,84,1,9,17
49,12,53,71,16
61,6,22,58,4
25,10,36,22,50
21,33,44,12,79
81,25,64,30,83
25,0,42,79,34
83,5,45,72,63
79,21,28,19,83
39,30,10,75,56
0,28,30,32,65
18,69,63,82,24
12,29,65,19,67
69,87,7,47,86
58,11,65,36,72
63,60,47,58,16
40,0,66,73,14
10,28,86,37,45
53,85,69,30,83
16,50,53,58,85
6,77,59,81,38
50,21,51,52,31
42,71,33,83,85
50,13,73,37,1
40,30,38,70,60
20,89,0,19,30
8,23,10,31,76
51,14,24,16,9
66,45,24,45,67
21,4,3,34,50
34,75,35,23,32
63,28,22,39,3
21,2,46,7,15
79,30,44,73,74
10,86,84,51,22
49,20,29,66,9
83,1,53,75,79
0,27,50,22,6
9,76,67,25,20
40,0,77,28,59
72,88,56,24,79
68,19,51,3,37
10,78,29,78,71
45,39,41,59,76
40,44,84,5,61
23,67,10,82,75
33,41,8,45,88
59,50,89,69,65
56,23,58,72,31
30,51,45,75,52
39,9,83,19,69
65,76,58,21,49
88,66,31,42,27
43,44,8,88,73
87,81,38,22,51
9,14,54,69,48
68,10,78,22,1
4,77,52,21,37
11,39,82,66,19
88,80,82,77,69
50,23,49,6,22
43,69,53,86,77
38,18,78,51,52
76,86,2,87,89
1,16,27,63,47
1,56,13,11,55
21,43,66,52,33
73,72,34,36,48
67,31,20,11,30
41,0,2,82,27
67,56,11,72,88
11,0,48,64,12
20,64,67,44,25
34,10,73,47,29
69,32,10,64,61
70,67,2,85,49
79,74,15,64,88
65,35,3,78,40
83,22,49,6,13
32,15,77,27,25
74,69,77,14,13
34,51,23,7,85
37,62,15,58,32
28,56,3,31,65
32,31,3,55,49
80,65,1,39,62
57,47,47,40,61
69,40,68,32,46
59,87,65,56,14
66,18,20,72,37
76,86,73,37,39
37,17,47,11,21
51,35,66,41,45
0,88,50,71,59
5,48,7,85,87
65,45,34,12,18
56,86,66,17,5
46,5,89,72,45
24,65,58,35,41
79,0,77,8,40
23,48,87,43,62
65,2,85,0,45
69,64,38,75,83
49,16,34,39,87
68,49,21,77,12
40,79,56,82,17
46,1,65,89,42
4,83,73,70,46
74,79,63,17,48
1,13,86,70,23
26,16,71,29,33
28,29,62,2,54
50,24,67,18,42
78,50,56,45,17
1,36,72,9,20
28,53,78,62,81
7,33,86,51,70
69,0,62,25,41
5,82,79,46,54
10,49,56,33,7
15,23,8,48,82
27,25,88,54,50
85,46,1,47,59
38,25,64,88,70
56,5,6,70,54
71,42,45,85,46
48,60,23,89,42
14,2,71,79,42
19,0,12,39,7
47,87,65,82,4
82,18,4,73,86
33,50,0,17,35
48,26,17,59,17
62,23,81,17,47
65,30,59,5,78
30,19,89,20,15
74,44,72,28,48
29,1,63,78,54
29,57,58,16,0
43,7,12,55,18
89,16,16,85,80
12,50,48,53,67
47,82,45,6,89
40,61,62,70,69
20,35,55,70,87
18,33,75,57,53
5,67,40,7,64
33,87,59,81,6
25,31,85,2,62
89,81,40,46,15
50,21,83,7,39
19,43,73,17,48
88,37,72,44,23
28,22,17,52,5
63,55,83,8,24
21,5,28,26,6
85,62,5,58,4
59,77,9,9,45
83,0,41,27,55
49,16,64,3,86
33,8,0,39,69
11,50,79,43,0
74,73,56,79,63
57,7,45,45,30
43,76,21,72,83
59,81,6,79,6
62,6,16,36,27
22,86,18,29,15
31,60,28,0,55
7,72,5,11,30
88,12,59,1,36
11,76,69,49,52
18,50,0,75,74
75,0,11,74,23
40,20,71,74,78
43,87,20,44,2
24,13,60,12,15
5,73,44,35,10
8,79,28,1,27
26,1,77,89,42
67,21,38,41,17
46,12,84,17,42
20,70,66,82,73
75,40,11,77,85
53,89,62,9,23
28,20,42,42,50
37,39,7,77,56
4,80,23,75,24
32,26,6,51,67
67,55,24,38,16
86,67,18,1,86
39,2,83,39,42
37,22,8,32,73
27,62,41,76,89
24,89,66,38,39
32,51,59,50,57
66,69,74,32,62
50,14,69,64,16
79,50,47,65,15
25,25,53,34,44
19,34,77,9,73
89,68,22,81,33
21,29,34,77,54
63,71,31,87,59
26,18,63,11,74
25,72,41,33,40
85,37,83,6,42
23,12,18,87,89
29,9,4,50,66
46,42,33,55,65
39,3,89,11,76
71,13,8,73,24
67,70,57,37,66
35,25,34,87,5
18,22,63,18,12
10,51,61,81,42
31,45,80,77,69
88,47,80,57,70
88,29,30,33,3
40,54,51,65,86
71,20,39,18,40
55,1,42,47,42
30,43,63,3,82
32,70,86,87,61
82,6,66,38,8
77,32,77,41,21
89,46,17,26,14
30,25,41,18,36
18,40,82,77,65
10,43,54,65,63
48,48,41,2,83
25,37,29,89,88
58,61,82,80,82
77,86,5,67,80
54,15,87,56,28
80,15,39,63,81
59,40,89,80,41
47,25,32,26,25
74,20,31,57,81
27,54,47,77,64
14,34,19,66,66
1,26,48,49,58
15,22,88,34,25
48,43,61,46,1
20,41,24,67,87
28,57,31,29,15
75,72,2,86,4
82,70,51,11,0
4,45,77,63,54
71,81,74,12,12
85,69,7,12,23
59,84,39,18,75
87,37,9,74,8
6,26,4,24,20
66,12,25,22,25
41,34,21,48,6
33,14,26,7,84
3,82,80,86,37
66,88,5,56,40
4,18,73,40,51
2,54,67,21,79
61,5,60,11,25
71,2,29,54,54
61,38,57,5,76
14,70,43,50,44
87,82,36,86,6
56,13,47,83,67
56,56,77,26,86
33,45,3,0,74
52,77,30,67,71
77,71,42,30,28
54,17,55,32,87
59,2,52,58,89
56,74,19,54,80
83,58,38,72,8
59,57,62,21,74
11,82,12,11,34
18,15,4,19,19
7,31,6,61,0
24,45,21,30,7
71,81,15,8,68
21,62,43,12,47
31,51,7,71,23
41,72,2,71,87
39,29,25,34,35
83,50,35,31,34
15,62,79,61,58
62,57,69,16,83
29,74,42,18,22
61,76,39,18,82
39,23,19,40,57
5,86,54,6,8
49,44,75,38,82
36,54,24,82,19
36,88,1,79,57
4,88,77,69,37
68,69,43,81,11
31,20,16,49,17
1,56,25,56,14
73,12,48,74,76
28,88,4,30,26
15,56,18,60,22
49,43,1,53,32
52,24,35,26,51
70,87,10,55,23
12,36,35,60,32
14,85,43,22,58
69,41,48,46,32
16,80,86,10,5
8,15,7,3,83
27,60,77,7,88
15,19,6,70,47
74,78,84,25,62
9,85,84,80,48
0,14,80,64,57
42,44,25,71,4
49,15,77,79,48
54,79,33,46,52
13,5,15,88,74
81,55,48,53,70
21,30,23,15,62
56,18,77,20,81
79,46,33,44,75
13,39,29,74,8
58,20,4,0,34
65,0,5,59,29
27,37,3,58,60
54,1,37,51,13
24,71,19,85,57
59,62,79,64,59
36,89,55,76,78
68,49,30,11,82
52,21,58,51,1
65,40,13,53,26
78,9,60,64,48
66,48,64,85,23
57,16,18,85,31
31,27,88,34,55
31,12,76,70,27
14,19,37,10,64
81,50,83,82,71
62,30,26,6,0
40,7,35,23,9
37,0,77,74,72
58,66,53,45,64
28,39,0,30,40
65,0,71,37,80
70,55,15,70,61
29,80,60,86,58
86,50,20,58,65
69,85,55,14,22
32,75,62,18,54
0,8,49,68,33
62,76,24,53,53
68,40,72,84,32
25,70,55,46,65
18,84,60,83,54
17,79,53,39,9
26,5,50,62,54
50,15,13,67,41
81,74,31,5,26
76,19,60,52,2
47,2,23,38,20
54,19,77,82,5
55,35,17,50,20
45,39,82,48,65
64,46,30,8,13
89,27,85,23,63
1,74,1,57,35
48,45,36,11,9
31,70,64,83,6
51,72,23,12,74
10,82,68,61,43
51,53,8,1,4
46,2,50,78,0
87,76,76,39,69
7,53,52,64,59
84,17,69,28,64
57,68,44,8,32
26,18,17,17,58
42,31,7,7,13
26,40,70,59,75
69,62,34,16,45
13,29,58,22,80
56,79,5,60,13
0,89,42,76,7
71,18,54,44,58
49,81,25,18,82
57,3,81,32,73
0,43,36,29,56
29,53,61,45,85
35,49,18,76,48
74,49,24,63,75
61,48,72,66,9
50,87,20,13,24
85,50,41,89,35
89,67,66,37,70
12,70,82,51,30
18,27,22,17,29
8,2,59,87,61
46,36,23,58,32
39,36,50,0,37
21,86,12,48,44
84,75,2,2,50
10,50,31,24,30
83,5,87,53,30
15,24,24,41,80
69,40,70,6,15
31,0,40,44,74
41,69,27,15,30
67,8,53,51,78
60,24,37,44,35
84,49,13,12,5
70,64,37,7,20
37,18,56,86,0
12,50,17,38,0
28,65,62,9,69
12,7,36,37,52
78,25,32,56,78
89,16,69,28,55
69,73,39,14,75
83,13,50,76,58
8,33,11,15,9
51,81,28,0,65
67,85,45,0,13
69,2,15,86,60
13,43,32,48,38
5,42,57,53,29
82,18,64,65,73
88,66,75,52,89
43,67,16,3,7
76,60,29,11,86
74,36,44,6,84
31,80,60,58,14
47,16,78,86,77
13,7,42,30,86
86,1,0,31,53
87,77,41,30,16
61,10,15,83,81
43,59,75,20,18
76,66,76,55,78
53,9,75,0,12
39,78,6,47,86
48,35,11,22,18
10,41,39,87,51
39,51,7,45,66
39,14,74,6,49
70,70,46,32,25
13,57,69,55,20
70,22,87,79,23
7,30,4,19,5
15,54,64,35,75
69,52,18,53,45
37,47,38,24,74
16,32,40,85,9
85,11,54,42,6
29,44,58,27,0
35,18,46,2,60
44,28,22,63,82
27,33,41,72,44
34,85,53,16,23
71,47,36,53,85
88,58,47,28,75
87,22,36,33,4
75,84,74,64,82
12,81,74,65,13
26,53,30,27,82
86,34,65,73,1
70,34,57,10,55
24,26,64,25,56
58,33,60,75,70
49,28,4,80,79
76,3,89,52,86
77,54,28,51,3
28,39,73,42,80
71,88,43,6,89
41,35,1,28,58
7,29,77,9,7
59,10,30,37,43
86,18,54,50,67
32,70,89,2,12
6,20,73,52,41
83,46,55,20,62
33,84,85,21,27
82,69,41,2,37
18,59,66,1,49
55,28,80,20,54
31,18,29,63,39
4,39,87,85,23
25,16,84,65,18
6,12,77,4,26
31,16,1,71,49
57,68,29,76,25
85,62,3,48,89
7,9,9,5,73
71,84,31,12,68
62,61,42,29,46
44,45,42,21,52
70,40,11,67,9
38,55,9,42,45
65,20,42,76,43
22,11,66,74,23
16,49,42,9,52
35,1,22,68,71
39,25,59,72,24
9,81,16,55,19
70,25,61,85,66
47,78,79,38,1
84,25,2,67,68
78,76,56,4,77
61,22,39,72,38
7,45,17,79,50
63,65,2,69,32
51,45,19,56,38
39,7,21,46,51
10,30,36,1,34
57,74,44,74,59
72,33,17,19,60
74,73,47,68,8
26,48,28,55,7
40,83,69,35,70
15,19,32,14,32
31,89,71,1,26
14,53,9,8,76
10,13,2,40,56
78,10,44,36,5
30,57,52,55,73
64,70,43,14,26
45,57,85,87,71
3,22,22,63,2
24,40,67,33,5
14,59,62,28,54
62,78,17,12,85
36,57,71,24,0
33,76,25,2,79
0,15,64,72,15
34,86,29,4,2
61,11,5,59,39
51,19,62,37,56
79,10,16,24,14
78,4,37,79,70
7,86,72,19,26
59,53,65,32,69
78,24,16,22,47
21,2,69,65,67
16,24,86,67,88
56,55,88,89,14
11,82,86,58,51
31,56,41,45,69
10,11,75,30,68
34,7,25,9,76
56,31,31,1,74
79,42,87,75,26
44,36,41,26,37
62,15,48,84,2
31,46,29,73,79
66,38,80,80,59
40,0,28,28,29
71,55,59,20,13
22,28,2,31,8
46,33,80,62,43
2,84,44,59,44
26,71,40,65,54
19,28,80,67,55
63,15,19,42,79
87,38,28,37,67
55,26,10,46,21
27,50,2,86,11
45,63,61,1,29
38,1,66,10,20
32,16,71,38,8
25,59,79,35,45
73,45,42,28,9
34,88,78,69,28
84,19,0,80,36
6,80,89,21,79
21,81,9,23,67
47,77,37,5,80
25,35,14,72,44
69,29,0,19,41
23,22,2,60,38
13,33,3,8,89
18,21,20,48,2
1,25,9,72,20
4,70,89,28,75
43,48,0,78,25
45,3,81,70,35
49,25,41,40,58
15,53,70,29,10
10,70,86,47,69
14,35,84,32,53
64,53,84,76,76
45,10,76,16,51
70,5,39,19,82
20,87,60,69,25
39,79,58,12,70
53,54,48,26,18
34,49,45,59,65
56,75,34,43,14
40,33,16,89,6
53,89,49,37,28
63,77,52,43,27
80,70,5,6,7
50,23,28,89,50
25,87,42,34,16
75,26,71,10,35
42,12,41,74,0
24,28,69,46,70
46,30,13,10,26
77,54,8,22,74
77,70,38,76,65
25,2,26,23,25
15,87,2,0,73
47,6,77,49,6
5,61,37,85,56
71,81,2,15,21
44,66,55,41,26
68,76,37,33,64
0,7,76,54,31
11,70,5,19,87
65,13,0,29,40
65,70,34,16,40
70,42,32,19,48
68,2,12,52,62
75,5,81,36,35
8,63,56,70,44
7,46,69,51,0
66,75,67,28,46
8,49,47,8,15
34,75,79,47,69
33,55,36,43,46
73,75,18,40,38
87,3,89,12,34
52,66,67,36,37
31,87,49,52,68
56,35,26,71,43
85,56,21,18,24
88,12,82,5,18
68,76,88,14,78
28,53,1,86,74
4,16,56,18,88
79,5,15,73,87
71,67,34,15,74
34,27,88,78,43
45,26,62,48,77
40,61,65,52,70
85,24,86,63,5
28,83,87,46,49
33,65,46,64,2
50,1,2,47,82
82,76,3,46,51
48,20,21,12,5
47,16,70,30,27
83,63,77,70,3
18,43,61,79,40
21,72,55,28,13
34,55,3,82,8
28,13,10,30,15
47,75,89,85,71
2,3,60,78,11
10,62,76,70,27
23,68,85,31,3
48,48,20,44,87
69,33,27,26,72
48,61,29,57,88
44,44,45,75,52
71,86,2,17,74
32,19,73,12,39
63,35,73,5,56
73,10,38,66,85
21,3,84,68,6
89,33,32,8,77
28,65,75,5,87
41,84,40,60,37
75,70,21,79,26
45,14,80,30,53
4,6,85,54,2
52,48,65,18,49
66,45,3,17,22
72,86,61,65,29
45,59,62,85,23
35,39,83,41,8
83,9,15,26,23
49,32,21,57,35
52,88,37,59,11
71,33,13,45,28
54,72,79,86,7
3,15,88,81,48
8,11,10,18,83
50,87,65,74,28
66,57,10,9,70
5,26,60,42,83
26,84,39,38,37
34,24,22,3,24
39,52,7,29,24
26,33,81,25,69
19,88,35,52,55
11,43,36,62,56
24,2,52,42,21
3,75,15,82,70
28,11,74,30,50
72,56,5,76,54
10,67,76,27,38
71,54,69,7,43
82,26,33,2,19
54,43,43,59,38
21,68,74,20,1
52,33,74,12,43
23,9,85,24,18
79,75,83,82,75
80,40,67,82,27
59,55,85,76,68
15,44,33,32,66
88,3,88,9,30
10,48,73,2,7
70,76,30,43,25
72,32,70,11,65
16,72,12,53,25
28,86,2,21,66
44,28,36,60,47
68,35,68,86,33
18,47,6,40,88
42,27,8,6,28
39,51,49,56,38
40,6,10,20,57
69,35,56,32,85
88,37,34,23,55
62,18,30,23,13
40,0,37,81,5
77,8,24,80,30
7,39,69,87,56
74,47,61,32,38
52,7,50,47,72
36,38,9,7,34
47,76,3,48,37
44,24,48,2,3
17,2,78,60,71
0,11,79,66,3
20,86,37,76,21
70,63,1,60,31
22,42,20,14,64
4,22,13,22,35
82,80,7,41,7
6,44,2,49,43
46,85,52,15,83
23,12,36,19,18
21,32,17,4,23
75,9,49,32,84
18,65,33,0,64
75,68,49,47,89
38,77,57,13,27
26,63,84,86,14
54,14,68,19,36
54,63,5,35,27
28,62,31,85,88
60,38,52,2,26
48,27,69,10,58
56,27,65,9,7
74,14,64,6,57
39,27,8,35,37
65,28,17,13,66
24,67,59,43,62
50,45,84,14,78
50,54,11,39,56
26,8,23,40,75
67,81,63,4,77
16,10,47,58,46
75,23,63,51,6
83,19,38,36,20
44,5,19,83,22
48,44,35,44,12
70,42,22,28,70
44,30,61,12,71
32,19,89,30,40
33,45,48,64,75
5,35,4,59,37
68,46,82,29,1
8,62,70,20,24
47,67,34,43,53
65,30,45,36,75
60,78,17,32,73
34,77,13,89,1
30,62,77,70,70
80,47,65,85,31
64,7,33,54,3
16,38,29,24,34
81,50,83,87,54
61,8,31,0,27
7,84,82,80,13
36,5,50,12,24
9,48,62,5,42
67,43,6,20,23
24,70,24,32,79
38,41,14,35,74
7,61,33,41,38
7,0,71,68,34
56,32,44,21,52
86,1,59,37,20
47,87,52,26,31
88,47,47,50,23
29,71,85,4,81
66,80,23,57,75
62,41,46,33,31
65,71,40,62,27
71,66,14,61,71
7,65,0,77,48
79,78,0,0,77
81,80,62,46,16
12,11,54,9,14
87,64,68,34,55
88,75,62,8,42
64,18,62,22,63
30,88,16,20,20
84,41,5,48,70
85,82,1,50,75
31,26,72,89,43
74,34,12,8,37
23,17,12,84,0
68,37,80,57,89
81,23,2,76,62
49,27,71,48,77
1,65,75,38,62
61,64,70,32,37
29,70,17,6,89
40,48,49,32,14
73,47,76,64,53
34,46,73,19,5
25,31,85,46,12
27,3,24,26,64
28,69,76,8,47
73,46,33,80,60
85,71,87,42,73
41,12,60,2,0
86,67,37,37,17
11,30,55,70,16
29,79,18,21,35
25,5,35,27,9
79,47,20,52,2
30,63,33,41,15
32,87,64,33,58
83,51,89,65,8
24,89,8,85,83
88,62,49,36,17
34,12,44,31,67
70,79,74,13,50
29,36,49,55,36
2,28,88,29,56
26,12,11,42,55
25,2,15,73,3
18,66,79,62,40
62,9,10,29,89
36,88,33,43,28
89,3,53,71,50
42,85,59,88,11
60,15,7,12,81
52,52,67,44,67
12,86,51,17,23
58,16,54,0,6
15,23,28,46,13
52,63,79,51,10
19,82,15,9,6
62,83,40,3,59
69,48,59,64,43
64,38,1,56,46
72,20,34,47,49
72,76,80,28,23
86,87,65,41,29
45,58,52,53,29
54,43,0,29,0
32,20,2,50,5
7,34,25,69,6
29,59,38,42,27
82,17,36,5,14
83,79,20,52,51
89,30,54,78,63
14,49,84,17,14
4,36,46,64,71
75,12,9,89,53
25,81,3,22,34
46,41,29,86,3
3,58,10,53,19
52,18,70,49,73
20,12,60,59,44
88,42,14,9,8
25,44,25,69,25
2,27,77,75,81
64,36,88,87,35
73,37,78,27,85
66,28,67,35,3
1,66,21,8,9
58,48,12,67,15
56,60,7,41,35
29,19,66,33,85
9,44,53,31,33
48,42,44,81,74
43,54,34,84,43
59,78,40,54,59
56,86,46,82,12
78,20,1,17,38
4,73,74,33,63
39,3,38,46,35
24,62,67,11,47
45,70,40,53,33
15,38,39,78,47
75,46,49,40,8
23,19,66,49,24
24,3,31,73,42
88,10,24,32,38
65,3,3,39,51
55,5,79,84,61
33,30,22,2,42
31,12,28,46,16
79,85,31,35,18
50,9,82,39,17
77,73,22,44,57
66,37,69,45,10
65,10,48,12,24
60,30,18,45,14
46,72,54,15,48
79,37,64,67,73
61,53,45,71,75
30,32,63,77,41
11,70,30,75,23
11,50,67,32,12
75,54,20,54,9
35,48,85,58,31
75,9,66,66,49
59,33,80,28,35
47,65,33,37,62
33,52,62,8,26
83,14,7,58,22
48,42,43,31,89
61,29,48,68,26
27,88,23,27,53
46,65,20,18,72
32,8,12,16,20
70,30,50,83,20
59,82,38,39,21
9,29,83,10,89
56,13,59,47,36
39,23,70,64,57
72,10,38,0,2
87,85,62,5,3
35,37,32,72,20
13,10,24,33,55
5,61,10,81,41
44,77,78,2,36
83,19,33,77,33
42,20,22,34,86
73,58,30,81,60
20,27,55,69,55
12,43,63,60,86
74,59,67,77,23
65,53,65,35,41
17,42,23,19,51
20,55,29,58,72
58,64,49,12,46
41,38,32,65,20
76,25,75,46,22
29,6,25,37,34
48,85,33,76,67
1,9,47,41,17
63,64,24,59,88
17,74,39,54,51
66,44,10,8,73
47,85,84,71,64
11,57,68,49,85
80,27,17,71,78
0,86,57,85,8
32,23,69,0,62
32,29,64,61,68
24,59,11,33,28
66,42,49,35,65
18,62,71,34,8
9,41,18,85,27
63,40,20,0,42
34,38,13,23,89
77,76,45,24,50
49,8,32,10,38
41,12,19,16,67
6,74,61,81,46
19,67,10,41,35
6,57,25,38,7
25,40,4,4,33
27,77,56,21,44
78,77,84,41,64
32,77,66,19,48
49,71,68,24,3
63,85,62,1,72
40,88,65,87,49
3,2,69,75,78
83,85,0,17,60
51,15,9,28,35
31,69,51,77,27
45,20,80,74,53
48,37,14,79,10
46,71,27,89,78
1,1,88,57,76
74,51,42,21,34
85,89,72,44,7
20,24,80,30,10
12,66,17,85,54
1,31,4,30,64
71,64,7,30,81
58,50,73,63,81
76,72,50,83,3
32,38,10,4,6
73,4,24,18,25
10,79,74,72,86
52,36,24,70,52
29,54,22,78,24
68,42,16,20,57
81,60,89,43,13
51,28,42,39,14
70,41,58,38,20
34,67,11,41,60
84,41,3,74,33
37,82,26,59,0
31,7,68,68,5
58,45,24,7,85
30,19,42,17,47
25,60,74,21,23
51,82,82,8,28
14,61,72,18,23
70,44,16,12,7
54,38,43,73,77
10,65,38,70,81
5,49,15,8,86
16,32,63,66,7
82,56,44,83,50
71,13,23,27,65
42,73,82,53,21
3,26,69,57,56
13,57,73,76,4
4,70,16,16,18
57,71,42,31,6
3,40,34,38,67
63,12,56,16,71
72,14,79,84,41
87,33,6,67,50
19,40,51,24,77
38,28,70,11,30
15,83,48,54,11
58,80,69,69,63
68,27,68,38,89
85,14,25,25,60
39,9,76,8,80
63,28,4,9,79
13,13,23,85,36
89,73,23,32,31
89,85,1,54,56
78,15,55,58,63
35,10,39,13,61
56,62,67,27,26
77,9,2,75,14
76,84,65,13,74
68,47,5,61,51
82,2,80,7,32
63,57,67,37,8
26,53,55,78,78
50,66,8,62,5
2,22,6,35,14
18,52,73,38,3
81,14,79,60,36
37,72,65,80,70
32,21,38,58,37
83,35,5,23,3
82,10,17,42,84
67,60,41,74,30
18,7,2,23,87
88,62,11,46,32
60,42,45,66,49
18,62,41,65,41
51,65,57,88,48
28,24,42,51,5
37,75,32,53,9
66,77,4,71,41
34,5,74,75,30
44,7,57,17,82
73,76,27,26,21
76,5,55,81,3
79,14,36,55,55
21,20,65,27,65
7,22,86,29,79
6,19,40,76,24
53,15,15,8,66
76,19,11,31,4
46,57,79,86,46
60,29,10,39,63
54,17,45,64,46
51,55,40,10,75
27,28,8,19,62
80,8,71,45,53
87,35,48,80,36
31,12,50,27,45
15,88,85,41,72
75,23,27,80,3
37,27,77,31,12
88,34,87,59,58
17,53,39,67,10
40,47,69,22,36
68,33,89,71,12
60,70,46,38,15
48,36,14,21,9
70,87,36,22,66
56,41,71,56,74
11,88,6,70,22
29,44,34,18,73
81,68,25,85,50
53,67,66,81,27
7,62,57,12,24
34,22,84,24,65
7,54,54,51,87
0,74,84,80,5
36,62,5,25,10
82,53,38,55,33
85,64,11,14,54
35,13,4,72,17
72,77,56,56,53
61,88,24,39,79
5,16,10,11,3
28,50,43,61,48
20,11,57,63,12
64,67,24,79,1
2,81,22,35,81
40,24,41,61,41
4,64,39,14,83
84,31,54,61,41
1,57,78,77,23
78,10,70,1,2
48,79,83,13,23
75,89,46,5,69
55,76,81,67,3
86,5,8,37,32
27,45,55,87,32
63,89,54,55,14
68,82,83,53,17
18,87,69,58,50
23,78,84,49,21
35,55,83,88,60
75,51,77,62,42
38,17,55,4,31
87,62,5,5,3
7,79,83,6,12
21,54,61,72,6
4,81,61,65,66
79,30,18,7,50
54,59,44,67,53
3,32,85,66,87
38,19,9,65,50
8,82,34,52,38
2,84,53,65,1
61,78,61,37,18
84,13,33,77,67
64,26,51,29,52
51,41,37,19,70
80,7,77,55,47
80,77,25,63,1
77,28,17,34,72
24,29,41,24,28
31,58,43,0,75
1,86,63,35,23
51,69,1,59,46
35,46,39,89,4
78,36,10,34,80
37,20,25,34,58
49,87,64,85,47
26,63,87,50,2
1,86,77,4,38
45,88,78,10,38
40,50,35,21,65
43,2,66,72,7
56,78,69,21,77
12,89,89,71,45
59,83,17,50,37
54,17,7,18,49
43,45,33,27,29
3,74,82,24,24
22,42,20,60,81
87,46,64,75,58
47,43,37,59,35
82,40,46,6,4
88,51,78,45,64
46,52,17,43,75
58,45,79,31,16
33,3,56,32,0
67,88,31,22,86
49,52,85,10,62
26,18,29,70,77
18,77,44,78,21
19,15,79,81,40
70,8,47,21,64
83,87,79,51,5
43,58,27,82,72
44,58,7,37,52
38,53,51,37,74
60,23,74,65,45
35,39,11,62,85
18,25,38,3,47
57,31,19,18,72
4,40,25,29,29
63,60,38,64,40
28,12,43,52,67
52,42,74,21,28
43,47,50,2,43
72,69,18,30,11
78,82,75,8,76
70,60,14,45,71
85,25,68,11,51
67,27,67,40,66
89,35,7,16,18
50,39,67,79,52
13,57,61,11,38
11,58,35,31,25
88,57,73,50,37
6,63,46,33,18
28,79,1,13,37
67,14,75,83,88
67,84,78,31,49
0,78,75,46,80
73,23,77,26,73
3,64,6,1,41
59,61,76,62,41
24,28,81,60,77
72,70,26,39,75
8,81,52,79,47
86,88,0,25,84
88,42,60,31,33
33,68,29,64,63
76,18,43,66,2
50,68,69,63,70
63,27,86,38,54
41,5,86,5,66
66,0,43,2,67
41,89,22,63,37
51,57,84,58,31
33,62,44,36,2
40,44,54,49,71
40,78,48,78,66
33,27,13,19,47
74,57,56,43,39
11,75,74,56,18
10,10,11,77,68
13,27,48,80,13
22,15,59,63,11
40,24,86,34,15
86,53,73,15,85
69,18,4,69,23
64,37,76,85,64
50,61,2,20,89
51,59,71,67,28
10,10,63,83,2
55,81,80,71,10
26,3,31,62,29
36,71,3,52,54
8,45,87,19,66
19,50,19,75,59
73,41,69,51,30
7,60,50,76,57
12,53,66,70,51
54,61,23,2,66
48,21,25,39,87
59,60,49,80,62
81,20,83,79,59
18,1,20,77,68
83,8,72,38,75
22,78,57,58,82
8,63,50,74,11
12,84,6,75,24
50,50,16,20,28
45,16,26,46,14
7,78,20,18,58
87,7,76,78,2
5,55,78,78,6
21,45,63,88,79
2,0,41,14,47
24,20,78,82,76
81,32,7,19,76
24,12,70,4,13
87,5,7,51,82
7,71,8,31,58
71,10,21,7,59
71,48,39,57,84
47,75,38,32,81
13,54,51,61,2
70,31,10,71,68
39,85,78,59,45
73,73,2,43,13
38,55,43,72,51
9,73,81,88,69
8,47,73,52,1
31,51,83,43,49
54,29,86,86,22
24,50,30,48,48
72,37,78,61,79
63,18,22,5,72
80,11,37,88,63
10,26,37,59,59
78,76,78,57,47
57,15,19,9,16
55,68,42,23,84
37,43,40,83,16
32,26,77,48,52
62,57,87,42,28
82,16,11,88,44
61,22,8,83,21
6,14,28,52,89
89,62,5,80,15
78,79,41,16,53
35,61,1,44,61
31,45,52,54,76
60,72,27,43,59
7,8,17,25,76
6,85,44,5,56
52,47,50,89,16
41,62,45,50,15
58,81,12,20,1
4,15,5,26,16
81,23,89,19,83
45,47,76,59,26
71,26,80,5,31
8,86,5,33,46
70,63,8,40,43
75,54,73,81,64
34,58,9,63,44
88,30,46,50,29
45,69,14,64,41
64,1,45,44,1
37,35,6,20,57
26,73,33,25,45
35,49,32,8,24
66,28,1,13,18
44,55,14,28,32
11,73,26,32,71
12,73,36,73,26
58,61,74,4,10
38,74,77,78,69
34,0,55,67,8
76,37,27,8,9
2,38,48,48,62
34,68,6,14,9
54,49,76,46,86
26,17,57,78,38
48,61,88,72,47
38,19,28,48,14
36,76,51,17,46
46,2,39,67,14
22,69,62,59,16
33,55,37,57,63
86,78,17,23,40
72,50,71,12,36
58,33,17,28,21
85,41,26,37,17
13,81,72,44,10
88,75,83,13,53
3,36,20,29,32
11,21,82,16,14
25,61,65,41,80
42,64,49,2,73
23,64,37,85,32
40,70,68,0,82
19,62,88,78,60
54,70,65,40,9
89,37,7,41,45
6,22,29,50,54
81,45,73,24,80
77,23,40,48,43
18,16,86,28,80
30,84,8,75,77
24,29,30,0,46
85,88,7,58,78
45,45,18,29,56
14,13,80,68,67
84,52,67,45,51
86,26,47,87,36
6,10,32,29,58
84,84,87,20,70
35,52,28,38,56
82,48,20,7,77
16,9,69,47,53
27,75,84,45,32
34,38,28,80,34
89,25,46,89,42
39,17,58,70,66
41,3,86,49,60
63,82,66,88,87
17,46,16,82,40
69,46,61,79,16
62,44,22,45,80
5,75,47,57,5
19,63,51,46,10
36,6,5,54,33
25,51,38,6,83
49,52,59,64,42
32,86,51,81,32
48,1,75,27,27
49,27,36,76,26
73,76,39,37,53
3,21,53,29,44
86,55,52,14,5
67,79,49,86,37
85,82,14,83,68
68,35,38,30,44
27,20,87,51,85
54,42,55,60,75
6,11,36,43,6
58,44,20,13,74
63,69,13,87,48
74,79,59,31,26
51,24,66,85,60
61,16,37,45,29
30,48,64,8,52
67,81,18,79,1
12,45,78,56,14
30,87,42,65,23
0,73,25,25,29
69,77,15,65,16
16,72,62,8,70
76,21,20,63,16
58,59,57,82,37
39,55,66,44,54
76,9,78,0,30
82,26,23,8,59
59,61,38,57,33
78,68,7,15,71
5,36,2,78,76
48,25,10,51,21
54,34,38,80,41
31,1,65,71,25
73,84,37,89,66
7,25,77,55,22
1,59,66,14,72
86,42,40,45,39
32,63,18,13,12
84,64,44,1,79
76,18,46,77,37
4,5,11,15,8
29,58,49,63,83
54,33,73,46,74
81,48,42,59,14
30,80,88,47,79
14,72,55,42,19
38,36,5,12,65
24,30,4,53,58
45,0,61,55,10
62,36,47,37,21
10,27,45,28,76
72,83,78,64,25
14,77,61,39,61
40,29,74,35,57
1,89,2,79,24
56,30,23,65,73
70,63,30,19,50
39,3,18,63,16
7,34,70,24,29
7,16,68,72,72
66,62,31,42,2
75,86,54,74,24
39,29,40,80,48
20,45,55,70,34
16,10,9,43,68
16,8,20,59,57
0,17,89,78,34
54,87,72,22,63
28,72,60,80,47
10,75,69,88,1
63,65,80,78,20
37,4,39,15,59
11,47,10,63,0
44,10,43,68,8
86,31,48,70,26
76,39,40,65,44
3,48,6,66,22
45,72,0,50,41
22,45,62,35,18
26,52,46,11,61
38,18,26,17,28
48,10,43,47,30
5,22,28,87,89
30,75,88,52,74
43,84,39,7,48
37,12,50,77,60
24,38,63,3,63
81,0,15,79,40
4,7,85,45,71
79,24,16,60,77
4,4,35,75,40
12,16,29,56,8
86,13,32,30,44
65,89,48,26,62
46,86,81,76,43
48,0,0,42,6
67,8,57,69,30
43,81,57,62,47
12,26,21,11,33
31,43,1,58,8
55,13,45,71,57
32,72,61,41,71
63,40,12,75,65
79,41,88,41,44
68,81,30,88,57
55,48,3,87,10
44,79,13,34,14
76,75,47,43,84
4,32,73,37,86
39,62,39,70,62
81,26,68,3,41
10,74,17,73,16
56,51,8,65,28
86,63,39,14,23
14,29,25,83,11
81,36,81,50,20
75,62,64,85,77
47,44,55,88,8
63,63,85,86,56
3,35,4,38,68
77,39,22,28,58
11,76,34,3,82
40,56,43,85,40
62,12,51,50,55
60,63,8,84,16
60,17,68,12,5
59,43,58,66,88
80,82,15,25,67
1,15,54,27,3
28,87,86,5,60
2,49,46,69,84
76,61,38,33,25
75,54,38,85,0
6,25,13,71,3
68,16,53,89,13
50,68,80,10,10
64,72,29,31,38
21,12,2,10,5
40,77,36,83,11
75,19,34,8,53
46,29,26,21,21
4,29,77,40,32
21,20,32,81,41
22,59,42,83,13
9,39,54,20,32
75,14,24,32,57
24,44,89,4,15
3,63,30,14,46
31,69,32,11,46
60,9,72,89,83
78,74,65,8,46
21,56,26,45,81
2,30,77,13,60
8,45,15,45,27
3,77,53,38,21
60,42,89,74,42
0,22,61,87,71
38,8,83,89,66
52,86,86,53,22
58,50,71,43,39
0,17,28,20,1
73,25,81,61,41
32,21,62,77,27
9,61,23,22,72
5,37,68,37,59
66,88,8,0,89
86,9,54,59,64
11,62,1,34,48
87,61,56,43,40
20,86,81,18,72
39,85,23,5,14
1,51,45,20,25
13,55,28,13,81
61,33,31,63,23
8,82,67,12,13
27,43,25,62,4
60,75,11,71,75
43,54,63,83,30
29,44,61,67,68
55,72,45,19,4
10,44,82,42,22
49,50,48,6,36
48,44,53,38,70
73,20,48,88,52
53,43,79,29,51
89,39,78,35,20
18,48,26,83,57
49,70,47,59,87
3,35,60,84,39
30,4,87,8,78
6,60,75,68,86
81,40,56,71,21
42,78,63,84,18
13,61,32,80,56
38,31,67,49,80
2,63,33,82,82
29,36,39,80,31
1,48,85,16,85
36,41,79,45,25
49,16,8,14,67
44,28,61,38,17
13,12,44,45,7
76,56,34,34,21
69,40,81,69,83
21,53,28,47,36
13,2,37,10,7
82,27,72,76,38
28,71,71,26,49
71,35,61,62,12
3,33,74,26,49
81,25,70,83,60
22,31,72,43,5
52,81,80,75,4
86,77,87,45,11
87,51,81,20,25
55,37,4,37,85
46,60,59,49,42
20,34,85,49,54
42,53,14,79,84
64,10,47,44,35
83,63,70,77,87
61,79,84,89,59
6,69,2,43,50
26,35,44,49,79
81,31,74,1,48
10,35,15,36,56
73,54,54,2,83
52,73,74,80,35
76,40,49,16,53
66,80,80,17,76
11,51,47,0,67
36,20,33,49,72
57,8,65,68,88
22,6,69,61,50
14,70,42,50,45
16,48,39,69,48
82,1,71,41,47
0,60,57,6,28
4,22,26,3,41
61,39,45,61,67
33,73,89,27,17
70,61,89,47,83
24,54,56,14,37
64,76,11,79,78
36,28,56,22,9
49,81,5,21,61
57,35,15,45,5
65,43,8,82,80
22,19,26,51,30
42,18,68,59,45
69,27,9,79,24
36,22,24,21,31
87,25,65,52,0
33,1,75,12,27
10,83,53,9,17
82,54,58,77,86
29,19,0,21,75
14,22,80,30,59
38,5,41,46,84
67,53,13,57,62
6,41,31,88,11
14,12,53,60,22
67,10,12,29,88
84,59,32,23,62
30,25,60,12,32
79,22,11,29,28
39,48,18,23,86
56,79,6,78,81
69,67,9,4,69
57,32,33,56,54
69,86,52,26,72
75,40,88,31,26
24,19,73,77,38
68,34,71,80,28
30,83,72,84,69
87,61,25,1,15
37,7,6,23,70
12,41,64,45,11
79,16,56,17,8
32,39,2,27,80
54,25,36,33,63
69,50,20,88,85
87,41,66,23,80
45,7,68,48,7
14,8,65,72,64
28,62,75,49,65
80,10,64,31,2
33,49,40,38,47
11,29,36,62,43
62,55,47,46,59
6,52,37,10,55
54,36,19,18,16
11,67,40,51,12
48,21,78,32,26
74,61,60,31,66
4,43,86,5,42
11,60,44,84,24
40,25,12,66,0
42,41,53,45,4
76,47,89,53,67
29,70,21,16,9
75,2,36,21,86
45,21,38,62,8
10,64,32,59,12
47,75,5,72,6
71,65,78,68,46
26,82,68,43,1
52,47,89,66,19
68,76,77,43,82
71,67,79,4,81
43,40,6,17,37
21,42,42,72,57
46,73,69,74,58
37,80,87,16,63
60,0,11,33,64
62,72,16,61,11
71,73,14,30,26
36,20,59,70,57
62,75,46,20,23
34,53,27,38,20
60,41,48,68,80
7,25,41,89,81
88,4,41,66,66
44,69,67,6,25
85,14,66,15,80
18,36,51,55,35
63,21,13,48,67
48,46,3,30,24
74,53,32,18,69
30,76,7,89,70
72,7,80,45,10
12,44,68,62,40
88,18,61,11,20
30,86,53,20,34
7,20,57,64,47
5,80,69,61,61
77,32,43,57,70
46,40,37,35,55
57,55,32,56,21
89,31,70,42,71
35,50,27,40,42
5,81,78,6,1
33,46,71,77,60
47,7,32,57,23
62,10,18,72,74
67,49,70,81,86
11,5,47,57,15
46,56,69,31,80
89,15,20,78,58
21,8,76,24,56
19,4,46,18,82
55,10,68,0,45
76,89,36,9,26
71,79,52,14,89
49,31,8,53,28
72,84,51,49,53
57,31,79,36,81
75,41,17,85,80
21,86,48,3,14
83,22,7,79,72
58,21,50,79,10
19,71,28,10,56
69,5,79,23,21
36,37,80,3,41
36,76,49,7,11
4,33,85,56,27
66,25,51,69,41
38,54,45,39,82
75,31,55,35,51
70,54,58,36,81
32,56,63,20,23
82,33,69,67,8
62,22,6,51,64
33,61,81,82,70
57,85,63,54,10
15,45,68,26,4
10,73,1,71,40
82,43,16,53,18
11,65,56,76,15
19,0,29,41,76
2,48,56,33,64
0,8,64,42,56
10,18,66,19,9
48,83,11,47,82
51,19,85,53,25
41,29,70,50,57
77,52,41,34,78
63,78,29,88,71
78,37,82,41,70
33,30,72,43,68
6,53,33,82,67
62,72,26,85,45
47,39,66,57,87
52,24,31,21,23
75,40,52,41,75
45,35,18,26,35
42,82,60,19,66
31,16,60,40,46
30,82,46,82,44
69,23,80,5,30
23,10,64,60,88
81,36,49,4,25
6,29,67,38,53
9,57,39,16,22
34,80,46,17,57
50,22,20,66,85
58,12,18,71,24
17,36,24,29,26
83,13,69,14,72
82,79,53,85,7
35,3,13,74,9
10,43,27,30,10
78,3,15,63,22
26,55,0,31,41
52,10,65,5,30
7,69,51,51,22
33,73,9,55,81
35,3,58,15,53
28,18,66,87,29
85,21,77,62,33
33,5,85,19,70
23,85,43,42,74
70,23,36,45,9
61,6,48,6,28
53,62,63,66,15
13,58,1,33,80
85,69,67,7,24
30,55,56,82,21
76,0,75,42,75
49,65,13,63,75
38,8,27,50,73
82,4,34,42,50
11,72,26,57,81
5,0,5,58,84
76,44,43,49,81
38,42,67,28,36
67,66,19,62,43
32,46,82,50,75
79,67,28,74,66
68,9,25,89,57
58,18,7,45,26
88,41,88,73,59
29,73,83,23,27
88,5,70,15,43
85,4,64,22,22
64,12,69,73,52
7,32,10,72,57
56,47,46,12,87
82,35,14,61,0
2,38,79,35,62
68,16,75,66,1
49,62,60,50,3
4,61,66,37,5
32,14,18,54,17
32,16,46,10,37
47,82,22,35,47
44,38,47,59,6
83,28,14,1,8
22,89,48,7,50
88,63,25,76,25
79,64,86,38,47
50,83,29,44,36
86,10,27,61,1
57,39,40,84,58
62,63,19,71,13
80,18,27,82,70
4,1,35,58,29
72,61,52,82,83
0,39,15,42,3
59,69,78,40,12
52,24,24,48,57
30,68,27,89,46
1,84,9,82,66
1,71,30,41,23
50,56,14,64,10
68,54,65,21,4
11,45,40,61,19
81,62,84,25,17
58,4,44,10,47
41,89,43,29,35
18,9,66,46,29
60,63,16,63,85
56,9,46,51,23
45,9,32,34,63
86,68,53,57,79
23,39,49,34,10
74,55,4,33,40
34,54,72,82,88
1,18,22,67,32
34,40,38,73,84
34,24,43,5,65
37,31,79,47,21
10,1,88,17,66
28,50,28,56,54
20,81,66,61,26
16,89,45,12,86
11,78,61,61,15
2,31,86,47,42
84,17,77,3,20
2,38,73,37,6
69,56,48,62,58
78,35,34,37,63
72,58,30,81,37
15,52,47,8,37
81,3,87,11,28
9,75,0,49,2
88,66,39,2,19
5,43,89,6,62
69,75,54,64,32
3,20,28,61,69
2,46,12,34,44
35,79,9,26,51
10,85,40,67,81
47,76,61,47,9
28,14,57,3,70
75,47,58,21,29
29,23,29,64,71
37,62,73,11,17
70,35,87,3,58
85,57,17,22,83
53,1,59,64,75
15,39,23,10,56
49,46,10,77,30
59,7,61,39,68
26,14,87,77,2
14,61,84,44,55
41,19,85,33,77
57,37,35,40,74
55,4,65,52,17
8,86,0,72,47
2,26,0,9,26
29,71,73,67,81
10,65,59,45,30
77,48,2,52,48
52,56,41,46,26
32,34,2,58,12
19,47,60,6,29
35,85,56,86,9
14,54,50,87,20
69,80,57,82,42
1,23,81,31,83
82,13,34,21,28
86,48,77,37,72
12,56,87,65,89
0,55,32,40,51
16,77,85,82,32
25,74,77,69,43
87,26,80,21,43
64,69,11,64,12
50,8,18,67,73
85,39,75,6,9
19,18,54,40,31
9,15,40,8,0
71,18,9,88,82
82,75,5,83,85
81,24,80,18,73
55,41,24,20,51
84,75,5,32,13
60,7,30,26,48
42,59,56,18,78
36,62,58,23,49
88,3,67,37,21
21,34,34,19,35
79,87,5,89,61
1,30,34,35,36
71,61,6,69,27
53,9,42,58,61
34,47,19,34,17
78,6,1,89,5
84,58,68,88,26
33,30,24,8,10
6,36,57,8,46
85,56,78,15,19
18,32,12,88,51
84,46,13,20,5
66,13,83,24,42
74,38,60,19,76
78,32,76,78,69
1,16,66,72,9
78,6,12,84,36
50,28,63,22,59
3,49,7,75,12
28,47,51,55,21
43,83,58,86,1
47,79,13,35,70
48,42,0,41,48
6,59,55,72,21
65,38,81,35,47
7,44,71,29,36
50,23,65,68,28
18,67,64,13,69
62,30,39,27,2
3,69,1,32,31
61,17,14,1,5
51,38,70,58,0
32,85,18,79,61
38,74,31,38,82
56,42,5,82,22
81,78,28,47,57
26,9,35,77,47
68,72,41,87,22
16,4,34,21,62
73,82,73,42,71
35,8,78,55,64
79,84,45,16,81
71,88,7,53,49
15,18,75,33,4
13,48,81,42,52
50,81,26,16,80
46,48,21,34,40
50,42,16,13,76
66,37,15,17,48
85,21,17,2,20
14,41,29,43,24
32,65,13,54,11
37,81,1,38,27
15,25,41,78,3
34,26,30,81,5
44,20,25,24,63
45,46,25,1,23
41,44,30,32,34
9,64,31,86,10
43,0,56,28,62
4,46,40,4,69
14,13,83,30,78
18,70,0,47,25
70,26,6,69,58
64,5,0,31,32
50,41,58,20,65
54,56,78,10,34
72,86,14,4,21
51,62,20,73,16
56,50,11,9,46
58,14,40,60,11
44,29,82,51,25
13,36,54,12,88
74,71,11,23,10
10,38,64,86,2
39,73,48,26,47
25,2,50,10,21
2,9,8,29,74
66,57,49,80,18
78,73,22,89,78
72,36,57,33,73
45,7,79,87,30
13,12,76,73,9
36,10,63,14,62
28,29,44,79,37
6,53,3,80,1
0,52,71,61,1
61,53,12,39,15
21,53,81,7,71
24,84,46,31,87
16,87,62,26,68
15,46,30,61,31
48,28,23,78,83
58,1,20,39,27
21,11,7,76,45
48,40,89,53,1
32,82,72,60,26
65,6,13,25,77
15,15,53,49,20
50,75,37,40,51
11,38,20,10,82
2,63,49,49,27
13,84,63,41,62
63,79,46,22,23
58,8,10,21,23
83,5,63,86,44
38,29,18,34,59
50,62,60,74,38
88,69,44,57,16
38,69,7,38,39
83,31,42,52,54
63,10,74,73,68
43,18,34,48,19
72,42,73,42,84
88,44,68,31,17
84,87,4,61,12
6,8,2,59,55
39,51,88,59,69
25,20,66,22,19
64,70,53,84,9
26,26,88,81,70
38,85,56,59,80
0,85,40,48,25
15,89,45,6,72
36,76,38,38,28
13,67,57,71,32
61,9,88,37,27
32,48,26,35,11
11,72,65,0,53
1,9,40,82,45
64,4,7,84,60
61,17,85,48,44
34,67,10,86,74
47,65,24,83,72
73,12,61,3,11
43,33,29,68,65
59,79,17,10,68
2,41,21,48,22
41,20,18,11,4
19,2,36,27,34
74,78,3,45,15
89,88,50,79,78
52,5,19,22,26
29,59,38,18,76
23,68,13,25,51
28,29,59,77,77
60,1,47,59,62
61,46,19,12,28
87,76,24,51,54
71,39,22,56,85
17,13,22,54,82
78,2,2,70,81
82,84,69,64,54
43,4,58,72,32
10,80,41,12,66
21,25,40,32,75
76,50,52,8,24
25,4,78,66,70
30,26,44,36,55
75,34,52,11,38
24,76,1,71,13
67,24,34,47,14
6,46,2,22,32
46,87,74,83,88
33,73,79,74,80
44,77,70,4,3
34,17,81,8,76
86,47,45,25,24
21,8,15,7,57
16,42,8,87,22
69,66,47,51,13
34,67,52,16,14
6,28,49,68,36
9,46,54,89,1
58,64,24,82,8
15,11,73,83,42
34,72,6,20,78
69,17,18,81,16
71,34,80,57,74
28,10,19,70,85
29,60,79,11,28
46,60,14,29,5
2,69,3,17,27
70,16,27,62,82
2,79,15,65,2
17,1,19,38,39
13,29,87,89,85
42,78,84,45,50
43,8,20,25,49
41,23,28,0,7
75,32,52,75,85
50,5,60,65,57
64,5,35,55,51
13,11,69,59,81
39,31,37,68,49
49,74,67,80,58
2,51,52,32,21
69,83,46,82,33
87,55,77,10,28
54,83,21,8,61
28,87,12,0,56
85,87,26,2,55
12,49,67,80,20
6,22,55,11,29
1,9,19,1,16
39,41,87,1,69
54,24,3,45,61
80,35,78,50,65
59,6,2,82,35
1,63,86,52,47
30,81,49,7,30
5,6,9,5,24
0,74,45,41,56
65,80,56,13,60
43,19,40,14,60
68,73,35,37,57
48,17,40,60,37
49,5,87,19,28
2,88,69,87,2
57,88,30,25,12
51,13,59,56,35
41,68,18,33,74
27,40,18,57,60
10,72,36,13,57
70,84,77,15,54
8,25,32,36,82
79,73,82,23,30
66,74,33,49,14
4,88,0,61,74
61,25,19,44,45
7,5,34,78,45
83,8,0,34,19
11,34,64,89,80
45,22,54,28,80
72,52,23,74,38
18,24,35,83,20
14,69,49,4,76
12,48,27,20,77
34,48,70,71,3
84,14,40,26,57
68,46,24,16,24
83,72,19,20,69
42,55,68,15,23
21,28,55,60,17
81,38,79,22,10
67,10,56,52,14
34,77,40,63,49
35,51,77,7,60
48,83,76,78,46
39,82,7,50,32
44,24,26,24,21
5,51,44,67,36
26,82,36,76,1
43,36,83,17,71
59,57,66,83,19
25,27,83,10,18
39,1,26,33,46
13,21,10,72,45
52,31,1,23,63
86,58,72,73,62
30,22,21,70,41
38,80,70,23,7
40,28,37,59,49
52,14,34,68,84
76,43,12,10,1
41,45,16,41,60
76,35,24,29,34
78,87,35,72,40
5,69,62,66,65
62,63,51,54,34
23,69,22,65,54
42,79,22,21,59
34,78,23,5,81
4,4,14,24,43
22,32,17,64,17
34,24,33,74,63
66,54,4,62,2
21,33,88,57,47
4,31,11,80,24
41,18,23,24,67
0,89,52,74,44
81,47,12,14,69
31,30,70,35,16
15,11,37,81,74
81,34,35,29,84
28,58,27,6,75
28,87,59,76,49
52,20,2,84,69
32,11,8,43,84
45,67,75,20,86
39,82,29,12,78
38,27,22,47,54
51,48,27,39,50
79,1,31,1,63
48,6,57,12,47
27,7,20,84,77
81,54,33,7,35
43,31,18,28,22
68,21,67,34,50
64,9,67,17,35
45,71,18,38,85
87,89,31,61,35
62,21,26,55,65
26,86,75,67,64
48,83,23,55,77
36,18,10,30,38
62,86,31,75,15
2,23,88,7,82
54,76,62,68,17
73,7,20,28,25
41,9,89,75,2
53,65,67,46,26
57,2,32,76,52
7,0,21,8,66
49,32,33,67,19
15,50,72,31,80
79,85,15,46,66
63,16,49,82,69
22,54,52,31,4
52,71,9,8,44
32,81,47,50,2
54,47,32,28,72
22,74,26,32,68
39,41,84,19,72
69,8,26,45,69
54,53,37,82,4
58,25,50,27,45
49,72,23,76,16
55,27,29,45,71
87,45,76,60,61
44,70,29,5,9
14,18,16,75,84
26,38,17,29,20
81,31,9,24,17
60,84,50,47,36
45,69,48,39,31
2,19,75,9,87
43,36,43,2,89
70,81,13,78,37
55,6,49,88,74
87,55,86,37,61
45,39,9,85,1
65,66,42,43,16
23,61,84,74,17
54,16,57,12,48
85,13,61,31,29
48,88,6,23,1
29,11,87,6,58
4,84,41,84,11
22,35,20,54,6
81,7,61,48,58
74,62,54,21,57
16,46,38,28,32
51,53,26,50,48
18,49,12,28,81
30,26,46,56,46
16,1,30,81,69
24,60,44,12,40
54,0,1,46,59
48,82,56,86,41
55,68,22,36,34
67,64,86,37,76
78,75,2,46,84
34,50,25,75,3
65,73,10,72,54
82,87,67,32,65
34,81,53,33,39
32,17,22,63,18
60,20,61,73,77
54,17,70,65,13
88,57,30,68,89
21,65,57,35,30
38,60,51,9,68
13,16,69,87,52
2,69,49,7,54
13,50,10,77,2
69,36,76,14,40
4,29,73,37,32
33,32,23,28,20
86,4,83,46,21
76,22,22,23,87
53,4,25,65,48
48,62,84,77,15
43,64,52,51,58
53,35,52,77,73
41,23,62,77,39
35,74,33,88,77
70,33,19,67,77
77,29,23,22,20
81,13,31,9,25
70,6,59,9,40
47,31,75,2,36
26,42,30,38,32
88,83,82,42,73
11,25,44,7,7
72,60,66,8,35
73,24,11,64,14
20,33,36,29,65
49,47,27,5,25
19,16,88,54,89
82,70,16,57,45
76,3,86,4,57
19,45,45,10,9
30,35,63,69,64
66,36,63,39,71
36,64,29,4,81
65,44,50,81,51
80,64,80,9,38
68,46,52,19,10
49,89,10,78,19
9,21,64,77,74
76,15,39,58,26
77,79,66,86,1
63,28,3,0,21
78,40,66,9,76
62,21,7,7,11
63,20,45,2,3
28,34,65,50,89
63,80,88,87,59
73,22,15,40,24
1,7,36,39,3
24,55,4,30,48
54,43,29,55,68
20,64,36,82,17
11,66,74,44,67
63,17,68,16,77
65,36,22,86,36
38,27,78,4,64
53,25,22,52,4
57,9,48,77,57
84,81,35,28,23
68,78,85,35,76
23,48,68,65,23
21,87,87,55,21
84,20,32,89,20
26,77,45,68,42
0,27,20,80,69
5,88,73,33,29
44,27,70,33,80
32,88,42,45,82
47,59,69,49,71
15,62,81,46,46
80,30,15,78,4
14,13,67,14,67
35,9,53,7,65
18,33,66,35,10
20,60,75,10,34
46,26,46,80,81
51,34,38,56,49
30,2,7,60,37
14,79,39,82,16
53,87,1,62,60
82,17,50,57,36
19,24,27,59,75
76,28,42,40,16
22,53,87,18,33
81,15,46,85,1
75,48,49,0,16
52,60,74,35,71
80,75,8,45,77
80,79,35,32,13
30,29,86,46,8
44,10,63,60,68
74,26,75,53,29
40,62,3,39,50
82,64,69,87,46
23,27,67,82,86
80,28,67,44,36
55,55,86,28,50
14,35,56,69,61
77,46,73,87,82
89,52,59,1,34
61,61,65,44,38
15,36,51,35,74
31,41,33,47,30
12,63,21,55,37
18,24,3,14,12
32,44,7,15,4
34,72,82,23,4
72,19,28,59,89
26,70,63,19,1
51,8,76,4,29
48,21,38,50,12
59,76,55,82,64
67,71,84,4,8
69,49,80,75,84
11,30,20,58,80
2,2,76,0,32
85,46,38,26,9
26,54,28,15,35
72,34,17,8,84
27,55,48,79,54
6,25,15,5,16
40,20,66,60,0
7,67,12,79,48
81,74,58,41,40
46,33,74,74,82
34,54,27,74,57
57,70,75,47,16
3,32,31,2,18
33,71,85,8,53
86,17,3,73,31
79,19,82,26,66
15,76,23,25,6
86,12,64,2,3
81,40,57,40,78
89,71,48,64,37
65,57,67,61,76
66,36,49,54,32
79,55,78,70,3
59,13,68,4,47
4,37,68,79,41
23,65,39,32,52
53,53,66,88,63
86,47,74,68,86
11,54,44,70,28
17,0,75,32,4
29,13,45,33,10
3,20,60,34,81
10,51,4,55,79
33,4,14,83,66
42,51,64,12,55
19,24,32,7,48
71,83,26,30,23
83,14,26,0,41
75,18,33,42,5
50,81,36,45,78
19,22,65,38,89
58,73,13,16,82
40,71,62,5,6
30,17,82,88,82
74,63,11,50,55
81,60,81,12,38
16,74,12,70,7
11,53,72,22,77
10,36,53,13,6
13,22,48,61,21
21,48,24,73,87
43,79,76,63,6
53,71,38,34,42
54,55,50,80,86
85,89,24,85,0
0,22,32,43,66
11,35,73,56,69
18,42,73,64,36
4,17,2,35,89
71,11,81,26,86
44,56,42,36,31
30,24,42,59,50
19,87,4,16,60
16,68,62,75,87
62,68,5,47,65
43,45,31,1,34
33,10,21,83,74
22,87,84,19,83
0,13,10,18,58
57,86,73,45,49
15,15,5,37,87
65,45,53,13,47
51,23,14,69,57
41,69,13,33,0
62,62,60,5,28
76,69,7,1,49
58,87,25,84,14
8,71,15,21,58
24,23,6,76,70
75,60,6,18,37
75,75,68,73,75
29,23,50,26,37
29,84,19,29,27
75,15,2,35,81
66,43,64,82,81
80,57,24,16,69
15,22,23,7,88
44,73,3,59,65
61,77,17,21,19
58,9,12,35,84
86,14,50,18,13
26,54,86,30,23
68,38,18,86,36
1,8,69,30,46
83,76,62,69,82
53,24,51,70,17
33,81,75,51,31
7,76,87,14,54
73,8,5,35,28
52,37,30,54,86
36,22,20,64,18
53,83,38,50,61
75,25,27,68,31
62,56,77,85,16
81,83,42,45,67
42,51,73,79,40
74,88,5,67,51
75,47,56,22,20
47,28,68,26,18
39,10,64,66,79
21,88,56,43,10
39,63,74,65,73
86,84,66,89,47
40,85,27,48,81
82,87,89,82,19
26,38,47,45,85
8,17,41,83,22
79,71,60,53,72
25,53,45,76,28
26,60,38,85,5
88,53,26,14,69
48,86,46,46,5
55,50,39,18,37
14,58,43,64,37
50,56,13,58,7
59,44,78,64,48
35,12,8,2,43
87,24,18,26,58
20,31,55,24,65
44,13,37,73,30
69,34,78,7,68
53,87,48,2,83
21,42,63,46,26
24,63,85,27,79
1,86,13,16,30
83,66,46,2,78
77,83,71,3,51
24,77,32,44,74
34,72,80,19,70
83,19,16,11,68
81,10,65,86,43
78,56,46,17,53
22,69,74,36,39
26,67,11,43,52
62,83,40,75,34
41,47,5,46,11
10,85,47,17,36
51,38,0,39,27
87,32,86,8,4
83,50,85,26,8
77,54,51,17,21
89,61,38,19,54
57,8,37,70,74
67,43,22,10,5
78,72,25,43,36
77,2,69,1,60
23,31,53,14,45
2,23,43,33,62
62,78,60,80,53
10,62,28,24,59
16,46,23,75,3
16,52,33,5,72
8,45,8,60,73
46,27,58,59,27
15,84,2,56,57
13,7,34,69,52
83,39,23,14,20
28,79,51,73,42
6,4,89,33,7
19,30,6,62,12
59,59,58,37,37
12,85,24,73,2
50,58,62,57,38
53,56,12,58,24
12,76,5,82,40
55,83,35,75,71
78,38,55,67,54
78,44,61,77,35
70,28,30,17,26
85,13,45,1,32
72,41,45,3,17
79,4,15,68,54
31,4,69,48,7
53,16,53,70,69
80,40,59,42,46
47,76,37,70,43
30,3,82,35,44
2,9,16,81,4
12,54,70,55,68
40,74,75,53,31
15,42,16,23,60
31,89,58,37,0
57,71,25,38,41
10,41,17,87,85
7,39,51,80,22
75,0,51,23,74
48,29,83,55,32
64,68,62,49,80
56,32,11,2,27
81,10,13,19,48
30,78,6,49,58
18,22,62,81,41
50,60,79,14,22
10,56,85,72,39
72,67,20,0,85
46,25,32,21,22
74,48,42,81,35
67,15,15,23,47
40,70,17,69,45
1,42,2,18,1
75,70,77,22,61
86,25,84,74,67
21,57,31,45,86
75,9,13,87,65
22,19,16,52,37
65,23,56,33,1
64,58,66,44,72
70,30,60,19,62
41,11,15,6,85
56,33,62,23,11
47,6,28,45,59
30,63,55,68,6
4,51,30,61,0
61,69,46,6,7
89,67,36,57,46
62,23,47,64,18
63,88,7,59,57
59,9,39,75,79
82,12,18,44,39
47,41,71,43,59
48,11,27,31,29
52,72,33,70,79
76,19,70,72,33
60,0,54,81,51
87,47,73,77,60
85,24,78,33,45
48,18,30,75,45
46,21,16,11,84
76,13,50,89,30
64,3,88,0,75
31,65,5,17,50
65,26,35,65,55
9,77,22,24,42
22,11,6,87,3
21,83,14,71,56
46,23,1,22,26
13,15,89,34,32
21,35,11,19,18
88,79,78,61,24
41,56,84,61,31
42,49,16,31,78
68,59,2,44,73
86,68,79,12,8
85,40,42,73,49
14,72,14,65,81
5,51,73,85,18
46,7,23,40,38
7,86,8,25,25
80,87,29,10,7
52,83,28,46,29
50,62,53,1,78
12,58,89,58,59
15,4,25,38,0
29,14,25,15,81
22,38,8,65,20
67,10,76,71,76
53,6,52,56,61
38,23,45,78,88
78,53,15,15,41
80,15,0,23,70
31,9,4,0,21
15,3,39,82,5
32,14,87,56,13
70,77,62,80,61
40,53,3,30,27
66,36,22,18,78
57,73,13,7,84
29,51,13,18,87
69,59,6,83,71
77,44,30,6,85
84,39,78,18,77
23,72,51,69,26
86,46,75,26,49
77,49,44,76,46
33,45,84,32,45
59,50,61,1,13
74,8,44,65,71
38,41,85,59,68
59,80,27,10,12
8,3,81,89,59
51,64,35,12,46
77,6,60,68,82
77,53,23,13,84
29,43,69,81,35
52,42,69,16,51
58,75,44,43,16
34,15,80,16,84
50,43,17,32,50
67,87,28,29,56
53,18,79,10,63
85,9,74,46,74
17,80,29,36,36
54,79,69,85,29
71,20,68,33,74
17,86,16,10,21
45,35,63,29,80
74,78,65,33,5
14,48,63,76,33
53,81,65,64,0
37,0,30,32,83
59,66,72,69,54
76,78,61,0,45
40,60,7,42,50
78,53,64,0,89
20,19,80,21,2
69,6,62,23,8
11,29,42,39,73
33,39,37,65,46
1,81,26,88,80
36,37,88,80,71
66,3,3,81,22
75,12,85,17,65
0,53,59,0,51
0,53,37,88,23
20,49,35,24,75
5,12,12,23,75
38,81,55,53,87
25,87,79,8,0
87,73,68,64,33
51,47,60,86,80
18,54,10,74,65
31,23,67,69,0
28,22,15,37,3
26,50,49,11,28
70,26,12,63,6
72,28,53,47,53
56,66,13,68,8
10,46,9,50,26
2,21,44,64,8
38,3,68,79,78
47,41,59,4,27
18,76,30,63,1
10,76,22,9,55
74,54,19,1,38
80,20,61,81,10
2,77,85,88,1
8,49,1,78,88
53,9,85,82,53
52,39,12,29,49
87,65,76,56,46
70,37,8,70,42
36,25,47,62,32
38,50,17,78,73
10,12,29,46,76
53,61,64,42,56
37,48,47,51,33
6,85,68,58,0
85,9,89,1,52
65,85,84,57,1
72,9,10,54,41
58,63,67,45,37
11,88,76,35,24
49,75,18,72,67
37,57,77,3,34
74,32,89,46,69
73,31,23,64,77
35,39,0,49,1
78,70,9,72,25
7,52,46,27,65
25,73,5,87,20
49,80,63,48,72
40,13,84,52,4
58,24,21,39,84
66,48,19,42,48
88,8,46,75,75
6,77,65,12,22
85,21,63,15,89
68,66,16,56,45
60,86,73,44,7
4,64,57,86,88
50,81,15,42,56
66,89,83,30,82
5,31,7,71,20
4,49,70,79,43
7,67,57,80,55
46,73,54,40,57
53,32,25,59,58
7,61,79,34,84
35,76,12,49,76
77,30,73,77,27
14,56,59,27,75
20,59,44,47,40
73,52,3,41,83
13,40,5,39,13
89,71,2,71,85
76,80,53,71,75
44,83,10,22,77
4,85,37,33,19
6,17,22,48,61
73,59,18,12,50
3,26,65,6,76
49,28,36,87,34
54,61,58,7,36
24,66,46,28,61
68,18,22,70,33
73,74,53,59,70
66,22,34,39,64
31,73,58,85,3
17,71,80,33,8
46,53,81,23,77
81,31,28,71,30
64,73,17,10,39
73,12,27,69,22
46,73,79,80,85
79,29,57,29,76
66,37,3,38,10
68,48,42,8,30
54,24,77,83,69
85,60,60,14,80
43,12,69,25,59
38,11,38,3,29
42,51,76,2,77
60,74,46,83,6
81,24,22,16,29
23,40,34,41,23
62,78,13,74,84
2,59,0,27,60
54,17,85,33,22
63,4,3,54,77
88,81,55,20,71
13,8,5,25,48
54,31,54,62,29
68,13,0,59,76
8,79,77,79,65
75,57,1,36,30
50,4,76,55,78
67,87,33,49,79
41,70,36,9,54
53,15,59,19,19
50,69,9,0,50
1,54,68,32,12
80,61,30,60,3
83,88,85,13,20
22,8,59,77,88
8,16,6,35,61
43,41,65,72,56
45,77,44,87,78
75,31,28,84,4
77,51,80,45,76
12,79,12,62,69
2,88,55,89,5
42,43,37,3,69
86,66,79,28,35
66,70,15,86,78
6,13,24,80,58
38,59,23,81,33
16,70,30,88,69
8,44,60,18,13
32,29,15,9,58
7,62,39,22,80
6,42,65,39,25
32,11,48,81,71
57,31,67,8,4
65,20,18,11,8
66,6,54,18,62
50,83,19,67,42
26,51,84,9,17
19,30,0,85,58
46,67,17,30,60
78,82,9,30,44
70,20,68,56,69
49,74,56,30,63
56,37,25,47,49
14,3,86,13,9
60,10,54,18,1
46,40,29,9,76
4,68,8,81,5
83,88,66,3,87
24,55,17,80,80
45,8,7,67,2
58,11,17,47,72
31,34,59,50,64
60,56,60,21,22
46,44,83,68,59
14,48,87,22,10
86,0,82,1,56
79,72,23,7,68
76,22,62,19,12
67,62,58,88,60
23,78,21,33,33
47,76,52,67,3
31,79,19,27,45
6,33,71,67,66
7,18,74,28,29
53,79,23,6,62
32,75,14,50,78
78,44,14,68,41
66,4,89,58,69
87,56,52,41,86
5,71,13,41,83
38,24,18,39,44
66,89,48,60,89
2,63,16,89,32
11,49,4,74,79
87,65,16,88,19
66,45,21,17,11
20,37,48,59,29
76,76,53,50,2
68,50,25,26,80
37,32,2,48,75
9,88,60,71,77
31,2,40,44,44
15,0,44,30,74
79,84,88,88,3
3,33,41,36,21
61,66,1,37,28
55,24,15,31,39
24,31,3,52,18
26,85,13,9,18
73,8,27,76,23
15,26,64,33,16
47,36,48,1,89
13,70,84,61,8
13,80,45,67,33
5,53,35,47,24
19,40,39,66,25
80,51,15,42,61
63,53,66,47,58
54,35,63,70,69
17,84,68,20,19
52,88,74,58,46
69,6,85,4,32
23,30,13,64,1
76,76,14,82,11
55,59,28,35,37
48,44,73,39,43
25,27,59,23,30
5,30,51,85,6
43,85,68,65,77
89,37,48,47,24
25,82,34,12,6
24,68,2,53,37
23,72,59,46,42
88,42,27,41,32
68,83,66,67,22
29,83,27,20,19
2,49,40,1,42
74,36,4,79,42
71,35,84,55,73
20,64,59,9,6
82,75,68,7,40
16,48,25,75,64
80,48,33,22,0
4,65,67,52,68
75,35,89,13,73
42,82,55,58,51
5,70,53,66,68
19,6,70,64,67
13,77,56,3,1
80,61,66,29,89
48,63,0,55,79
21,79,66,41,18
65,27,81,7,48
74,83,56,8,57
35,57,40,82,60
26,21,61,23,61
29,88,63,51,56
8,83,51,7,78
64,15,48,11,55
30,77,57,34,76
63,58,62,57,34
69,8,79,43,86
49,28,80,65,13
9,28,23,36,14
83,29,57,47,84
28,75,54,54,36
48,86,8,22,58
46,14,5,45,69
75,50,40,23,33
75,67,57,5,34
89,49,0,5,14
84,65,0,43,16
76,84,71,59,29
48,18,20,54,12
73,65,82,39,83
32,76,29,56,39
80,30,3,42,34
49,22,6,9,78
66,35,84,43,48
17,76,72,81,81
75,81,29,32,68
45,65,83,66,79
1,76,5,0,60
84,89,82,69,44
18,70,45,68,39
21,87,1,1,29
70,1,14,50,49
67,76,49,57,83
31,38,62,47,73
88,25,12,10,29
51,59,78,60,38
39,76,13,6,4
36,88,57,14,64
47,2,58,50,73
1,77,19,37,36
45,57,88,39,83
80,83,48,0,40
1,34,21,32,39
64,0,20,4,25
48,15,37,66,68
13,8,69,0,44
77,38,24,65,77
21,68,56,30,23
20,27,26,8,54
15,18,40,40,36
43,36,66,0,54
39,26,9,59,60
22,38,10,31,31
3,16,50,48,64
80,62,85,52,89
26,37,16,83,68
47,52,33,15,20
45,35,7,69,70
22,57,89,69,19
42,3,24,25,52
23,49,56,21,3
44,76,42,61,6
14,20,55,34,80
16,51,43,77,26
38,65,26,6,17
4,80,84,63,54
22,3,38,68,52
65,13,54,69,41
67,75,14,80,85
8,11,55,74,39
9,20,21,42,50
88,40,17,36,18
21,31,30,25,40
32,15,5,61,59
67,7,5,75,75
8,38,17,89,61
61,82,16,58,18
54,36,53,45,81
69,23,25,62,39
61,16,23,16,26
29,89,23,4,7
5,43,77,73,89
63,30,88,84,9
43,68,26,73,79
40,73,74,49,15
20,43,62,85,82
81,13,16,51,81
16,83,85,18,43
22,42,11,7,88
65,31,13,44,41
74,41,79,40,79
44,87,25,52,88
21,34,86,46,66
7,34,40,55,54
48,0,42,16,33
15,43,77,46,29
9,32,24,30,66
5,56,28,81,22
44,13,77,73,58
42,34,55,66,51
81,68,77,66,82
5,29,44,18,88
11,82,7,25,47
16,32,49,15,22
67,4,73,4,67
51,29,0,71,20
0,5,87,10,29
72,32,40,41,27
45,67,44,36,1
31,8,20,74,74
42,37,12,42,67
71,51,77,62,76
37,64,89,51,35
73,16,54,44,23
77,68,77,18,80
42,62,6,64,60
52,58,52,62,74
70,39,43,53,73
77,50,32,74,85
39,38,22,17,30
73,89,0,59,79
89,46,78,7,43
5,72,73,67,49
58,74,81,40,85
72,84,81,28,80
66,54,74,36,89
3,14,0,43,34
34,34,51,33,49
28,53,23,31,0
74,88,36,53,45
88,84,70,81,3
79,6,87,6,87
73,77,82,43,11
45,48,72,11,62
87,1,15,41,6
57,22,7,37,6
85,26,69,1,89
36,8,34,16,83
75,47,57,81,56
53,16,52,28,78
36,48,66,76,41
16,72,7,37,30
87,22,85,74,74
73,17,89,21,71
11,53,56,53,72
33,56,86,33,11
78,70,59,70,61
12,67,73,76,66
45,76,35,27,20
69,2,88,0,87
51,59,21,52,19
66,69,79,21,25
60,32,1,16,20
32,88,80,65,4
74,8,23,34,43
17,80,36,11,77
32,72,0,14,66
82,23,75,81,18
62,3,82,1,45
42,54,73,56,81
16,25,80,21,27
34,69,89,73,14
1,82,0,86,75
69,9,48,53,43
20,11,65,65,14
29,39,65,26,20
79,34,28,40,40
81,59,68,54,4
89,7,1,26,53
89,43,42,29,11
6,18,65,58,57
85,55,33,7,14
32,56,61,70,3
55,72,33,17,1
55,65,17,46,30
74,14,84,25,72
21,43,8,16,51
83,73,17,32,32
12,34,26,84,51
86,50,19,3,5
55,43,19,58,4
9,49,54,73,46
26,30,77,76,73
79,58,55,17,45
30,17,39,84,7
67,77,78,33,89
8,3,73,41,17
66,61,11,31,75
55,28,41,13,4
87,30,77,58,28
11,18,82,51,53
82,65,54,47,26
32,12,85,60,76
44,19,81,76,79
0,12,74,73,2
47,8,66,75,17
60,17,47,59,29
68,58,11,65,30
71,50,63,10,81
55,25,42,52,86
33,18,62,77,38
76,58,22,80,4
18,15,59,77,84
32,87,4,53,37
60,31,18,81,82
34,33,46,34,38
28,81,13,52,50
17,4,50,58,34
69,3,48,33,87
28,29,79,7,9
60,64,78,79,32
12,85,30,43,64
79,80,47,89,79
77,7,51,84,81
18,56,20,42,11
43,73,55,80,31
35,71,9,64,37
0,26,65,68,19
73,67,79,52,19
38,24,9,44,50
76,0,36,11,34
79,28,6,2,76
85,37,70,16,12
82,37,45,32,41
48,9,32,5,41
43,10,42,89,76
69,24,81,49,40
47,69,13,40,88
66,70,4,77,12
82,35,8,87,18
4,0,54,55,32
19,47,56,69,83
69,44,38,40,7
78,61,83,76,8
69,26,47,22,18
37,44,19,3,37
8,74,52,88,35
53,44,16,66,57
24,29,69,63,71
66,54,2,6,19
50,85,87,39,5
74,79,27,66,12
15,85,31,18,20
52,76,51,6,13
6,56,11,34,36
34,0,23,82,3
60,12,4,88,78
74,85,26,54,85
78,21,51,43,13
63,54,55,50,63
53,46,0,65,48
47,52,39,38,43
54,51,89,19,1
42,42,56,54,36
7,75,66,77,58
89,9,75,57,22
70,54,70,64,18
12,87,69,49,46
29,30,61,85,13
72,60,26,84,8
7,20,68,64,43
22,79,64,54,78
50,30,21,51,35
68,49,67,37,18
44,54,47,55,17
52,7,18,56,66
62,10,81,7,11
17,88,73,22,47
39,89,75,52,54
3,84,77,8,82
39,58,86,71,32
76,68,68,8,61
61,15,66,46,52
6,83,72,13,49
51,4,9,42,41
0,72,27,88,52
17,78,24,66,45
8,16,3,79,9
59,80,25,74,0
57,25,82,62,3
4,7,22,35,8
41,50,8,21,58
52,79,88,48,18
56,55,16,42,78
82,78,34,8,10
26,63,59,19,66
46,29,82,58,33
23,20,64,42,82
56,40,22,52,33
66,64,46,33,77
67,89,53,5,45
70,27,41,67,87
54,4,0,0,57
71,54,0,83,30
6,61,65,36,12
61,56,85,66,23
19,24,70,66,63
73,68,70,37,64
19,9,15,39,67
26,53,63,80,61
85,89,63,89,41
12,67,0,72,31
49,71,87,2,9
1,26,43,35,17
0,52,11,21,85
20,68,74,48,42
82,49,42,51,89
52,28,46,8,33
46,34,45,44,88
36,83,65,48,89
33,83,21,66,5
87,24,71,62,0
66,70,9,46,65
43,25,74,70,21
88,85,5,1,73
25,53,85,34,25
17,52,66,33,25
18,70,59,52,25
67,6,7,20,25
19,76,65,6,51
74,50,67,83,38
26,21,62,6,3
21,67,39,31,41
60,32,27,81,29
36,31,34,5,72
39,73,44,11,81
42,68,14,54,82
17,33,29,24,14
55,15,6,7,13
49,38,30,39,21
40,9,77,6,1
7,88,55,2,19
64,16,14,5,72
74,30,18,54,84
4,65,4,70,5
85,22,77,65,71
9,44,63,1,84
19,20,57,74,63
18,8,22,16,35
65,25,88,29,10
3,27,74,89,80
76,37,86,9,24
83,20,60,86,83
25,24,24,75,74
46,27,55,52,17
48,54,18,4,63
72,41,19,42,20
8,74,24,47,82
8,67,57,88,37
19,60,4,78,56
56,57,20,67,2
17,74,49,76,55
34,0,10,22,39
56,4,26,63,73
78,72,79,66,83
51,46,25,70,72
6,77,86,33,54
7,15,29,75,7
74,67,54,14,63
14,18,84,3,30
26,14,7,25,20
67,50,6,19,4
2,59,66,42,23
42,51,38,34,51
50,43,59,33,73
76,63,53,49,2
12,54,65,13,44
2,7,0,36,75
61,40,63,16,64
79,55,66,51,5
16,32,29,43,20
33,26,71,39,34
41,23,32,2,17
73,66,39,67,14
67,9,64,17,68
7,56,76,77,80
59,58,22,87,71
8,85,38,71,10
43,86,19,0,51
5,4,66,75,61
50,13,46,67,40
26,47,54,66,86
88,62,48,44,38
58,69,21,43,81
67,4,44,72,4
42,81,76,18,3
20,42,32,43,56
27,57,59,37,82
52,51,26,62,81
41,26,37,65,15
87,10,1,22,31
48,56,34,9,1
9,31,40,35,24
67,12,89,68,82
38,57,32,7,2
8,0,48,55,81
7,64,82,48,17
81,51,60,80,76
37,61,81,54,76
56,12,80,70,32
62,57,68,47,1
46,20,7,75,40
43,34,81,73,77
17,87,57,32,24
3,59,61,85,16
12,73,88,65,51
63,51,1,56,33
75,83,50,14,60
14,57,51,55,28
41,37,15,46,14
49,77,28,19,63
23,74,82,56,16
52,75,72,26,35
69,53,9,53,33
81,59,11,27,49
11,57,62,9,55
17,15,36,28,6
44,37,80,9,75
57,20,78,25,31
5,49,49,72,65
61,5,89,66,19
11,42,50,55,21
24,34,11,48,4
8,80,26,8,0
66,80,19,45,53
79,34,11,11,87
71,68,46,48,37
28,40,66,24,77
73,85,49,15,5
58,77,46,52,58
64,36,72,49,10
55,5,87,71,0
42,5,71,76,6
42,12,7,13,13
46,51,16,43,65
52,59,4,74,1
39,59,76,56,6
51,38,44,35,80
48,34,54,13,6
85,88,36,58,11
89,75,35,47,50
53,58,43,11,46
54,52,72,83,69
64,77,52,56,65
5,30,84,14,3
44,72,58,23,21
52,63,48,31,3
77,37,0,0,42
74,24,13,85,63
66,50,65,89,38
70,41,5,19,87
65,40,0,52,75
28,34,66,20,39
26,24,60,18,53
21,79,65,58,6
4,34,89,89,6
43,24,14,49,7
74,19,10,77,37
81,12,66,57,14
25,82,11,69,82
25,40,79,25,71
77,57,37,16,52
44,39,46,34,36
78,64,33,5,32
71,82,10,12,56
56,30,49,82,20
0,1,69,58,7
36,85,85,30,59
87,89,89,20,73
31,2,67,35,78
66,58,88,35,67
40,47,69,62,43
83,73,80,73,64
2,76,60,5,31
39,67,34,34,36
71,67,9,49,58
36,53,46,75,5
40,26,69,64,22
3,44,62,64,17
43,48,55,86,26
45,5,58,87,13
11,34,1,40,17
75,82,1,7,17
62,53,40,16,42
61,35,71,88,45
89,22,36,64,76
8,77,79,86,80
33,5,22,20,87
32,18,62,88,83
49,26,40,12,67
1,53,57,5,19
66,11,25,70,78
17,34,33,11,64
15,6,84,23,69
83,12,21,28,47
13,65,39,30,60
3,36,84,8,84
53,5,78,31,46
48,86,7,5,33
86,25,12,81,78
40,9,22,43,59
65,0,0,41,32
36,55,71,89,16
0,64,4,20,35
39,30,68,80,59
50,87,82,86,65
26,61,57,62,43
67,42,14,51,71
86,41,57,57,6
18,24,52,74,69
79,34,8,32,81
7,81,84,6,50
26,28,83,80,80
21,24,74,31,20
72,39,26,2,38
7,17,25,48,23
74,42,49,51,61
0,61,57,33,33
53,2,34,34,71
87,88,10,42,23
10,34,56,8,12
65,1,32,3,28
36,32,55,75,58
60,86,3,15,48
29,23,36,10,89
53,15,12,20,9
66,10,23,80,43
59,52,55,80,23
89,43,45,54,69
70,78,64,53,43
18,32,60,10,16
65,53,83,69,36
86,37,63,88,74
82,4,11,9,74
0,25,28,43,88
17,39,33,64,78
82,87,17,14,16
37,69,5,11,15
0,67,84,58,8
31,56,56,40,26
22,49,19,82,22
40,79,49,75,60
82,22,47,43,46
48,2,85,76,82
71,89,34,80,6
57,60,82,30,5
75,36,44,39,36
77,38,33,89,26
58,56,22,13,65
81,70,6,10,88
7,82,53,53,4
64,20,77,58,2
49,6,42,5,2
78,83,31,89,36
33,57,14,41,79
3,34,11,21,44
82,80,26,24,83
34,13,89,18,22
58,14,20,24,79
7,5,17,40,83
12,31,29,71,48
32,72,24,24,11
73,43,75,46,56
65,27,22,81,24
34,23,75,66,88
18,88,10,64,73
39,1,62,85,81
4,16,16,76,53
65,1,54,21,63
40,89,13,67,44
59,87,18,70,74
76,17,43,3,7
7,83,5,88,54
49,43,52,76,37
63,3,79,14,47
87,13,83,4,17
29,77,14,22,13
89,23,50,29,46
54,30,77,62,29
73,55,32,45,85
1,47,33,30,20
38,27,10,82,60
81,38,51,77,54
48,86,89,6,49
22,22,50,34,68
26,77,15,22,0
67,80,5,1,24
15,34,54,52,55
39,81,9,77,63
7,89,29,38,63
29,19,63,61,44
77,46,89,10,27
78,52,51,56,41
45,26,12,84,30
20,17,23,69,62
37,32,8,9,1
2,40,63,12,43
69,2,64,41,32
65,43,5,56,27
77,74,68,67,26
27,45,71,26,60
63,86,88,55,32
45,36,61,41,43
48,37,7,45,5
34,23,55,53,36
3,13,11,24,23
67,38,13,21,71
46,65,25,85,47
52,40,70,46,10
47,41,19,48,22
55,19,10,17,1
56,20,76,63,71
12,75,60,79,12
62,7,12,19,7
10,72,4,68,49
34,63,41,2,87
83,1,65,85,30
53,48,14,8,22
46,38,41,54,49
14,87,50,23,55
48,24,89,31,1
47,75,66,56,53
42,24,0,15,23
29,82,81,56,67
36,40,10,58,42
58,18,48,34,62
30,44,84,61,83
50,59,21,57,23
13,74,22,53,6
17,56,58,59,33
34,33,75,50,36
82,50,21,18,70
76,5,6,67,63
80,64,19,77,4
4,2,42,24,67
57,72,63,29,65
77,12,67,42,50
58,18,15,88,4
35,55,34,27,68
71,81,17,11,49
10,19,70,37,11
18,2,37,21,88
6,12,68,29,86
53,49,26,16,45
82,74,22,49,80
86,26,30,58,5
2,57,22,2,55
88,70,46,52,42
49,74,39,72,57
14,18,75,65,40
31,9,73,28,83
51,66,13,57,84
70,3,36,37,63
65,10,40,48,52
75,74,11,5,13
2,39,86,82,41
11,10,0,83,79
50,10,34,76,67
66,0,3,37,74
79,59,3,43,12
30,78,87,69,36
14,44,80,67,6
63,35,10,9,73
70,48,53,32,42
78,14,62,79,77
84,0,76,70,44
20,71,5,72,74
23,82,41,5,6
33,74,45,81,88
52,88,73,11,80
70,88,11,32,88
15,24,60,2,10
9,83,14,10,62
43,65,87,65,54
34,14,1,72,69
11,53,65,35,82
84,78,73,80,44
2,18,34,33,61
82,24,10,23,83
0,24,74,68,50
65,0,33,76,88
66,0,51,32,18
3,79,88,57,80
65,24,82,22,43
80,16,41,30,75
53,13,67,27,16
6,48,68,72,78
43,25,23,47,86
80,88,84,6,62
18,39,25,16,60
66,57,80,70,85
30,33,52,51,5
68,89,67,88,38
7,17,37,75,7
8,35,76,83,79
45,4,61,63,5
47,67,61,6,31
84,58,27,52,84
88,54,14,12,42
49,50,11,38,47
28,56,74,4,67
18,71,51,45,84
61,75,52,24,23
3,87,75,28,36
57,72,73,85,3
42,15,71,15,65
38,5,86,45,51
38,5,67,63,2
51,21,68,17,48
35,51,16,48,28
76,21,15,18,44
23,23,75,23,32
76,4,58,45,80
69,74,17,12,82
29,8,11,17,42
8,60,57,8,22
74,15,52,77,59
88,38,59,32,34
50,16,84,61,80
15,63,24,69,50
12,58,31,60,3
5,52,51,13,86
58,69,27,59,41
55,13,85,34,21
64,28,80,15,12
27,38,15,49,2
83,40,85,89,24
76,1,45,17,44
11,78,49,38,78
59,60,5,19,53
46,44,12,14,26
89,12,78,82,54
71,86,32,41,81
52,27,15,0,65
70,56,80,18,57
10,45,50,29,58
19,69,44,43,73
53,89,46,55,9
37,62,18,80,2
60,40,67,64,19
15,60,6,81,74
88,27,35,8,0
72,17,19,0,10
63,25,33,5,38
33,71,2,31,29
81,75,76,23,0
7,20,54,59,36
73,62,52,39,23
23,1,86,53,64
66,52,85,39,42
33,37,75,21,81
41,65,61,0,68
83,1,85,47,63
42,69,53,89,75
30,52,38,68,35
16,27,63,37,74
39,61,25,49,24
47,42,11,75,23
22,55,73,78,50
19,86,59,6,42
9,3,19,61,19
14,35,81,25,65
61,37,42,57,41
17,4,36,64,23
13,89,29,62,68
55,10,9,12,45
60,0,10,89,53
4,24,31,68,88
16,17,70,29,48
69,24,7,24,33
25,36,87,38,6
82,72,19,51,28
29,72,17,78,46
42,52,63,0,59
65,63,25,47,48
50,15,45,41,32
52,39,80,37,46
49,50,61,82,62
29,83,11,84,52
29,63,40,48,49
10,83,26,20,56
48,63,81,9,52
64,38,25,0,53
74,16,29,23,14
61,54,15,85,81
89,88,62,80,18
87,81,71,34,8
70,29,77,20,84
34,1,28,14,33
38,55,45,1,2
32,38,23,6,40
61,53,28,8,47
67,13,37,56,81
62,69,3,19,54
60,84,19,21,13
57,2,83,31,85
47,31,40,65,23
19,47,42,57,3
48,69,20,8,51
17,70,12,49,45
5,66,53,61,53
69,50,0,50,14
14,80,7,77,31
76,35,62,16,83
46,36,88,63,49
25,73,74,25,40
17,85,41,18,84
28,89,38,16,15
6,16,15,67,35
38,29,56,79,35
80,12,27,89,48
26,0,82,72,32
7,9,24,50,51
65,66,79,26,34
69,75,3,35,69
64,6,48,20,13
81,52,11,49,1
68,55,17,82,39
31,54,45,42,86
74,18,30,48,14
55,12,68,85,74
77,3,26,74,27
62,55,21,78,28
51,41,3,62,70
86,43,7,25,36
0,36,33,70,24
28,77,0,50,1
31,67,51,76,16
51,55,69,7,29
52,42,14,46,1
87,78,0,32,80
28,24,48,11,46
33,25,58,15,85
46,66,54,79,14
82,64,59,64,51
11,57,76,40,59
13,51,70,73,1
82,46,16,20,43
85,26,52,53,57
20,31,24,42,13
30,83,65,71,88
7,84,76,61,40
71,13,79,60,34
61,12,41,48,84
71,29,38,16,72
21,70,13,67,59
20,47,53,49,53
17,67,3,80,86
69,59,41,37,11
7,59,73,80,70
50,28,33,70,85
47,72,72,86,12
69,9,66,73,52
56,87,75,21,5
63,47,2,49,65
85,32,46,48,51
25,25,8,7,41
39,24,87,42,6
64,36,24,70,62
30,84,80,57,5
41,71,44,7,26
71,75,75,49,72
9,54,84,50,28
76,36,42,76,82
5,49,67,11,70
76,45,59,22,13
85,66,18,43,52
50,20,32,30,80
42,6,35,55,3
33,52,9,26,70
81,59,50,0,54
16,71,50,47,64
11,10,84,57,53
13,55,76,36,38
17,9,52,34,30
31,6,24,88,78
38,41,22,16,82
70,85,62,50,33
42,39,0,39,56
87,55,33,86,89
61,6,34,1,64
53,35,89,63,19
79,69,79,15,26
80,53,0,23,3
35,25,28,38,33
85,15,59,5,28
13,53,25,50,67
32,39,60,16,31
48,54,9,76,43
68,42,41,75,32
3,27,25,77,2
31,69,68,87,48
81,77,66,33,71
1,29,6,52,39
60,77,5,5,43
45,50,41,25,43
9,32,6,58,23
71,25,59,5,48
52,57,81,74,36
48,7,37,38,28
89,83,41,7,28
79,23,1,43,38
85,40,34,33,14
85,4,72,83,50
47,22,36,78,33
32,81,28,9,73
10,55,44,34,32
19,38,81,6,14
44,39,29,40,12
53,41,54,55,52
83,12,1,58,9
27,16,46,3,30
85,25,65,35,10
34,6,31,47,16
60,76,34,51,7
56,60,5,47,67
22,19,50,13,33
27,73,83,1,35
64,69,26,81,62
7,53,30,53,24
73,53,79,66,56
23,46,4,25,40
75,54,45,56,61
87,12,41,82,64
35,44,54,62,44
55,39,37,79,40
36,23,31,70,35
43,46,32,72,26
3,10,50,43,56
35,65,71,9,23
31,11,32,82,86
18,65,35,29,38
36,23,25,18,74
16,30,74,67,23
73,0,30,62,21
52,73,64,76,62
16,26,20,66,58
61,5,15,56,80
47,7,82,54,67
28,55,70,64,53
19,75,33,71,3
59,12,1,88,27
76,27,85,69,1
80,41,15,11,10
75,23,72,25,48
1,54,50,36,33
11,68,68,2,29
16,53,38,49,51
1,41,13,75,10
86,78,29,55,11
1,45,68,82,38
18,50,77,18,14
45,6,8,43,32
72,64,60,70,39
25,46,41,32,26
51,0,76,88,0
63,40,75,44,73
46,44,41,14,8
34,66,15,28,68
11,69,20,40,28
62,73,60,32,79
30,81,12,3,10
73,41,18,20,27
82,1,83,24,40
33,61,38,69,51
63,50,76,49,31
72,61,10,8,16
52,75,84,77,69
35,65,15,25,37
17,39,83,82,61
11,82,54,12,28
28,89,80,64,51
44,60,70,17,6
3,8,42,20,64
25,15,36,38,79
28,55,1,31,79
11,78,17,62,78
51,2,79,37,81
85,88,59,78,67
89,27,80,40,50
54,25,35,89,83
28,73,53,13,67
75,30,16,55,79
49,28,15,41,78
62,75,71,64,41
34,3,81,26,86
4,4,19,83,36
66,25,81,68,36
31,11,60,83,15
89,50,69,9,28
33,58,58,61,49
9,30,30,27,72
2,62,38,54,12
22,41,66,12,25
6,10,44,24,37
74,37,21,64,8
6,78,78,88,35
48,75,14,47,68
19,63,7,5,82
47,26,3,10,58
12,23,66,84,84
1,64,67,23,58
85,62,8,43,4
85,13,9,54,77
18,20,77,69,82
16,61,64,36,56
48,53,0,68,77
47,65,20,75,6
79,11,25,2,5
64,58,15,9,43
74,86,45,32,5
77,3,59,32,39
28,65,51,7,36
30,89,23,41,39
44,28,40,81,89
72,47,83,9,38
20,66,30,66,29
36,51,32,74,28
57,81,43,14,30
27,16,28,15,35
22,62,30,38,35
52,28,18,86,4
39,30,51,17,14
54,20,32,83,87
84,32,40,86,62
61,13,47,9,13
87,3,52,74,17
23,85,88,21,21
10,18,36,38,82
71,69,66,52,50
14,59,40,35,11
59,87,85,85,77
25,43,44,16,68
51,46,24,11,9
2,34,11,52,75
49,38,45,70,81
6,30,36,27,67
76,74,83,28,39
52,70,60,61,43
84,66,21,56,74
62,73,31,3,27
3,27,27,47,85
41,59,69,5,85
26,77,20,32,43
42,72,15,4,78
21,10,44,5,88
44,28,34,15,34
82,79,43,75,72
8,11,72,47,29
1,4,37,23,14
82,57,52,28,39
66,13,42,27,48
75,28,78,61,1
17,55,73,20,53
58,50,37,3,8
71,3,78,23,17
80,29,66,48,57
12,58,16,8,51
39,54,26,19,4
64,45,9,6,22
52,15,1,27,82
24,81,85,27,0
84,69,44,58,6
59,17,13,48,60
32,43,69,21,31
72,32,5,87,64
18,4,81,27,10
35,73,8,38,64
65,36,25,35,78
14,61,62,65,38
72,12,71,23,87
33,35,22,40,71
4,82,62,29,28
67,54,59,35,20
89,0,28,36,87
24,13,33,18,82
73,52,26,56,18
85,6,45,78,18
87,32,23,57,57
57,21,87,19,63
71,73,21,73,5
84,33,74,5,84
45,74,83,0,76
52,4,76,43,0
75,27,2,57,25
8,4,57,47,37
23,48,26,23,29
71,36,58,85,69
54,54,52,85,39
32,1,78,66,49
27,75,57,44,67
36,48,89,10,52
67,54,75,64,40
14,73,67,10,80
71,5,83,57,78
47,2,38,17,52
8,53,44,55,28
42,84,26,50,80
80,2,14,35,38
58,64,61,48,88
29,76,52,6,25
33,55,22,65,73
88,50,78,47,19
3,2,13,32,32
49,82,59,54,58
15,48,23,14,65
14,5,39,69,69
60,62,37,87,40
53,88,48,11,28
18,23,35,30,65
47,51,18,73,36
33,24,23,67,65
2,40,35,87,4
2,43,77,43,38
15,53,37,0,35
17,14,84,58,45
7,11,17,1,50
74,30,51,7,70
35,39,70,44,77
30,76,13,33,28
51,42,1,41,75
26,70,70,8,37
37,9,89,17,47
40,71,83,26,22
26,56,29,74,1
5,23,88,5,72
73,54,75,35,71
65,52,76,36,83
10,14,39,22,63
65,26,87,83,75
82,42,80,87,68
46,34,31,80,69
51,13,40,87,74
65,43,32,63,31
4,49,7,26,17
71,50,5,29,8
16,58,73,70,86
7,68,60,50,27
38,58,87,1,69
5,67,64,74,5
35,26,42,79,35
61,87,66,2,78
12,54,77,40,37
64,81,11,17,50
8,17,38,68,7
40,49,61,4,12
64,0,24,74,89
5,81,36,17,48
74,45,62,39,15
18,61,46,3,50
33,61,13,25,46
58,36,45,9,0
14,53,82,66,34
56,9,26,46,25
56,11,22,41,0
56,66,86,30,1
12,82,84,20,17
57,81,14,28,64
41,35,30,47,62
83,14,75,24,70
29,15,73,76,67
44,50,31,28,4
62,32,75,55,86
76,18,24,86,81
6,26,46,77,46
59,15,6,29,65
80,40,88,10,23
42,56,85,75,24
80,39,80,35,5
56,79,55,83,84
21,73,8,58,6
73,10,80,40,74
1,26,56,68,2
59,74,76,38,28
35,80,35,65,23
23,15,39,1,53
78,12,34,67,86
10,66,1,26,64
58,67,30,77,1
40,22,29,17,19
0,62,31,77,21
40,57,12,31,41
71,66,59,73,52
7,7,84,44,71
77,55,14,50,2
0,8,47,13,33
31,23,47,75,5
87,73,25,31,31
14,68,45,45,88
1,13,77,48,11
35,48,36,73,59
80,65,18,40,77
37,5,36,60,46
10,16,71,73,27
81,25,6,32,22
36,89,13,78,59
75,85,60,17,20
35,64,68,48,14
39,26,8,77,46
25,20,72,63,72
50,87,57,88,76
63,77,72,53,13
11,3,68,41,52
78,39,35,43,24
45,64,85,32,1
26,29,14,13,8
22,2,77,61,27
7,81,81,43,39
11,37,83,85,88
23,65,44,62,52
49,64,56,12,81
54,10,43,37,26
74,1,62,38,26
24,70,45,62,44
33,1,22,30,59
25,32,9,1,62
27,33,0,36,57
24,50,64,8,67
65,70,42,64,12
40,80,54,36,9
89,89,14,64,15
6,27,79,27,48
46,60,82,86,17
65,58,16,34,61
1,89,42,23,56
68,76,56,84,71
50,24,11,26,80
60,86,8,35,23
81,5,58,41,35
6,86,53,59,55
81,44,77,73,14
88,58,45,54,35
85,80,9,6,29
9,73,26,11,39
42,62,82,11,40
66,7,79,51,73
72,40,68,79,38
18,8,83,39,86
84,82,63,2,35
28,61,27,58,25
27,78,5,21,23
56,58,12,59,76
61,4,29,32,61
48,24,58,79,31
55,45,22,47,18
57,75,31,68,11
42,72,29,71,61
22,30,5,67,54
36,60,83,59,28
81,20,65,47,64
52,60,42,8,15
86,43,70,7,62
80,69,69,56,1
0,20,40,15,79
61,2,74,58,44
21,39,44,72,79
8,16,14,43,85
85,68,39,72,24
9,71,40,28,74
47,47,60,63,51
69,20,56,62,6
9,55,9,42,78
47,20,68,2,67
85,76,19,20,53
11,55,89,7,48
19,64,18,15,73
18,50,40,12,58
78,73,42,53,1
64,61,43,25,87
62,13,26,43,73
21,66,25,11,16
43,44,86,30,18
88,28,67,57,15
58,18,35,8,54
56,37,23,65,87
89,12,84,32,48
36,20,65,70,65
42,77,52,60,55
24,41,23,24,35
62,62,60,73,22
67,34,19,52,25
85,38,54,82,86
15,51,10,18,19
43,41,70,44,28
81,59,36,33,71
0,57,56,87,12
66,41,46,37,42
68,7,64,4,79
23,67,23,69,52
41,32,46,46,20
38,7,48,25,52
68,46,56,72,71
13,4,56,74,3
83,43,54,74,38
46,58,86,5,26
63,7,19,57,52
34,83,74,47,6
9,37,6,18,35
20,23,71,18,1
15,32,3,60,57
46,69,24,5,24
49,59,14,59,86
72,25,19,34,85
38,6,71,10,1
66,10,79,13,38
75,75,31,13,15
5,29,1,52,4
64,85,13,65,74
34,40,2,82,62
38,29,20,68,20
57,2,82,58,15
6,69,13,47,55
84,8,31,88,54
1,41,12,22,77
23,9,65,84,6
53,45,30,69,20
77,62,66,73,63
88,32,89,44,23
32,82,41,50,37
56,4,63,17,63
89,72,56,12,19
11,60,3,51,23
10,82,73,12,87
74,19,70,13,7
80,22,39,3,58
52,62,80,84,84
13,61,9,39,84
39,3,1,23,3
64,39,65,38,13
40,9,23,81,88
4,88,51,67,89
28,58,52,64,12
86,38,47,14,33
88,17,87,19,46
77,34,36,53,25
75,28,18,75,52
10,43,35,67,19
25,15,88,82,19
75,81,0,39,54
20,20,64,28,24
87,89,54,13,6
78,46,65,26,30
46,85,74,56,61
48,33,76,61,58
33,31,43,78,11
17,36,7,68,83
43,6,57,44,4
46,72,13,12,32
43,69,12,13,76
6,55,28,88,80
35,55,63,89,86
33,10,51,20,20
70,25,59,66,32
59,63,23,14,84
2,77,66,67,28
22,16,85,66,8
63,87,41,5,64
84,68,86,85,52
88,28,26,60,72
56,33,78,45,57
82,33,43,46,0
27,53,68,67,52
22,89,65,32,50
86,42,51,45,68
15,32,29,64,9
26,2,87,4,37
79,10,29,13,50
10,52,29,54,10
61,42,20,76,17
77,71,87,13,65
28,67,57,4,35
24,19,17,81,75
35,53,29,59,31
73,36,4,38,25
59,0,19,24,22
12,9,2,2,4
51,37,32,9,25
44,47,88,13,20
2,26,51,35,44
75,51,34,55,37
66,80,56,68,64
53,54,2,87,40
33,35,46,63,48
81,34,4,44,50
48,83,37,11,1
28,20,21,5,84
51,31,81,35,3
32,77,47,84,16
5,56,25,8,55
12,15,89,14,56
1,34,31,77,42
61,53,16,5,41
88,79,19,54,70
34,85,64,61,34
34,39,42,68,30
82,68,61,54,28
68,3,25,28,28
69,25,39,58,86
74,7,19,66,34
7,55,50,2,70
45,86,23,76,73
80,47,61,33,85
32,38,25,22,25
23,9,17,17,76
34,76,84,58,10
4,3,65,8,9
60,45,45,55,47
86,62,16,59,16
47,20,49,51,2
3,42,73,53,22
48,85,28,43,48
20,40,67,32,0
89,68,20,70,36
79,9,35,14,85
48,14,72,8,51
19,82,4,86,25
51,30,44,52,53
63,81,44,19,28
83,13,0,6,2
61,5,23,74,88
6,84,60,77,80
81,70,15,66,40
60,38,17,74,44
35,26,16,34,23
23,38,48,5,70
87,27,56,49,55
5,67,16,5,58
33,29,36,54,46
34,9,7,52,79
19,3,47,55,42
57,22,0,69,7
30,66,19,31,29
0,73,65,87,25
15,41,32,71,83
62,67,79,89,12
16,76,47,30,19
73,85,1,58,43
57,66,74,86,28
16,28,24,28,53
49,79,7,46,80
4,45,48,65,5
64,14,72,39,70
29,40,15,79,4
17,43,54,72,51
87,42,22,66,51
27,60,25,15,35
5,15,44,67,44
82,2,37,24,33
61,60,60,38,85
0,82,26,42,72
3,74,8,31,77
63,2,69,48,19
71,75,4,67,73
88,7,9,14,25
24,53,10,57,37
31,49,5,21,74
42,33,73,18,84
73,66,73,70,7
14,68,63,78,82
63,12,79,31,36
67,77,58,85,84
19,20,80,84,38
80,80,39,16,28
62,68,89,42,1
32,89,37,61,43
58,57,17,74,46
42,24,51,80,32
54,76,51,60,80
8,48,29,54,55
79,3,50,11,66
46,44,10,73,88
50,86,35,56,22
59,15,63,47,79
34,88,28,40,41
83,48,26,18,59
62,37,51,45,24
15,80,34,51,21
46,49,34,58,7
28,30,78,26,79
57,58,45,19,40
76,1,32,85,21
56,77,51,42,46
28,77,19,44,73
84,78,15,69,31
53,27,19,34,59
25,64,57,17,19
20,38,45,89,64
21,23,78,47,30
86,3,86,39,53
42,83,56,72,42
57,68,48,59,75
89,37,46,4,2
82,6,52,0,85
46,36,40,14,53
31,13,35,3,46
80,53,76,44,55
42,73,45,80,48
34,13,58,77,86
64,80,54,31,35
86,30,45,33,56
2,77,59,5,59
70,16,60,85,60
27,82,7,34,31
68,88,86,29,33
32,32,83,48,49
41,1,33,35,10
7,16,55,18,53
73,39,48,80,56
46,89,77,33,10
84,68,74,79,80
42,69,75,73,66
47,75,58,34,87
83,1,70,15,47
11,27,45,79,67
3,21,14,30,10
19,80,80,73,72
23,68,67,33,21
27,26,84,57,36
9,51,79,86,46
51,64,46,4,25
9,31,80,76,67
0,80,79,13,9
35,10,24,46,70
79,50,83,51,79
59,21,26,69,38
77,8,8,20,3
19,85,56,82,14
81,61,85,37,52
19,55,62,37,49
69,30,75,9,2
69,26,67,81,36
63,65,77,8,65
54,44,82,23,37
41,12,18,89,32
41,10,61,43,42
26,8,83,44,54
5,29,50,21,49
2,22,10,51,89
61,55,62,38,85
16,11,84,79,84
56,59,44,81,42
24,5,52,34,18
37,19,22,30,68
65,74,50,88,80
83,13,51,66,48
3,44,68,21,65
23,42,13,11,69
46,63,70,46,14
3,21,42,34,26
50,30,2,16,45
17,61,77,56,38
16,8,30,83,66
70,7,52,51,39
49,51,58,63,1
18,60,33,68,60
83,2,51,55,60
78,29,10,62,37
84,13,61,27,23
23,66,13,37,10
28,82,32,69,19
18,10,62,72,58
73,53,70,73,23
31,20,27,22,59
5,16,27,26,80
2,70,76,50,78
0,65,45,50,40
42,78,19,69,89
4,60,71,62,50
20,14,64,87,87
65,6,83,7,25
78,73,82,18,81
54,20,13,18,61
25,58,74,67,78
11,49,28,12,78
25,19,35,58,38
85,8,49,26,76
48,57,23,44,25
42,65,20,24,79
20,77,78,16,87
85,55,62,20,54
49,86,47,77,62
46,24,11,43,59
80,87,12,42,80
89,77,80,48,21
38,12,35,35,46
35,25,78,87,23
35,41,43,41,11
25,45,14,48,51
42,39,13,49,73
34,80,42,76,29
52,85,23,40,64
45,52,65,70,26
67,35,17,55,55
64,72,7,10,67
21,48,76,7,81
43,51,86,4,21
31,32,61,17,39
11,21,71,4,23
19,42,57,41,7
37,62,16,0,65
30,88,17,24,24
51,17,61,64,40
56,27,60,17,18
51,7,83,42,42
20,82,47,58,65
59,68,67,39,24
21,33,30,55,86
34,26,17,87,56
87,86,13,36,7
24,17,83,73,14
25,35,72,25,31
86,78,87,27,79
10,73,68,38,7
68,55,60,73,40
48,62,37,89,42
28,65,4,30,86
50,32,20,3,65
47,79,23,0,67
6,17,30,67,50
87,46,39,84,64
51,85,66,83,46
78,46,58,4,87
13,36,48,60,7
78,88,17,55,45
21,52,84,59,82
19,25,17,36,41
87,23,28,21,29
52,29,71,5,72
8,61,64,13,41
16,52,2,16,80
23,82,45,33,67
78,2,27,57,6
73,57,54,84,3
18,24,69,19,62
41,34,5,81,21
46,83,47,13,33
32,60,63,20,86
38,2,38,62,39
58,14,35,84,28
80,79,77,83,40
34,23,61,24,57
38,23,23,46,75
17,64,51,8,87
79,20,38,34,32
29,7,12,73,4
40,80,18,30,65
67,3,30,39,13
41,81,25,59,76
22,40,43,23,25
48,54,49,58,17
4,64,82,63,42
58,4,21,79,26
57,19,2,19,2
26,63,68,3,48
85,58,56,27,50
7,87,66,31,8
72,64,74,10,40
80,42,18,33,77
27,14,81,44,87
16,60,9,9,0
46,29,17,14,5
39,33,54,39,2
3,37,71,23,1
38,4,64,16,74
60,87,14,40,85
83,78,15,37,55
69,64,33,84,86
28,51,54,41,28
26,54,59,28,87
3,0,21,60,62
32,54,57,29,19
61,10,31,14,31
61,62,34,28,2
4,7,17,66,33
38,59,18,69,57
3,10,89,22,32
87,2,7,45,6
47,41,34,56,24
6,6,71,69,58
71,67,38,11,12
45,23,85,2,81
48,19,83,44,43
63,9,78,15,63
1,19,16,59,17
77,11,7,58,20
54,26,87,62,29
41,39,89,3,28
74,66,6,21,77
35,47,12,81,10
39,13,68,1,37
44,79,15,47,30
84,68,25,32,79
77,5,49,40,36
15,58,81,86,12
20,27,11,71,46
77,20,63,26,62
79,41,12,24,75
69,77,20,38,79
48,38,58,49,65
26,9,48,6,2
18,75,58,56,40
52,71,43,89,50
76,36,34,36,42
77,18,26,6,16
2,53,63,86,86
73,54,31,50,68
18,41,58,77,66
71,7,42,28,87
30,16,45,65,20
34,48,89,63,22
33,15,34,24,38
86,8,44,6,6
31,50,61,71,36
81,27,18,54,12
11,1,18,72,6
49,64,50,60,85
54,77,43,60,26
34,46,83,1,65
18,69,23,52,47
34,12,56,52,20
45,45,10,38,82
33,24,62,58,7
89,31,87,40,56
29,80,33,28,37
13,16,18,79,24
5,19,24,72,62
69,29,16,20,56
84,43,21,8,38
25,11,30,39,61
47,34,14,53,66
19,7,15,29,6
74,1,40,3,26
35,4,27,28,52
33,81,17,66,66
44,17,68,42,29
25,80,66,38,32
24,54,19,24,78
69,5,11,85,16
59,39,57,54,57
74,61,89,22,45
30,51,69,25,49
70,49,61,20,0
72,83,78,9,64
33,3,55,65,31
16,14,64,54,67
85,52,37,61,61
71,72,75,73,87
73,57,51,88,37
74,48,82,70,12
51,15,44,63,36
10,62,57,40,65
69,5,55,18,59
47,33,56,15,3
17,65,35,44,3
34,75,3,36,3
5,14,36,12,48
41,23,64,85,23
69,29,8,28,82
43,84,82,56,22
61,75,24,19,48
10,72,62,0,13
86,67,27,25,84
76,49,9,42,89
42,7,46,10,20
83,11,69,25,55
85,17,76,12,44
11,57,15,88,36
31,71,19,31,29
46,14,29,31,59
48,43,1,57,59
26,36,86,21,71
8,52,42,81,49
85,69,50,3,51
4,88,67,2,44
2,82,6,8,32
15,30,63,55,89
24,88,84,17,46
79,8,15,63,12
45,77,74,2,70
74,79,7,30,54
42,28,44,70,15
83,87,37,60,83
63,38,11,47,53
30,59,85,37,73
15,35,81,57,23
9,63,43,32,86
56,71,73,42,43
49,50,74,86,14
3,13,64,75,41
14,70,29,68,44
69,6,88,42,67
27,66,60,13,51
32,87,23,27,26
68,11,88,76,28
54,24,47,88,15
26,8,38,77,13
53,75,39,88,50
17,24,37,81,8
78,1,78,14,72
36,37,33,13,11
50,58,82,40,2
37,31,26,52,68
34,14,31,83,72
21,83,23,89,79
74,52,57,79,21
70,54,75,58,61
50,34,83,61,12
83,44,18,62,51
75,18,45,16,31
3,4,24,7,10
19,23,78,86,58
1,59,65,72,85
58,28,51,44,31
5,5,74,17,74
60,56,6,61,77
31,80,24,10,8
75,15,67,1,4
21,86,65,0,44
7,45,1,28,32
65,75,77,0,17
38,2,1,63,15
52,37,54,68,23
2,18,43,70,72
51,33,25,9,48
51,20,14,7,54
0,40,51,85,64
26,82,1,31,55
56,44,58,45,3
54,28,6,7,61
84,86,33,79,84
6,56,42,45,15
31,15,6,74,53
16,81,40,36,22
48,84,37,87,60
43,39,64,66,9
45,13,84,37,61
10,52,13,36,60
32,16,64,47,73
5,52,43,83,44
5,82,45,21,29
19,20,64,67,0
49,5,49,20,71
42,23,85,49,33
28,74,69,41,40
29,83,0,77,56
6,17,52,48,22
88,36,6,26,70
29,40,51,6,1
41,19,37,32,50
74,86,69,27,61
69,31,55,38,6
13,34,86,3,72
56,7,15,15,27
77,40,16,36,85
65,5,52,82,64
56,56,83,73,24
22,2,9,30,83
36,11,70,24,59
88,1,73,34,51
13,33,2,2,22
76,14,77,23,66
36,54,56,31,0
24,65,79,24,77
51,26,45,6,34
50,53,39,74,60
67,32,24,34,87
16,48,60,13,84
68,0,22,55,20
72,55,49,62,17
0,58,67,46,46
17,28,47,75,10
89,5,6,54,23
59,62,82,2,85
42,0,41,87,62
26,86,44,81,53
70,2,86,37,58
50,85,50,88,76
68,23,69,71,72
3,42,79,78,52
3,88,65,33,25
53,37,47,27,89
31,35,79,25,81
68,1,56,83,31
35,13,89,82,78
2,81,35,4,67
1,71,24,89,81
45,78,30,1,36
83,28,38,6,40
43,46,56,61,34
20,54,6,23,48
71,33,60,34,24
10,19,60,24,78
80,31,77,72,74
54,80,76,56,22
52,48,16,79,55
75,16,63,75,32
53,74,42,64,59
76,55,39,52,7
42,54,60,57,86
47,55,73,57,69
56,63,54,49,42
37,83,27,76,8
43,7,13,40,31
47,36,8,14,51
34,74,86,37,17
81,74,67,89,69
9,79,10,89,29
18,43,54,85,1
11,45,19,72,13
23,63,2,6,82
22,8,6,58,26
88,33,2,58,9
13,36,39,24,87
76,5,10,8,20
54,51,32,23,88
14,35,85,1,55
10,64,4,7,46
33,87,42,19,18
49,44,52,45,3
84,86,44,67,38
0,50,66,40,12
62,60,87,89,54
55,83,4,76,34
68,54,29,17,31
46,42,27,11,2
63,2,30,12,47
56,65,26,36,85
61,13,37,2,61
45,9,82,52,35
77,24,43,62,68
44,80,80,69,64
37,69,67,73,62
2,12,12,68,23
3,61,8,4,4
83,9,78,22,24
68,41,40,51,20
62,13,53,37,59
61,73,65,78,65
34,81,65,27,69
59,46,75,49,44
57,50,43,64,67
50,56,20,0,87
22,74,14,69,17
26,58,1,46,14
9,21,70,42,66
13,85,47,22,49
43,60,27,40,65
73,48,4,31,6
31,12,68,87,79
56,54,71,49,42
48,44,60,70,5
85,5,71,65,42
9,81,38,67,48
1,52,22,38,54
3,19,46,58,38
3,86,59,22,18
34,85,18,26,39
22,51,89,58,75
75,28,36,60,14
69,58,17,3,68
11,29,55,66,6
48,42,13,68,20
41,26,66,53,79
10,25,50,29,38
46,38,61,64,61
59,65,55,27,1
30,35,59,87,29
87,36,87,32,32
20,13,27,9,54
32,27,3,71,75
20,23,66,66,2
85,66,78,66,26
32,25,25,54,41
84,13,80,19,75
83,34,56,25,61
62,65,58,25,38
41,48,24,47,55
73,15,78,46,42
66,83,62,6,32
34,70,73,40,12
7,27,23,87,18
73,37,52,88,33
77,11,64,20,11
6,25,29,6,47
36,54,56,11,31
2,18,79,49,56
88,20,36,7,74
79,87,31,88,56
27,48,76,28,7
51,37,87,23,52
60,12,73,40,81
45,23,7,54,27
59,53,28,81,13
89,26,41,81,63
44,58,39,52,39
74,34,59,14,58
84,28,8,10,62
15,11,53,37,76
50,56,64,29,37
55,34,11,28,27
21,22,43,72,20
58,25,60,40,31
69,63,8,14,62
28,7,81,57,62
86,6,46,14,8
13,58,48,89,20
47,80,28,80,1
57,39,29,25,4
58,53,31,60,45
58,57,27,53,53
30,35,83,26,77
70,55,28,46,51
21,45,85,36,47
65,70,55,1,32
56,26,17,32,61
19,67,61,85,87
74,65,18,42,26
60,37,71,11,33
85,47,68,33,9
18,11,59,39,10
20,35,50,38,9
62,51,61,46,77
29,21,88,86,22
44,3,21,71,66
68,18,43,7,66
0,67,71,63,81
0,74,8,41,6
37,9,45,54,44
8,35,58,38,25
45,68,16,20,41
44,19,53,64,18
52,39,18,17,63
20,37,77,73,69
6,85,3,35,65
63,1,33,40,35
42,39,77,81,6
35,55,61,49,33
86,76,37,5,47
12,47,81,84,70
80,60,8,59,28
41,17,3,47,47
17,38,37,69,46
36,54,26,69,51
3,13,39,70,80
1,30,63,86,81
51,9,31,32,53
88,13,27,48,51
35,55,57,70,89
48,74,20,84,1
24,25,70,62,15
37,29,48,35,62
71,50,2,10,0
54,30,76,21,69
46,57,39,62,6
36,1,13,57,46
63,19,48,18,25
3,40,83,24,49
51,23,3,40,86
52,59,32,50,33
38,24,62,63,57
59,55,63,36,68
3,22,34,0,28
74,73,84,21,17
74,48,57,8,52
35,16,55,44,37
54,52,78,42,59
61,61,71,75,65
83,76,51,2,2
88,2,35,73,22
75,52,82,61,5
6,10,12,63,41
21,2,61,28,88
23,70,85,30,53
53,40,15,33,17
7,32,84,80,23
6,7,60,65,58
0,17,89,21,28
64,57,24,68,75
23,7,24,66,31
19,25,66,59,46
12,1,86,46,85
6,13,7,57,68
9,12,56,53,64
63,58,28,49,21
21,71,14,51,48
43,63,46,40,62
70,45,3,57,5
15,0,23,39,35
16,15,0,83,35
8,17,49,57,1
25,24,7,89,1
74,35,72,60,35
55,79,36,17,9
0,17,81,82,16
40,77,3,51,83
37,37,61,47,9
46,43,25,32,16
38,18,25,32,7
55,1,79,38,76
21,66,12,87,68
9,26,62,54,88
23,6,85,45,42
70,40,36,38,75
72,14,20,19,12
85,39,8,15,9
2,23,29,29,51
28,87,61,74,29
4,12,88,38,4
20,77,61,55,69
87,39,67,56,24
60,39,51,5,12
48,74,65,64,66
32,22,74,65,13
88,62,81,4,28
2,51,78,62,65
75,25,85,61,14
79,68,10,7,18
5,51,40,10,82
52,6,75,58,43
49,27,83,78,29
87,27,59,62,24
59,40,84,2,41
2,51,64,18,64
67,4,49,32,89
11,34,73,19,70
75,75,40,25,79
26,76,30,5,37
26,62,84,85,7
47,62,88,81,0
56,66,63,56,18
85,3,52,6,62
55,62,13,88,12
8,35,62,10,63
5,78,67,88,33
69,85,41,33,23
41,66,71,21,50
31,51,20,70,3
55,62,73,51,71
7,9,39,68,44
88,82,65,36,73
59,28,2,89,24
57,15,22,24,51
74,11,32,48,4
6,41,62,72,46
47,77,62,9,89
49,7,28,72,85
23,63,74,72,47
5,2,24,29,25
20,48,58,86,73
7,32,73,27,31
74,44,64,57,76
42,40,33,47,46
40,0,55,27,53
10,46,47,36,46
89,74,47,40,33
21,17,15,31,17
23,64,36,12,76
11,52,45,45,27
66,51,68,84,26
61,3,9,29,49
64,55,78,16,88
73,64,15,7,57
55,9,86,81,27
71,78,55,78,87
88,69,49,48,26
4,57,27,25,62
22,32,8,56,35
85,45,71,6,25
29,62,13,60,69
48,69,89,8,6
67,4,61,69,86
19,24,19,53,65
3,32,65,58,64
81,81,72,73,69
50,35,35,80,53
10,38,46,41,38
71,19,1,55,44
4,0,59,50,45
60,13,57,31,35
28,74,64,15,52
32,18,64,7,35
36,43,37,63,31
14,84,80,30,69
44,80,4,69,40
65,79,22,36,28
80,4,28,79,11
0,77,52,30,57
82,6,25,61,82
21,49,64,16,19
37,52,10,6,83
78,3,88,51,23
8,59,48,4,79
22,38,28,24,86
70,54,80,25,52
36,57,89,87,77
74,40,14,71,29
23,16,70,65,22
65,50,8,34,63
22,39,80,14,53
42,14,86,72,66
3,37,76,86,26
60,14,16,45,34
38,40,34,24,6
85,26,34,21,7
78,72,50,61,17
22,2,29,12,28
41,72,33,40,70
43,60,75,17,31
89,29,31,56,14
13,52,74,86,46
46,70,44,17,17
63,61,9,87,17
74,50,48,51,30
89,50,51,55,29
54,44,51,47,44
57,61,77,57,26
65,0,35,53,48
19,87,71,2,26
33,35,84,50,49
44,29,30,52,59
2,17,72,66,52
14,37,17,40,34
58,47,1,38,46
86,15,45,5,23
0,74,86,54,71
47,77,1,29,70
30,55,0,47,66
11,6,46,5,25
11,49,75,0,28
83,17,78,4,69
24,36,10,58,56
80,25,26,27,19
46,22,59,87,86
88,58,19,32,13
29,89,4,28,64
5,73,3,36,7
89,86,35,32,69
35,81,76,3,51
57,59,85,45,22
13,76,6,75,5
17,18,4,69,20
27,47,86,51,36
68,34,44,48,15
74,67,69,71,54
9,72,67,66,28
71,0,34,64,46
11,54,83,68,57
89,48,47,78,1
12,26,6,83,42
63,57,60,67,70
55,88,44,20,79
43,25,4,12,32
81,50,29,49,51
7,20,76,15,17
31,64,76,7,84
69,8,26,70,39
65,53,3,80,26
85,33,7,20,33
71,63,18,20,6
22,10,42,58,18
64,26,82,12,5
82,37,61,44,22
18,61,66,15,75
44,73,21,3,51
2,76,76,8,7
11,42,30,19,4
10,66,89,65,19
37,69,20,81,65
77,4,22,33,15
70,16,82,50,3
1,18,53,48,13
5,55,21,51,50
43,51,47,36,3
79,87,22,29,86
88,27,49,43,45
49,0,34,2,46
70,42,76,44,71
19,89,78,13,67
0,24,88,65,73
6,10,44,75,36
15,80,14,85,32
61,61,12,77,52
13,78,72,29,46
14,2,66,26,69
74,80,86,7,31
41,77,43,37,3
47,77,33,55,13
52,41,61,60,87
75,88,80,78,2
31,81,80,60,25
27,56,52,70,30
10,8,55,14,21
37,2,18,81,4
86,0,16,54,24
16,54,43,36,12
18,76,44,53,4
12,19,83,64,43
36,49,41,69,82
88,25,66,71,60
43,72,78,59,17
48,7,34,72,60
17,1,51,47,3
3,3,87,23,12
17,19,44,60,4
51,4,64,74,7
2,77,71,67,68
11,33,79,59,12
35,26,31,73,70
71,65,85,69,65
27,80,28,85,55
75,26,14,25,44
88,59,68,34,36
10,28,50,28,23
36,86,12,56,34
37,12,55,6,49
27,40,23,12,48
54,11,69,30,72
37,79,84,63,5
34,52,80,20,79
42,73,18,86,83
49,17,78,40,52
60,30,18,85,72
31,35,4,23,65
18,24,8,21,5
71,9,74,41,43
73,62,69,39,83
4,4,18,54,54
1,26,64,6,28
0,76,86,32,41
64,51,13,16,78
86,61,3,39,16
64,54,89,26,25
45,8,1,44,1
56,51,79,26,42
52,54,25,14,50
32,32,32,70,28
76,58,33,23,44
50,20,5,31,45
78,62,9,74,38
28,19,27,25,8
34,42,16,48,6
87,62,28,7,81
5,53,20,79,10
69,67,74,59,45
62,8,34,35,68
37,80,5,27,9
78,37,38,18,28
26,20,42,45,9
64,39,27,27,77
0,87,75,77,55
73,84,88,59,24
40,19,36,8,28
61,56,11,69,55
57,18,46,22,54
48,5,11,17,82
50,29,57,74,22
52,13,41,62,43
41,48,77,63,13
74,71,74,16,23
17,70,69,40,87
60,17,59,23,56
15,13,0,84,53
56,43,28,38,53
52,23,49,41,50
82,56,66,55,75
40,77,51,60,75
64,3,4,6,63
83,11,44,48,20
51,25,49,7,57
47,21,61,86,0
71,23,57,65,31
43,71,32,15,42
31,87,82,39,65
31,9,3,60,66
83,33,50,29,89
3,39,65,85,81
80,16,44,54,26
38,26,60,45,27
79,61,31,2,16
84,7,86,13,1
36,40,17,43,68
69,34,21,63,76
18,82,20,39,47
4,31,18,77,48
77,53,26,50,76
34,45,67,47,75
46,35,55,32,84
89,44,17,74,29
47,38,78,55,78
63,87,50,38,75
54,4,76,7,74
55,67,41,14,74
44,51,7,78,7
56,76,49,8,48
43,31,23,72,52
64,58,63,51,59
40,54,20,82,78
31,52,6,6,40
56,78,79,2,41
65,88,1,81,26
70,88,78,84,43
48,72,75,89,13
21,42,82,55,30
81,75,62,37,76
14,41,66,76,59
49,4,48,80,24
55,30,17,20,80
24,32,54,84,7
84,20,67,11,0
54,76,84,83,63
4,70,46,81,63
47,64,25,41,87
9,61,43,67,37
11,89,76,56,37
30,5,8,27,26
71,54,27,76,51
11,51,74,87,53
20,73,3,43,30
55,16,20,36,57
6,10,17,32,44
66,56,58,3,19
1,45,53,58,23
87,27,12,68,9
1,11,88,47,64
85,28,47,43,80
58,33,46,6,14
54,1,80,72,75
40,66,18,68,39
73,52,89,41,65
62,51,67,67,60
3,49,25,84,62
2,80,2,25,12
32,70,63,29,85
88,0,12,38,77
33,69,26,72,28
16,74,27,33,8
55,53,60,39,48
59,52,31,12,73
26,24,2,53,22
63,71,64,75,11
7,69,38,76,66
47,53,46,21,25
89,85,43,34,39
18,25,51,85,52
72,7,38,61,15
17,72,35,28,15
72,15,83,25,16
13,35,85,32,8
82,36,78,17,86
65,67,50,62,29
43,12,68,67,62
51,45,35,5,57
37,64,81,32,34
86,72,46,85,16
27,38,41,62,68
71,50,33,54,81
11,85,8,11,10
4,28,17,35,53
10,70,12,36,51
88,52,0,74,65
2,31,67,24,49
28,26,77,34,20
77,22,75,51,82
77,19,27,55,13
10,55,56,44,28
82,3,78,20,28
25,3,36,88,56
7,44,54,52,9
71,45,82,47,36
29,72,60,45,9
89,75,37,69,83
65,37,85,50,19
19,78,75,56,37
46,32,15,79,86
13,27,45,74,83
86,25,23,24,16
5,62,47,7,89
36,50,56,82,39
62,69,48,5,51
45,50,87,49,50
11,20,45,29,83
87,52,55,23,30
52,29,24,1,70
46,42,88,81,38
61,36,60,25,8
40,85,1,31,38
23,67,64,23,11
77,77,46,73,78
77,23,15,34,69
49,38,54,14,39
54,31,50,36,54
88,11,49,82,79
26,7,86,75,4
19,69,6,81,38
80,4,14,79,5
71,38,31,54,20
57,61,42,47,63
49,52,59,32,25
46,61,51,63,18
58,17,11,69,62
4,2,0,25,36
70,57,17,13,75
78,20,33,64,87
41,68,0,20,59
33,32,23,23,33
58,23,81,46,29
7,87,61,29,21
14,37,77,55,28
85,34,49,13,25
78,16,37,11,13
56,12,82,12,49
49,10,35,82,88
38,65,51,79,53
4,39,5,10,36
37,4,45,34,42
17,2,56,69,31
10,60,31,52,66
24,32,23,6,43
57,17,21,43,12
84,84,36,10,37
17,39,1,6,41
10,24,74,87,36
47,62,21,67,65
71,46,2,69,76
6,89,23,80,35
57,35,38,62,60
67,78,75,67,4
44,70,52,59,89
49,78,58,44,44
53,34,74,25,58
89,80,73,40,87
56,56,15,78,11
55,10,24,10,52
7,67,30,71,6
48,88,85,61,30
52,51,76,59,10
49,10,10,38,35
43,14,85,1,54
72,63,45,32,80
78,31,12,15,59
72,28,47,51,60
74,31,11,37,49
6,88,30,27,64
4,75,77,44,23
21,78,31,28,34
25,16,44,80,38
60,56,25,38,86
16,37,5,41,8
83,13,44,56,60
12,17,8,18,4
22,76,57,51,72
66,40,35,81,10
86,20,88,39,83
2,75,67,46,56
88,88,4,46,10
48,1,44,11,2
7,59,5,51,6
12,35,23,4,23
27,1,63,20,75
88,57,77,71,38
6,50,35,83,40
86,88,34,50,78
75,88,78,11,72
38,7,66,39,46
87,27,37,28,18
44,68,26,85,24
31,65,71,41,38
83,32,57,41,55
65,76,56,73,7
40,36,39,10,10
83,28,82,24,5
44,51,47,14,7
67,2,76,61,42
40,82,87,61,43
8,79,9,81,89
18,1,14,4,63
31,57,16,1,72
79,4,29,80,22
52,38,67,67,56
40,85,11,10,3
8,49,80,6,34
27,56,47,73,50
52,50,38,41,37
65,80,0,20,42
66,82,16,81,84
35,61,58,58,6
44,33,14,32,43
50,42,39,15,72
2,82,70,32,38
27,80,13,70,77
45,24,66,1,10
67,21,60,88,44
25,82,5,30,43
11,66,49,64,28
63,64,26,22,27
60,74,87,15,77
14,50,46,80,50
78,42,46,57,80
20,13,2,46,8
35,77,52,83,51
26,28,34,8,76
38,67,12,72,10
80,57,16,84,48
23,83,72,20,79
63,88,0,67,63
53,63,48,32,68
58,25,23,51,64
75,57,45,40,26
57,39,54,86,45
40,87,50,78,46
81,20,56,1,58
23,14,19,0,45
33,52,18,52,44
55,69,81,59,18
31,6,18,28,45
29,2,47,33,19
66,37,64,16,79
30,66,54,3,18
24,47,32,76,39
45,58,75,36,85
9,68,12,4,77
4,67,38,23,17
14,56,3,64,24
29,40,49,19,86
21,31,46,54,77
50,14,43,5,7
24,23,61,33,35
55,18,83,50,63
65,46,53,23,75
26,7,16,30,34
4,79,21,19,63
62,62,62,67,14
88,78,13,32,87
66,38,51,56,51
81,51,48,13,80
23,71,40,0,66
87,44,45,38,16
65,70,11,69,25
85,79,15,46,11
60,40,2,19,8
39,75,0,11,35
6,79,56,75,39
66,40,65,16,67
20,17,17,44,61
49,26,45,42,22
30,55,57,24,75
79,56,9,28,32
19,15,35,33,44
79,27,45,52,52
23,22,47,25,21
29,51,70,7,36
55,78,14,5,61
47,4,45,72,76
40,13,24,16,41
87,43,12,19,70
58,4,20,42,9
64,45,88,40,81
83,75,22,24,30
65,69,55,66,3
30,18,87,19,76
87,16,73,6,21
80,39,83,63,7
54,67,43,40,45
65,9,66,49,29
42,11,70,63,7
69,31,62,2,10
0,75,30,74,70
54,82,83,66,48
8,87,73,10,18
86,65,3,50,86
6,53,49,43,38
0,1,56,40,45
5,52,50,13,34
50,87,86,31,46
16,47,49,84,25
78,88,70,82,42
79,83,23,57,82
17,77,1,79,43
19,56,82,32,76
50,15,20,43,24
31,39,7,50,25
26,47,53,74,62
69,0,15,85,32
83,38,49,49,14
60,76,19,48,85
45,81,79,58,73
8,60,80,5,6
65,1,50,40,35
2,28,28,12,9
83,88,30,3,4
60,48,19,66,37
40,32,54,16,50
39,54,23,72,61
68,60,38,69,64
4,32,29,50,71
57,56,70,22,18
84,49,4,19,48
27,53,28,6,32
46,52,80,13,42
11,59,66,1,14
85,4,0,47,54
51,12,38,61,8
2,71,56,76,63
38,79,30,36,16
77,3,30,61,50
8,72,80,74,27
60,23,49,84,87
47,39,53,62,66
2,62,70,32,83
78,83,25,84,2
60,78,54,66,35
32,66,33,26,55
17,11,11,2,77
36,31,15,4,46
6,88,29,12,11
81,1,76,8,36
8,73,17,9,76
80,38,74,68,13
20,84,2,82,38
26,82,19,49,29
26,43,11,33,51
25,60,63,59,85
25,66,59,4,24
81,25,8,56,45
74,49,17,4,18
19,9,58,32,56
77,47,41,70,2
69,72,14,37,76
6,57,47,61,7
83,45,34,36,14
37,50,51,5,17
34,17,62,43,80
67,87,16,14,6
76,8,8,45,50
65,82,14,77,3
18,4,85,78,52
23,22,18,12,58
17,79,35,30,17
78,75,58,6,25
36,40,76,61,19
27,37,37,39,9
22,71,47,13,82
65,41,46,69,49
44,13,19,74,40
85,69,4,1,64
59,79,48,21,86
67,70,23,51,41
11,55,69,48,39
28,27,21,8,78
84,21,1,17,84
76,60,1,71,82
21,4,60,56,2
43,89,56,40,88
27,60,82,2,17
35,61,7,59,60
74,35,70,41,86
65,67,4,8,33
0,70,68,55,48
51,27,45,33,72
64,7,80,54,37
53,78,32,2,6
70,41,57,0,87
66,43,28,23,1
68,10,2,52,12
55,84,19,31,18
5,37,56,32,58
0,81,32,39,0
50,85,1,77,83
34,6,8,29,21
47,4,29,37,77
48,47,65,82,23
18,14,79,33,37
12,56,8,48,66
84,72,67,65,75
26,11,79,18,16
89,32,84,30,86
37,8,56,51,10
68,67,71,11,32
35,78,82,5,1
19,17,38,72,24
61,4,54,36,51
25,9,87,25,22
42,21,35,68,55
73,74,55,51,45
5,44,9,14,43
44,55,3,52,47
68,70,53,87,29
36,74,83,30,10
1,41,58,76,11
53,86,54,83,71
8,37,16,18,62
17,53,6,74,46
76,59,76,6,76
86,84,8,3,89
1,85,65,29,25
72,1,83,86,4
20,4,53,59,15
42,43,66,15,43
82,60,11,72,16
66,89,56,76,65
10,64,47,44,50
51,8,24,5,61
80,14,43,11,42
2,27,3,45,56
1,64,49,49,77
71,21,54,16,54
25,69,61,11,67
27,82,53,65,5
33,26,62,40,41
43,46,7,37,82
43,46,40,75,38
3,56,64,24,56
58,32,52,25,55
22,55,46,16,48
1,36,4,88,27
11,73,76,83,29
9,72,35,38,12
74,74,47,25,87
58,37,42,31,80
59,88,86,8,59
25,51,28,31,51
14,82,14,66,19
11,41,77,44,4
54,8,81,54,38
0,62,84,0,53
61,19,81,5,6
21,21,5,7,34
68,60,62,34,61
40,5,21,18,20
16,7,19,32,75
36,15,13,7,22
2,57,27,60,40
78,10,54,71,32
55,60,10,40,36
85,18,5,54,24
87,50,75,44,55
63,52,44,13,77
69,83,24,73,32
44,65,3,74,84
59,24,33,17,12
28,81,12,49,28
35,62,45,76,75
7,32,72,7,53
38,81,26,43,28
50,47,18,45,45
77,1,47,19,69
9,34,69,30,52
48,1,64,41,85
1,34,4,83,70
74,8,66,58,44
21,5,4,8,26
69,17,75,44,36
10,68,32,36,1
81,66,28,6,52
72,77,55,11,38
2,23,31,32,81
19,88,40,89,38
35,59,52,75,62
83,72,10,27,67
45,85,48,5,81
79,87,4,19,56
66,82,29,25,8
86,38,11,64,9
39,25,5,76,10
76,59,77,2,8
56,10,74,37,40
53,49,83,12,30
16,63,44,57,25
31,81,6,2,11
73,31,70,45,52
68,89,49,85,32
54,42,10,35,55
25,73,24,35,37
39,39,83,75,39
2,69,6,44,66
21,20,71,87,0
16,74,2,59,50
60,81,79,38,12
76,88,41,45,66
59,25,18,38,76
83,46,59,2,5
54,67,27,77,8
35,42,66,12,59
35,23,44,75,77
19,51,30,89,26
24,81,35,72,42
69,43,89,16,29
61,54,25,60,42
62,51,39,59,81
83,64,54,18,23
25,62,82,20,13
86,79,27,70,28
21,37,78,44,59
80,24,65,25,34
89,37,36,19,66
14,37,69,4,22
83,52,88,4,77
11,24,21,32,3
72,28,56,24,33
72,65,46,87,29
1,13,59,65,20
51,24,85,48,27
52,24,47,38,18
10,43,1,27,69
31,47,44,55,51
3,56,82,42,33
65,44,29,4,47
67,33,66,29,63
49,64,78,43,81
2,0,0,28,50
20,69,1,88,85
73,17,84,13,4
57,20,36,23,76
16,26,41,75,31
80,33,73,54,63
52,41,68,19,57
65,9,80,20,31
82,5,53,81,33
69,36,48,16,39
5,19,48,15,68
3,70,29,28,12
33,19,55,64,66
15,21,83,63,54
78,31,60,42,7
85,23,10,42,15
10,10,25,51,4
62,88,75,86,46
75,20,86,27,72
87,81,5,33,37
38,12,28,49,34
53,37,3,15,78
0,14,5,19,33
9,6,36,29,34
14,4,63,20,68
86,37,54,0,82
70,80,66,30,18
18,68,24,70,54
12,86,86,22,36
47,59,38,54,27
55,36,52,7,28
17,68,39,80,43
14,6,64,54,30
51,66,85,0,5
86,10,38,54,50
25,38,58,68,62
2,80,4,5,29
49,6,0,60,55
19,72,68,12,58
42,76,50,86,4
83,58,10,21,88
63,17,71,62,32
20,50,26,9,50
10,81,71,45,56
88,64,37,60,63
35,2,37,44,87
82,77,23,86,31
11,80,66,52,26
56,70,75,1,84
19,76,29,66,77
60,46,89,30,52
46,33,59,86,28
12,79,28,64,54
15,39,58,34,13
49,57,50,75,85
74,45,54,73,11
86,63,66,41,48
30,44,77,4,67
41,64,4,70,17
55,51,52,83,6
43,68,16,1,54
88,61,14,6,83
81,19,31,72,45
56,45,49,53,87
7,50,3,34,64
12,43,82,87,74
61,82,44,0,86
60,34,32,2,20
23,27,79,57,4
6,44,69,3,72
46,42,19,82,8
70,43,27,8,11
8,59,78,37,16
22,40,77,52,19
70,12,9,32,11
7,38,72,62,38
72,85,17,32,8
25,34,47,78,33
87,56,2,11,86
51,59,59,60,7
29,49,14,11,89
59,12,26,40,75
73,26,69,58,59
55,60,38,1,56
14,49,68,28,14
49,63,62,3,79
21,15,79,75,71
79,55,33,81,5
36,38,29,3,0
36,62,60,32,38
23,23,16,23,66
61,58,86,12,80
75,59,84,58,45
31,44,25,77,21
56,44,3,17,14
84,23,76,82,3
42,56,47,9,54
51,1,88,21,14
79,53,59,53,80
71,49,5,6,68
49,50,46,46,18
68,78,40,25,33
37,18,4,31,47
23,49,64,58,33
17,36,39,1,78
67,36,88,45,51
35,25,77,49,87
64,41,67,47,5
35,73,26,54,84
63,70,62,43,59
52,83,77,2,4
84,76,64,34,75
88,59,25,48,74
22,9,84,57,76
71,53,29,11,22
68,35,56,60,32
11,34,61,33,6
52,27,42,32,4
67,85,47,42,60
73,15,17,84,68
8,66,55,11,47
77,37,67,2,31
31,29,32,37,74
60,59,56,29,31
65,73,42,60,12
31,29,78,87,72
8,8,85,66,19
33,41,10,89,10
39,69,64,76,25
26,17,52,23,53
84,88,35,21,29
54,69,13,49,38
36,8,5,63,61
30,53,23,8,35
69,38,6,89,21
39,60,87,68,59
80,31,61,2,12
51,8,69,73,63
29,61,15,77,40
64,69,9,84,31
69,61,9,60,56
45,30,88,23,76
9,83,27,68,17
85,19,2,86,54
41,49,77,69,9
78,43,8,53,87
36,34,85,32,26
85,70,52,70,31
47,53,46,56,2
87,73,80,19,43
17,27,67,75,17
5,54,68,24,22
71,35,32,60,3
44,29,38,31,42
9,10,43,12,4
53,25,51,48,75
52,17,14,86,83
23,7,83,27,3
14,67,17,41,77
83,8,75,9,54
60,44,35,82,35
87,45,32,0,42
45,82,55,4,7
5,73,26,73,19
40,51,18,67,29
84,86,15,75,49
23,44,51,71,36
31,69,61,1,54
51,66,34,28,47
15,79,37,51,19
69,19,82,84,50
38,47,87,16,3
17,17,61,24,23
51,6,48,23,80
63,22,16,9,76
81,84,73,60,49
8,25,55,74,88
34,21,69,21,89
80,4,42,62,55
2,85,41,24,2
54,58,81,77,76
36,1,88,20,20
61,47,12,6,71
29,86,54,54,20
70,43,64,54,44
15,37,88,30,54
21,24,36,42,89
48,69,50,37,72
82,56,77,30,63
36,11,88,69,70
28,49,89,15,81
8,43,15,6,18
29,69,18,11,5
60,83,37,18,54
2,65,63,75,39
89,47,24,28,40
66,55,67,74,40
27,66,43,88,64
32,4,86,53,77
14,35,44,50,49
21,83,34,23,51
84,52,17,73,43
64,44,58,8,0
5,54,9,62,42
26,42,89,33,84
29,86,25,61,73
42,85,50,34,22
53,15,63,47,61
34,81,12,54,51
23,52,62,76,27
76,55,81,30,43
67,4,28,26,55
27,82,15,87,86
1,87,30,38,30
44,78,20,19,57
71,3,54,44,33
4,32,15,18,30
47,83,75,45,30
69,58,62,38,65
61,73,31,27,65
7,37,83,52,0
68,20,5,22,39
41,33,39,37,70
5,86,53,38,21
87,43,42,62,81
55,46,21,6,76
53,64,51,55,77
28,78,50,31,86
55,46,88,14,63
8,28,82,21,85
65,68,5,6,35
27,61,34,78,24
48,63,5,44,57
84,19,74,83,8
83,47,7,25,12
86,23,74,24,40
22,9,46,18,88
81,80,56,31,64
50,58,85,74,18
85,52,82,39,82
55,5,74,1,31
1,35,82,89,55
55,67,67,72,8
73,24,19,52,3
78,26,30,52,77
16,41,3,41,33
60,26,87,88,77
45,82,22,88,17
29,46,67,51,41
50,51,35,85,77
59,36,52,8,22
67,13,27,11,33
72,4,56,21,1
51,68,26,33,7
11,30,58,62,79
45,56,8,13,68
52,50,22,22,75
30,17,39,78,9
4,0,16,7,44
59,42,1,62,8
71,27,76,56,58
12,63,3,28,35
68,49,42,44,55
86,27,4,17,40
1,0,57,40,55
28,51,3,41,74
19,17,12,14,38
84,25,53,18,50
9,71,61,65,85
28,27,6,68,3
13,27,50,29,46
78,70,41,4,74
62,15,82,51,24
8,38,11,18,47
54,29,49,75,79
27,28,71,65,45
13,67,7,33,31
33,44,46,9,0
47,50,69,18,74
37,74,47,66,72
61,42,20,34,43
8,75,43,20,61
72,46,89,35,0
51,14,77,38,41
80,41,47,73,36
85,35,69,59,22
14,13,78,83,23
69,78,31,15,21
87,79,22,31,27
82,59,59,41,59
74,36,59,32,51
32,28,4,2,54
0,6,19,49,18
24,51,20,26,63
34,17,77,63,18
23,63,63,86,30
86,84,16,0,88
49,59,19,25,61
82,10,27,54,51
29,79,9,36,33
70,49,33,36,39
57,5,82,52,70
54,18,65,1,44
13,47,80,26,59
36,70,56,6,3
29,17,15,10,58
28,17,79,63,69
63,39,79,61,18
42,88,57,45,34
76,17,0,28,40
52,54,32,78,75
65,75,19,47,47
48,10,2,80,18
33,22,38,48,12
76,7,41,58,44
69,3,23,14,50
78,88,61,86,35
84,36,41,46,34
30,87,65,34,29
39,79,71,53,37
78,4,41,39,44
84,66,44,39,46
53,16,14,20,32
22,8,64,63,23
15,76,83,19,58
72,66,83,28,85
79,12,10,55,41
10,57,26,12,49
87,69,38,19,23
58,16,46,3,86
17,67,84,23,59
40,84,62,79,8
75,25,16,11,78
6,72,14,87,59
22,64,11,46,72
31,47,58,37,18
69,46,8,65,78
28,18,57,45,34
13,12,39,34,17
84,47,3,60,78
74,58,84,35,41
20,86,59,44,37
54,55,19,61,22
24,9,13,9,11
71,81,5,19,11
84,37,17,20,5
45,85,41,43,17
64,21,10,23,46
40,4,83,67,6
34,0,56,67,57
76,67,9,44,33
23,28,80,57,56
20,47,44,27,56
67,78,26,7,67
4,20,46,3,37
13,23,20,87,25
68,40,21,39,79
88,25,76,66,48
51,45,13,39,22
6,30,61,73,84
68,64,21,39,58
33,2,44,55,53
38,56,21,32,48
18,51,58,47,41
60,61,8,8,71
51,60,71,36,58
82,7,55,54,84
58,9,78,32,41
17,11,6,27,26
19,84,4,11,47
77,75,51,13,75
85,34,57,77,88
83,51,62,11,49
21,66,24,38,45
46,53,12,66,55
67,88,35,75,3
67,13,66,53,6
28,51,2,8,6
71,76,16,89,53
48,78,34,87,85
28,22,80,12,17
34,11,57,28,33
4,10,61,58,24
10,28,82,89,37
6,56,52,44,17
20,25,85,24,73
65,85,82,46,77
79,5,81,43,73
68,23,52,51,41
20,57,76,82,64
71,21,66,32,5
15,79,69,68,55
7,24,86,53,50
19,32,28,38,14
86,15,66,71,82
89,16,4,33,59
45,43,5,11,45
67,47,7,42,46
71,22,88,49,77
63,26,60,84,81
8,63,72,32,27
6,25,31,3,3
40,81,61,13,49
45,73,75,20,54
55,64,70,50,0
59,64,46,22,27
55,52,79,89,88
58,43,59,24,65
14,51,80,79,38
78,35,67,60,61
37,38,60,53,19
50,87,23,2,22
15,32,31,63,21
18,36,50,56,49
19,19,23,42,80
89,41,49,11,12
15,88,87,32,87
40,20,25,12,27
73,87,49,86,58
70,60,19,78,39
27,5,15,76,56
11,89,80,13,38
24,24,74,14,63
83,5,43,39,80
53,18,50,53,28
26,60,13,30,42
82,57,72,11,85
55,35,69,80,87
50,37,52,23,44
52,53,84,85,14
22,63,37,28,67
15,72,0,50,51
73,66,33,64,73
6,26,63,76,10
42,56,84,3,17
25,88,6,8,23
52,69,84,29,88
57,57,74,25,20
55,58,13,88,57
15,26,56,83,72
46,22,84,71,49
14,52,5,28,21
89,6,21,47,9
10,20,89,12,58
35,39,68,53,68
13,46,3,1,71
53,50,63,60,13
57,81,25,1,69
52,32,88,79,27
53,19,65,87,21
33,9,82,64,66
77,37,66,35,53
11,4,16,51,8
11,10,37,34,39
15,26,7,29,82
66,44,82,43,78
78,42,88,46,23
58,18,68,85,67
73,31,41,62,60
76,11,23,84,19
7,20,61,18,0
49,11,1,36,52
30,9,5,14,53
37,60,65,22,85
75,16,13,60,70
10,60,62,50,52
42,70,83,85,6
61,10,38,89,33
75,57,12,4,66
19,61,65,73,59
56,23,34,47,89
11,61,48,84,36
27,86,60,30,54
22,37,50,82,19
16,12,88,18,72
65,11,31,53,29
87,48,23,54,50
68,60,19,68,47
23,38,21,66,11
32,4,74,33,22
55,30,4,2,6
69,31,64,43,17
85,64,22,59,21
49,63,17,41,86
71,52,72,15,70
73,18,73,36,0
26,31,26,85,39
33,62,13,57,87
55,56,19,77,8
28,67,82,66,51
56,72,83,21,49
67,51,40,83,84
29,77,47,29,54
74,11,81,20,32
58,28,76,6,43
85,53,4,60,76
0,24,89,46,19
89,57,18,72,64
50,66,72,28,2
21,58,50,3,43
39,17,7,10,44
50,88,46,78,0
55,17,44,10,88
41,51,11,10,1
35,77,61,40,41
55,61,47,81,85
48,84,66,0,87
3,34,51,59,72
73,6,32,6,76
60,63,22,79,52
54,15,29,76,8
8,47,21,72,81
61,37,11,87,20
49,80,32,78,74
87,51,27,9,21
37,46,84,64,84
19,71,32,9,5
15,40,20,67,9
46,82,21,88,88
11,64,79,3,4
55,19,75,39,42
1,1,78,78,12
9,78,19,87,82
8,1,46,12,57
79,11,3,9,58
18,66,27,76,74
24,0,16,65,89
80,55,33,2,88
50,38,46,81,77
18,30,75,57,68
2,89,22,69,32
70,47,89,89,87
52,4,45,12,50
17,19,0,11,75
33,9,25,77,76
58,59,61,55,22
11,20,69,56,13
66,63,62,68,5
77,36,78,70,61
25,44,60,17,80
30,8,73,75,88
42,51,77,41,45
73,39,69,10,68
72,73,36,24,19
13,70,24,65,19
2,88,49,20,22
22,73,80,40,71
31,57,45,63,66
18,13,28,15,70
35,13,17,6,59
69,69,83,40,23
61,27,37,68,10
59,76,82,17,4
18,17,60,47,19
46,32,8,63,34
16,35,71,64,34
84,32,66,7,33
8,88,16,1,61
12,47,89,62,85
35,36,49,7,49
68,82,8,37,39
67,43,51,59,53
48,73,52,28,49
14,24,78,74,4
76,87,88,2,61
69,44,34,44,37
42,24,70,60,72
43,47,56,50,26
55,5,49,26,16
58,55,34,38,26
1,68,44,5,3
32,58,81,0,14
15,34,7,54,58
31,80,21,71,6
13,45,20,43,20
14,2,79,36,44
47,51,54,84,88
48,83,77,0,36
84,52,34,89,5
8,50,35,83,1
51,22,56,53,7
47,28,69,69,56
67,11,16,50,69
70,35,12,10,19
53,0,54,18,50
88,33,86,85,48
41,32,58,80,89
31,17,13,89,50
24,3,85,19,53
44,16,43,39,18
57,87,16,86,64
84,31,16,69,58
16,20,3,56,13
79,88,57,74,84
13,71,26,18,86
79,49,78,81,63
39,41,86,58,65
84,44,39,11,14
8,85,74,68,28
67,30,1,10,26
52,40,69,10,20
1,49,51,48,79
12,27,79,62,39
1,83,73,39,82
49,71,48,36,4
75,15,22,76,46
31,67,84,83,30
20,54,32,55,14
14,63,25,85,41
83,61,78,63,85
31,31,49,16,76
38,87,19,50,65
74,89,68,8,59
47,62,10,50,81
51,88,5,49,28
79,59,59,13,37
75,30,63,89,0
37,45,32,50,81
82,47,68,57,71
64,25,27,49,44
12,26,64,41,24
45,27,54,58,25
76,61,44,69,3
3,70,5,6,57
50,62,60,67,53
86,40,80,58,32
47,50,44,40,2
58,24,31,66,80
22,9,9,28,69
19,3,11,30,40
73,63,14,65,42
78,54,17,88,73
16,34,33,37,6
58,3,6,50,86
82,62,69,77,30
89,10,25,25,61
20,47,81,29,76
29,23,14,83,3
73,10,55,17,26
69,1,42,42,79
56,22,30,2,37
69,6,67,32,43
4,1,88,70,78
0,65,81,39,86
86,68,45,4,26
45,79,74,21,61
33,83,62,15,38
16,48,55,61,11
3,69,63,32,7
39,20,87,8,71
66,30,57,66,84
25,49,60,84,66
73,3,56,31,78
45,71,81,47,60
75,60,42,74,59
63,28,44,10,0
83,34,34,77,2
19,69,35,71,18
15,55,76,89,5
45,35,62,33,11
37,46,18,20,1
69,75,36,14,40
21,6,67,85,49
32,26,74,55,8
81,47,58,50,1
10,24,37,85,75
67,14,8,11,56
51,33,52,22,46
53,45,44,58,10
59,4,68,16,88
28,50,74,14,60
60,64,39,69,58
85,6,48,30,63
72,42,58,67,76
19,32,60,61,0
81,18,20,22,49
9,81,76,7,15
43,32,84,1,44
45,71,78,69,79
57,51,51,41,76
77,37,27,39,6
65,56,10,27,77
37,51,5,88,26
1,65,42,8,76
48,78,28,35,53
58,62,10,52,0
74,82,7,46,60
78,2,0,0,67
4,73,58,16,39
53,88,56,55,66
71,44,83,35,56
41,30,86,74,33
4,74,71,28,57
15,38,76,29,86
32,64,59,46,53
13,76,12,77,69
40,17,32,17,85
35,73,24,42,85
87,35,54,8,34
66,58,3,55,44
51,17,48,63,57
41,18,76,82,57
63,7,25,79,14
54,12,30,42,89
20,5,66,58,16
55,74,88,49,33
50,57,39,4,27
53,76,43,9,52
18,42,49,62,16
3,72,60,22,75
44,89,11,48,5
64,36,83,67,35
45,3,51,48,33
89,66,81,43,26
84,9,89,78,22
49,12,71,57,24
1,40,38,36,79
71,23,40,37,88
30,25,82,34,57
64,75,76,80,53
59,56,12,41,81
21,22,42,75,79
8,70,87,15,51
53,29,67,5,62
34,5,29,29,80
64,6,60,27,65
4,19,79,5,81
46,53,54,64,79
41,50,0,30,4
71,76,47,2,52
65,26,56,9,25
39,48,39,58,76
66,51,79,73,78
78,31,41,3,15
43,39,76,42,78
66,53,37,11,9
49,83,66,12,70
50,60,4,13,36
39,20,86,16,19
38,28,26,75,71
4,28,81,80,33
82,32,64,54,11
77,59,38,50,39
48,0,7,0,4
77,49,30,84,60
48,87,29,67,50
73,22,19,13,29
16,55,32,46,6
61,11,42,25,44
84,80,47,89,5
37,76,67,27,80
48,32,48,47,55
26,35,88,28,41
76,11,11,50,77
34,22,34,82,25
82,4,54,6,69
32,27,11,51,71
55,61,42,24,42
25,86,65,84,30
63,6,28,13,16
86,31,55,63,49
7,78,4,53,59
61,71,79,45,46
31,73,86,21,55
50,41,61,12,24
6,42,34,29,22
55,58,17,50,0
49,66,15,58,68
8,14,83,73,23
38,36,46,34,86
36,84,35,69,37
76,36,56,39,64
79,11,23,63,57
60,46,41,62,66
89,27,67,73,31
82,51,44,2,53
53,25,36,15,56
50,38,24,66,20
13,27,38,16,61
25,25,54,68,27
2,43,51,48,79
43,2,77,12,32
32,40,19,16,40
1,50,5,19,18
85,12,5,45,13
76,77,48,47,53
38,19,55,53,68
50,37,66,42,1
0,20,13,38,42
1,6,60,78,3
42,23,82,30,3
15,88,47,22,28
63,11,37,86,49
15,54,13,67,19
20,5,54,29,38
25,52,10,44,66
85,56,36,74,57
32,29,34,57,60
79,32,64,78,50
9,52,69,54,27
43,21,83,41,53
78,41,64,88,51
52,83,35,54,27
71,2,65,14,59
77,56,47,54,52
17,43,3,88,21
47,70,74,89,64
1,67,3,88,71
70,69,57,46,49
82,14,76,27,12
56,54,41,22,72
65,0,81,72,20
63,19,60,17,28
19,57,65,83,33
79,45,57,29,72
57,88,75,2,57
67,57,51,54,27
11,65,59,3,7
5,79,12,28,86
0,19,25,15,40
62,45,25,22,14
53,84,77,21,83
25,9,34,51,29
47,41,55,33,33
53,62,54,15,62
17,24,4,41,7
21,37,75,32,40
56,14,46,82,64
84,57,38,62,71
14,21,4,39,65
41,27,53,51,69
73,78,25,5,27
21,25,41,29,73
46,47,75,30,70
12,41,22,67,38
8,62,62,87,56
88,13,49,47,85
17,86,70,50,61
52,48,49,4,89
78,12,6,0,38
43,41,46,82,85
59,28,34,83,37
83,7,6,80,12
1,78,64,51,89
85,88,11,83,36
67,27,30,76,42
42,88,47,62,78
3,68,50,37,41
28,15,47,46,68
16,49,24,19,83
88,65,65,61,79
75,16,81,78,66
69,63,40,56,66
47,52,31,46,58
12,47,29,23,63
20,54,54,23,0
76,4,79,72,66
18,42,85,14,65
68,79,16,33,26
61,37,66,55,89
74,66,61,70,84
42,72,29,6,25
58,16,4,48,50
28,62,16,69,82
86,57,61,57,1
78,24,39,26,44
16,70,12,73,89
42,86,74,74,43
86,6,24,67,50
67,11,81,35,86
4,50,51,52,17
59,57,48,34,42
44,4,38,54,38
62,62,58,69,49
13,20,25,35,25
7,19,53,53,18
53,60,76,36,27
73,72,17,3,45
60,8,76,9,43
83,24,12,68,16
76,31,34,60,86
29,78,33,53,69
81,18,22,51,48
55,70,74,1,41
60,30,18,25,21
8,63,31,10,82
17,18,22,0,5
68,67,30,35,48
51,80,67,23,87
56,67,48,25,69
63,72,49,67,39
74,79,70,49,44
57,88,0,3,70
8,9,13,60,67
80,37,46,51,64
68,15,14,21,51
38,49,67,70,23
8,80,1,70,17
89,43,16,7,78
75,46,46,24,73
5,80,12,78,27
1,64,45,5,84
85,52,66,89,19
88,78,89,26,87
27,65,40,13,13
24,28,41,60,12
29,43,67,1,50
30,22,70,17,74
52,24,41,56,0
84,65,23,23,42
12,74,29,16,16
59,83,61,70,25
70,59,69,76,46
49,60,5,9,78
43,66,27,9,38
27,19,16,67,75
16,85,2,21,79
25,37,67,26,31
60,41,0,30,58
81,56,45,83,81
72,28,46,35,88
46,56,6,6,50
35,73,26,64,75
14,9,75,6,31
14,42,17,51,4
75,36,31,72,72
87,12,55,19,49
69,78,18,80,68
10,11,7,39,41
75,75,29,55,79
60,79,52,10,29
9,68,28,83,18
18,47,58,28,88
6,74,26,82,5
58,60,9,80,79
47,80,76,5,41
12,79,77,9,29
19,26,60,82,20
4,60,73,50,48
51,4,53,56,31
72,84,38,50,18
36,1,62,14,89
22,83,85,32,78
84,54,75,82,50
35,89,43,18,9
74,23,40,57,77
59,20,0,53,52
0,59,16,77,14
30,82,62,25,68
40,1,80,52,84
55,60,23,72,75
89,28,42,71,27
44,53,79,60,75
8,54,86,56,38
88,60,49,86,48
11,33,32,59,26
55,41,61,3,77
4,8,3,36,53
78,18,81,33,19
39,51,26,49,17
64,36,57,40,30
88,72,12,47,69
61,87,6,39,65
0,75,49,82,57
45,65,76,78,9
66,84,87,0,29
2,77,35,62,32
86,33,7,0,46
50,76,2,36,19
18,24,16,66,8
15,11,26,52,35
64,64,57,19,9
41,17,6,1,65
43,10,44,88,73
77,63,35,31,50
82,81,71,83,83
83,42,26,56,52
51,85,79,63,69
33,9,64,66,76
17,71,24,83,31
82,63,82,10,75
43,81,48,9,19
68,53,58,86,5
26,29,27,53,1
42,45,27,16,45
11,81,12,13,10
33,52,38,88,7
21,84,56,61,2
50,7,77,56,71
42,74,0,48,78
3,78,39,18,42
73,85,85,48,67
2,49,6,24,88
23,58,44,25,1
15,16,5,68,44
11,16,53,41,84
85,18,63,78,15
29,45,79,53,50
74,12,30,10,49
73,89,1,72,63
27,52,39,23,49
11,39,31,32,56
33,58,18,33,65
29,53,71,49,41
78,20,68,51,22
15,49,68,55,56
83,88,25,62,70
28,45,38,67,57
0,1,83,51,59
81,35,72,31,72
25,68,87,70,75
65,63,17,53,79
45,62,40,20,76
85,2,51,25,2
21,37,65,58,18
62,45,27,34,85
55,64,36,18,63
7,83,77,76,20
38,14,72,36,28
22,84,13,35,50
0,28,86,7,79
75,65,10,36,33
64,63,30,40,52
69,43,12,25,72
22,68,75,41,22
47,84,46,51,23
64,67,62,29,40
38,81,1,26,16
3,0,52,14,70
35,35,75,77,72
32,85,33,37,16
9,14,8,55,78
73,41,59,81,6
37,89,6,82,59
20,45,89,32,27
66,80,27,2,43
45,48,32,34,24
82,68,78,72,45
0,57,44,17,76
73,67,47,42,79
42,60,13,72,51
46,27,58,70,89
58,88,13,48,5
14,70,15,14,64
85,61,22,50,59
12,9,43,1,5
85,74,75,3,51
23,53,7,26,22
36,83,51,55,43
70,78,24,78,72
63,35,67,61,6
70,8,60,40,55
51,8,83,51,83
40,44,49,31,83
69,60,14,75,8
51,40,17,40,77
38,6,87,29,63
55,36,26,0,13
38,29,62,88,20
69,27,29,34,1
43,50,60,77,49
82,50,72,30,81
16,4,58,45,12
12,70,37,16,42
77,13,52,1,88
66,42,56,22,85
32,63,28,41,27
2,7,4,50,36
4,86,30,23,43
3,40,29,4,71
50,33,72,58,71
38,23,21,34,66
75,86,15,32,67
65,25,25,51,33
43,57,69,1,73
60,13,0,25,40
9,41,82,64,86
81,22,27,88,4
65,17,66,0,30
6,18,24,42,66
62,75,63,5,87
14,10,19,72,47
74,62,23,75,14
87,25,87,80,87
61,9,43,30,84
77,76,19,26,17
45,56,28,76,65
74,49,23,60,3
7,65,51,11,9
62,73,83,38,38
81,79,68,45,12
73,35,32,47,70
81,12,65,73,72
88,36,74,31,51
55,65,7,57,36
6,64,38,85,47
4,58,27,21,69
71,88,28,51,42
54,74,65,12,40
70,19,44,28,34
9,54,54,38,64
9,12,4,81,75
34,60,53,20,12
15,57,46,82,55
4,60,20,17,27
53,84,34,51,40
59,52,23,60,62
17,42,71,68,20
32,88,21,9,40
5,75,21,5,48
5,14,14,76,54
42,62,7,30,55
78,24,45,23,25
7,30,48,23,42
13,52,84,77,65
21,42,45,53,17
74,20,42,19,39
29,59,38,76,7
14,68,36,10,44
24,71,53,15,84
71,42,82,42,29
39,17,75,74,51
82,62,63,46,9
28,63,87,46,28
15,51,21,11,21
50,25,9,73,31
42,6,73,37,74
35,6,10,2,20
32,81,78,10,75
43,20,39,41,22
25,41,20,63,83
8,26,45,25,51
40,68,15,42,57
1,0,46,24,10
26,7,79,64,56
68,2,41,88,79
7,38,44,80,13
61,50,63,1,60
51,17,72,12,61
17,59,87,6,22
66,1,52,17,0
13,47,20,83,54
11,89,41,5,41
73,34,33,30,56
85,52,41,85,63
26,83,68,12,79
28,56,27,9,35
31,38,74,69,23
52,71,63,16,86
13,29,64,44,41
48,84,79,79,7
58,89,27,37,15
79,35,4,26,26
3,4,7,20,51
8,14,42,44,70
63,27,70,52,20
83,5,63,20,74
67,41,40,23,78
52,3,3,7,75
37,30,84,75,26
28,67,35,81,3
50,14,57,45,55
39,72,2,64,7
37,17,50,44,5
9,18,62,55,8
76,76,65,55,24
56,7,15,15,80
18,89,16,45,64
71,11,74,18,86
23,11,4,39,63
30,84,64,13,85
71,36,31,10,82
13,37,86,81,27
77,10,17,69,19
35,10,43,8,0
88,28,73,85,1
80,32,15,89,59
85,31,64,39,36
66,12,30,10,70
23,63,83,39,31
35,80,31,19,69
9,16,15,1,5
10,40,70,24,81
19,50,60,71,42
66,85,72,21,23
69,88,14,59,33
69,26,19,27,74
67,58,8,63,49
88,87,70,79,78
26,10,38,27,45
6,33,72,51,9
35,19,20,75,62
61,62,77,29,19
30,61,41,85,67
4,10,11,39,89
50,47,15,15,77
73,57,47,54,66
17,64,3,40,56
8,14,55,55,56
4,50,67,86,75
38,19,58,89,49
86,66,51,38,35
32,30,38,9,0
50,17,57,83,41
7,23,83,87,51
11,64,17,11,76
27,59,40,4,38
68,47,62,25,2
2,37,62,64,28
27,78,0,79,70
26,26,66,43,57
68,74,23,67,83
32,42,53,29,66
36,61,41,54,83
21,75,88,18,25
48,62,89,34,49
17,80,76,18,21
2,52,28,77,55
20,31,49,64,38
53,1,71,51,75
71,70,78,73,71
15,64,72,59,71
35,49,12,8,82
36,12,35,41,71
1,18,28,36,8
83,21,56,0,51
87,44,72,88,27
32,70,56,46,82
26,70,43,11,74
16,82,36,43,64
77,77,69,48,79
46,83,30,3,32
88,45,9,69,8
14,12,33,28,70
30,54,85,38,48
31,61,5,7,48
33,37,18,43,36
11,45,58,41,39
49,56,14,89,21
43,50,76,3,87
19,14,57,29,61
30,37,5,34,47
10,72,49,40,47
31,5,61,74,51
36,86,34,31,29
17,51,46,86,81
51,1,50,7,71
87,65,53,16,22
7,39,71,15,36
9,88,20,46,62
59,3,58,33,61
37,34,45,2,31
19,15,81,76,89
65,72,72,72,78
2,10,4,75,34
11,85,73,22,56
65,67,52,58,12
66,13,9,54,26
59,11,24,85,85
86,3,51,68,8
61,50,33,58,86
64,17,9,51,12
13,63,59,8,40
8,85,70,60,45
46,85,36,2,39
51,27,39,7,64
3,63,69,49,45
59,6,89,61,61
41,76,79,13,2
19,27,25,67,63
20,26,66,46,36
88,6,76,51,11
19,64,83,61,57
71,11,54,28,83
47,63,41,39,51
74,9,85,75,0
63,29,19,45,54
89,78,3,54,22
9,68,48,81,14
40,86,85,57,31
8,82,15,77,63
36,21,46,16,5
56,15,34,5,53
84,32,47,11,53
80,28,38,24,74
21,11,77,89,1
8,75,65,31,84
79,88,60,12,44
86,38,42,56,88
52,63,44,59,68
44,39,10,3,73
0,8,21,88,60
27,79,72,52,6
0,7,12,11,40
22,55,10,60,4
44,89,70,22,25
77,0,80,67,5
59,2,24,64,72
3,1,29,45,52
58,17,28,63,2
9,60,84,1,82
11,19,11,40,71
22,27,0,84,3
65,44,74,33,6
8,56,24,16,84
72,42,57,75,24
59,40,21,56,4
22,24,65,9,15
22,13,15,83,46
43,6,16,68,5
84,27,36,25,86
81,68,65,9,34
61,46,13,51,46
21,54,32,44,76
37,54,60,36,32
1,21,68,60,8
35,47,37,35,30
2,68,57,13,84
84,76,23,7,63
29,33,18,52,8
83,36,76,52,77
43,74,42,5,4
37,70,29,66,36
42,79,22,4,80
24,32,80,27,76
63,9,7,55,79
82,72,56,69,73
49,30,16,17,10
62,41,43,48,16
73,37,12,17,1
76,56,77,18,59
14,4,62,29,26
79,67,9,7,62
52,22,7,33,1
73,76,77,51,13
73,41,33,65,66
9,11,80,19,2
38,71,15,44,40
51,24,20,31,2
88,31,22,89,20
77,54,13,70,9
76,62,36,37,33
7,17,61,82,22
2,72,9,14,5
79,42,26,56,48
82,34,51,5,4
44,38,17,51,67
34,32,44,26,84
55,75,35,9,14
53,0,33,68,65
25,43,46,63,68
17,10,70,83,9
89,31,2,50,58
72,4,68,46,37
40,83,45,83,15
27,88,61,39,45
38,16,57,24,77
88,4,3,74,76
55,66,14,45,87
37,36,61,46,74
23,84,28,38,21
62,40,15,49,43
17,15,60,13,77
59,69,47,32,22
18,64,24,35,18
84,10,3,20,53
51,65,70,58,80
74,41,10,84,77
8,77,31,76,41
80,88,57,60,4
22,89,2,4,5
33,49,10,41,30
41,83,19,32,79
32,40,82,46,88
55,10,18,77,77
80,70,67,39,67
79,85,33,85,87
81,23,5,33,31
31,10,9,78,17
56,88,71,85,22
54,11,74,15,72
9,12,49,11,3
40,72,63,57,26
71,32,65,77,7
43,54,7,12,59
5,43,84,49,57
12,33,51,24,33
71,27,77,72,68
39,61,71,48,39
9,21,49,29,23
21,44,52,2,5
32,64,56,77,8
48,70,46,78,15
6,49,21,10,79
10,83,47,59,8
82,3,37,38,75
27,68,7,17,36
33,16,22,66,26
8,55,5,27,52
64,77,74,55,84
47,76,4,81,5
66,33,87,23,63
48,38,58,79,88
60,58,88,66,43
25,17,15,85,57
63,61,14,1,11
40,70,10,81,24
13,66,89,82,19
53,49,79,22,45
52,36,87,23,69
82,42,66,21,23
56,73,23,3,68
16,58,51,26,11
76,46,64,15,67
25,76,13,44,86
34,50,54,1,23
69,22,81,58,69
86,80,49,63,10
48,69,5,30,9
73,51,6,2,4
39,15,82,45,70
56,27,59,41,13
36,40,55,1,12
24,33,89,38,9
19,69,9,15,21
82,36,13,71,38
62,23,61,56,55
84,47,45,71,27
73,38,4,18,89
26,42,46,47,59
56,21,84,54,37
75,12,54,27,66
83,2,21,39,48
40,12,54,59,23
84,5,11,17,62
63,24,39,89,82
2,69,40,48,10
28,76,31,3,35
48,31,68,75,14
68,84,34,84,53
23,53,20,85,48
56,1,46,71,38
62,9,17,47,56
63,29,29,66,31
58,15,19,74,84
80,11,33,50,37
51,76,64,56,42
38,30,47,75,83
79,25,69,44,26
19,14,44,2,36
48,25,61,29,56
14,42,57,85,70
88,6,10,29,84
43,56,39,14,9
19,53,41,28,64
69,40,40,77,66
5,18,1,69,19
5,11,30,61,62
3,25,80,80,0
28,71,74,53,14
17,5,61,38,60
78,70,67,77,57
57,10,42,21,65
27,12,40,30,52
73,40,14,24,81
76,85,70,50,46
85,65,25,4,45
6,67,22,15,88
45,58,84,22,14
41,6,70,81,81
27,53,80,19,6
31,36,1,54,78
18,49,27,63,14
61,82,44,40,31
41,64,86,29,52
69,37,13,58,85
87,58,67,66,7
70,46,10,46,38
11,69,2,27,15
34,64,23,35,15
57,84,87,85,86
12,71,43,76,11
3,41,47,6,72
74,12,26,71,39
86,26,48,50,75
43,2,71,4,39
60,21,3,31,16
75,62,46,54,45
4,26,60,38,54
56,81,63,66,4
49,10,49,67,54
75,82,24,67,61
57,88,67,61,17
66,53,45,41,37
8,17,23,55,77
22,80,10,43,21
29,35,36,79,10
5,79,84,88,33
32,20,66,35,73
50,83,29,78,26
11,28,42,72,47
80,7,0,23,57
14,57,84,76,53
80,8,84,67,42
77,87,80,15,41
70,47,38,11,57
84,28,25,4,51
85,81,55,69,23
67,72,45,74,74
70,50,38,67,52
49,53,3,43,51
30,5,39,22,34
51,35,37,5,62
26,31,4,86,40
5,71,10,20,1
78,51,82,85,26
22,79,28,37,12
60,87,52,46,6
72,53,21,64,64
25,31,79,5,65
23,27,23,41,37
10,69,42,45,44
13,78,21,51,9
24,32,70,17,48
66,62,40,63,80
24,30,58,29,22
8,60,23,21,24
7,7,77,8,81
20,43,13,54,80
36,44,25,4,77
45,4,78,73,21
60,10,71,71,45
44,73,64,81,52
85,18,49,40,4
66,22,36,87,55
20,19,26,50,68
69,43,53,18,0
35,12,30,61,12
3,83,73,39,57
6,54,47,10,28
47,68,34,38,23
26,21,13,84,77
33,11,42,26,89
3,67,0,53,74
29,1,55,18,52
14,37,59,77,61
38,82,40,49,89
58,69,2,53,2
65,57,14,6,29
39,37,69,24,6
84,38,37,7,37
65,5,30,63,75
45,13,48,53,88
7,55,13,54,73
54,88,4,76,2
3,46,42,22,78
38,64,8,22,82
56,68,81,48,59
16,27,41,57,45
60,4,24,74,56
46,87,14,89,41
67,79,33,37,83
70,21,70,9,4
33,70,4,2,80
21,4,84,69,89
16,29,63,50,33
56,7,53,51,50
32,64,74,15,25
50,89,12,12,50
8,42,89,89,48
86,21,27,34,85
74,74,12,50,49
13,30,23,50,16
24,55,54,8,6
26,53,52,70,40
7,37,48,59,4
41,39,48,58,29
16,3,16,77,38
29,68,16,51,79
44,30,87,87,68
76,61,60,36,63
67,38,87,22,9
68,49,24,37,8
58,57,85,63,8
3,24,62,79,60
53,18,39,72,83
57,18,34,32,16
54,55,59,21,0
67,54,73,8,52
56,22,77,24,52
63,43,52,68,13
4,50,28,62,36
33,8,75,64,35
42,61,12,48,30
80,78,80,52,44
14,31,36,42,29
68,71,39,71,21
69,66,7,69,22
82,86,73,19,1
25,59,76,37,31
19,58,32,3,55
83,53,39,69,88
80,7,32,81,34
76,47,31,60,89
65,65,50,39,83
86,81,74,45,45
84,5,14,15,34
35,80,4,63,44
79,4,61,3,55
56,75,59,58,65
11,73,38,41,20
46,45,85,23,61
37,27,21,75,26
53,41,58,54,70
22,75,49,8,60
0,82,51,24,5
69,56,51,4,44
85,17,22,44,24
7,44,89,58,19
72,34,42,77,37
8,30,84,12,80
29,22,30,88,76
86,37,27,83,43
67,66,75,89,67
78,5,40,8,16
28,28,43,64,48
41,37,16,19,52
89,21,68,56,88
30,88,76,51,16
71,23,58,3,18
87,80,13,41,83
60,72,64,19,35
38,49,30,73,80
65,22,1,77,86
29,26,71,10,71
37,16,32,55,82
7,6,65,8,51
35,88,21,69,22
62,64,31,21,16
59,17,89,30,83
53,58,46,16,0
15,20,38,48,36
35,60,44,48,31
15,7,67,27,21
43,32,0,78,52
70,39,2,54,10
51,23,8,5,62
59,9,49,71,82
67,9,41,4,15
28,11,68,35,80
46,44,63,70,33
83,46,9,48,34
50,23,5,44,17
50,65,1,33,41
59,67,87,22,4
47,23,51,75,13
67,45,17,37,71
86,64,23,42,61
73,5,86,85,85
62,26,49,23,88
5,33,54,50,11
29,57,25,59,57
51,14,82,24,1
55,14,77,43,17
42,47,16,62,54
8,81,30,13,83
48,51,35,60,21
44,34,54,66,23
35,26,70,23,2
82,28,16,3,27
72,51,69,72,0
12,38,26,80,9
77,6,87,44,25
82,47,52,80,36
63,43,53,40,15
2,7,28,48,6
14,66,14,69,83
70,11,1,0,5
22,70,0,74,18
16,5,74,57,67
3,26,26,35,39
48,86,22,73,0
2,45,6,71,38
53,9,28,44,41
27,45,53,52,68
32,77,82,55,77
75,57,51,34,15
21,43,71,3,69
63,71,49,78,72
60,47,58,81,1
26,57,85,34,23
33,20,76,17,4
86,45,76,64,34
49,55,21,46,35
78,33,33,80,2
38,18,78,56,76
68,9,24,71,24
4,72,34,50,37
45,65,49,21,21
48,34,66,30,25
79,11,33,56,19
46,87,78,12,88
50,50,11,88,87
27,47,53,33,55
35,40,34,77,35
81,85,49,50,20
2,16,17,56,15
80,12,57,42,61
41,78,5,22,21
44,61,76,31,8
53,19,84,41,26
28,45,73,32,10
84,84,89,63,30
16,82,80,85,51
77,80,81,7,51
68,19,56,18,0
21,6,50,40,79
27,51,38,59,26
12,73,48,7,21
21,54,18,43,51
19,66,63,58,70
56,37,19,1,29
55,24,49,6,68
8,11,34,21,33
2,38,29,4,67
39,41,17,41,89
11,9,31,85,2
26,60,72,8,0
60,0,5,11,49
33,68,74,18,52
39,72,39,25,65
9,18,45,82,46
57,32,69,63,21
34,65,34,71,28
35,26,16,18,73
3,11,70,8,76
87,66,43,87,30
68,42,3,47,19
47,60,48,13,29
48,27,74,13,58
41,62,61,85,80
3,78,63,37,42
39,8,56,25,2
29,18,35,68,88
20,26,16,7,23
57,75,35,60,63
36,54,25,77,70
69,19,73,49,6
21,47,35,86,80
39,78,51,78,1
72,33,79,1,56
23,60,42,43,65
33,63,43,33,76
38,46,50,27,52
58,48,0,51,2
9,88,42,78,61
11,85,65,28,29
69,35,58,29,64
0,78,10,30,29
25,57,42,23,36
81,42,67,33,47
62,67,11,76,67
62,6,20,65,61
14,59,42,47,36
79,18,22,40,42
11,81,27,27,45
2,47,1,83,76
48,82,89,46,13
39,64,64,40,7
37,30,77,81,77
78,8,67,82,36
45,19,31,27,44
54,74,8,60,23
60,82,89,74,50
21,6,71,15,89
33,56,46,18,57
20,63,34,37,14
21,76,1,13,3
34,18,32,34,53
0,55,45,5,69
5,55,51,41,5
4,66,39,28,28
50,54,56,64,27
87,84,80,48,17
40,57,67,71,6
60,43,19,39,19
3,80,46,87,28
57,55,14,33,29
1,57,87,35,84
86,8,32,20,74
73,24,13,42,14
15,49,14,29,56
14,31,7,61,68
21,64,84,50,15
7,52,4,54,30
12,49,55,57,12
4,11,25,12,54
60,10,47,9,88
63,14,56,74,9
44,73,35,68,10
77,15,88,75,35
77,31,71,88,13
44,11,45,48,36
24,11,82,32,50
9,73,26,61,62
63,63,6,56,35
41,49,19,50,72
48,80,60,9,62
49,28,78,5,55
38,12,28,0,70
9,39,19,72,23
31,58,55,8,33
64,7,59,73,59
62,5,22,14,8
59,4,0,65,13
83,75,6,51,64
30,65,51,38,48
23,80,40,89,39
60,55,12,70,83
17,55,42,49,15
73,88,83,79,21
39,18,21,29,17
33,85,54,67,31
3,45,22,80,68
83,26,74,47,37
45,51,25,19,31
82,7,8,75,61
46,44,80,83,81
28,55,38,67,32
69,10,28,9,57
22,45,48,17,17
19,84,67,63,12
16,88,29,3,75
79,30,53,73,9
24,46,2,54,84
78,67,3,61,40
83,39,73,58,42
87,48,29,75,80
72,70,68,53,66
30,84,10,56,41
15,21,48,26,41
28,40,63,0,26
15,9,79,52,89
80,43,32,75,4
35,76,23,42,84
70,87,68,76,48
21,83,80,74,57
64,41,29,15,10
71,77,1,10,49
11,61,29,24,59
81,88,47,77,49
1,78,62,54,22
4,72,74,57,29
60,59,13,10,80
53,86,75,89,48
80,4,9,73,57
40,38,28,68,25
8,12,55,77,4
42,29,85,47,14
70,22,64,71,79
86,22,20,80,52
24,89,58,65,88
43,33,1,81,16
30,54,53,61,27
2,33,56,74,33
74,63,73,22,78
20,59,79,29,70
47,2,86,71,81
79,3,49,55,17
5,3,63,41,55
3,65,78,60,5
50,85,39,36,58
30,11,83,67,24
48,61,81,72,2
30,7,29,39,89
73,53,62,77,18
58,29,71,38,5
70,70,89,49,35
33,27,78,8,30
4,63,76,62,38
71,47,3,9,32
41,52,86,21,46
65,57,42,8,53
41,65,84,84,1
38,80,75,85,76
74,69,23,36,18
63,63,50,36,84
33,0,79,78,30
35,25,33,11,42
36,65,32,50,76
69,87,75,31,33
46,50,11,59,31
61,21,71,57,58
73,28,21,37,23
22,60,8,75,33
88,36,87,71,57
70,43,89,34,11
32,16,61,57,76
6,9,58,88,44
52,11,44,70,68
63,45,15,57,25
34,80,19,65,40
3,30,23,47,52
45,26,17,70,31
27,55,38,28,15
77,67,80,50,41
79,18,55,59,59
45,85,23,53,62
43,57,74,86,75
78,4,3,0,74
41,41,8,58,4
48,89,50,42,29
76,81,37,28,78
51,10,65,9,22
0,29,17,55,7
75,46,39,0,14
69,75,79,30,16
63,56,47,58,79
12,46,2,17,51
36,6,8,73,47
25,67,25,46,0
31,34,2,24,36
77,55,55,86,32
85,38,69,34,62
37,31,29,77,29
81,0,67,64,89
55,43,8,82,38
30,64,5,9,29
83,42,27,17,49
86,89,4,16,7
51,24,9,11,15
18,2,10,9,87
10,54,22,71,52
76,49,40,62,81
36,28,51,58,76
0,58,88,20,27
74,27,0,33,74
49,61,30,18,29
40,28,87,64,18
63,2,13,37,48
78,38,28,73,20
71,30,89,70,85
28,26,30,29,80
32,0,11,40,23
11,63,16,78,38
68,42,15,32,33
69,47,27,75,5
39,42,68,42,50
86,23,27,80,87
86,78,64,28,31
75,61,18,46,71
74,27,72,21,32
37,71,2,31,69
47,82,86,0,47
40,53,76,33,37
70,52,76,55,0
82,58,17,21,61
29,77,46,54,64
18,57,39,78,50
73,6,43,34,59
20,72,70,31,56
9,21,82,1,41
37,85,3,73,21
7,86,53,52,12
85,42,52,75,10
33,48,87,51,17
22,56,56,78,69
57,89,70,73,69
54,84,49,48,48
74,81,62,27,18
18,74,35,14,15
36,22,78,9,11
63,47,71,23,8
24,76,38,81,40
5,66,38,27,2
74,76,4,80,49
62,6,37,69,63
5,40,47,60,84
4,85,20,11,63
39,84,83,23,89
18,14,19,26,58
84,29,29,17,33
56,14,12,8,24
34,70,85,69,50
50,49,51,58,78
77,1,49,57,84
65,22,14,79,48
62,82,31,5,88
71,82,22,50,43
67,32,63,12,19
87,23,17,1,5
59,48,46,23,14
42,26,28,53,37
35,73,49,84,78
3,27,56,44,47
69,8,7,43,2
33,53,39,64,80
51,9,6,70,62
60,4,82,12,57
50,21,20,10,52
48,83,59,11,36
83,59,16,18,32
30,88,14,2,36
12,87,19,53,48
61,14,52,65,26
79,13,81,43,71
44,32,9,35,24
89,84,61,61,61
35,5,6,54,35
38,21,66,80,63
56,19,79,68,26
67,56,88,19,56
63,72,12,64,36
40,39,56,22,51
34,59,54,60,19
15,87,40,5,0
87,61,78,45,8
21,7,8,27,19
47,46,61,55,69
22,57,53,48,1
83,84,62,32,82
74,23,0,86,20
1,61,42,62,34
66,12,32,2,50
9,36,47,68,53
88,22,68,30,69
18,61,84,24,69
28,59,72,63,1
29,61,49,73,48
41,72,49,60,37
15,38,31,50,86
89,33,47,70,7
52,14,34,11,68
15,25,47,39,4
80,76,48,51,46
84,62,6,12,40
1,53,5,50,89
43,44,82,79,15
86,1,69,82,50
76,78,26,12,30
23,19,43,66,69
10,13,36,6,5
16,87,8,32,60
65,47,40,18,64
78,26,43,63,21
23,27,18,6,28
46,36,68,7,50
10,72,20,66,2
76,23,27,7,22
35,49,79,12,38
5,30,76,1,37
8,3,55,2,16
55,33,24,83,76
23,46,72,72,42
75,4,27,3,87
50,83,85,67,0
41,72,67,89,76
59,56,20,14,4
26,84,16,18,29
63,23,54,76,8
27,87,65,86,55
8,7,44,67,34
75,6,18,76,29
87,39,67,41,56
54,15,16,82,28
87,68,6,4,81
35,70,52,31,69
6,82,49,41,47
80,41,46,0,8
55,85,61,33,53
81,68,54,88,71
5,4,79,79,68
85,63,78,4,59
38,56,24,73,72
14,56,38,40,16
80,73,86,1,73
65,24,16,37,30
65,74,42,48,66
88,17,70,38,24
74,2,62,60,72
75,10,74,48,67
40,22,58,87,88
17,29,10,12,55
17,59,70,84,21
28,51,77,30,73
77,89,6,59,62
11,80,20,61,58
39,50,15,54,25
73,45,64,38,87
87,15,42,39,73
48,59,58,55,5
62,50,37,45,58
47,41,47,20,76
56,44,88,42,27
8,73,58,64,64
78,36,38,12,61
52,37,60,30,32
29,88,87,31,45
68,17,7,72,64
71,81,4,59,34
32,62,43,53,33
81,22,53,75,55
72,69,18,59,25
82,57,17,54,57
70,9,27,54,48
74,85,54,5,21
66,1,62,47,72
62,44,53,27,38
88,10,75,44,30
0,62,24,63,36
42,47,28,87,78
33,65,69,62,57
85,41,53,70,79
15,64,36,87,49
4,15,60,59,36
39,65,87,38,0
82,50,7,15,29
79,7,81,33,45
42,5,74,81,50
6,32,44,29,8
23,11,78,21,37
19,73,6,20,14
49,18,26,42,68
88,45,65,35,24
37,11,65,32,46
86,60,82,44,44
59,9,61,71,63
56,50,37,28,1
66,39,10,12,73
6,79,75,32,65
85,71,30,88,63
28,78,34,19,72
62,53,84,64,56
10,67,17,82,66
37,33,33,23,75
27,81,88,4,43
15,54,8,82,12
21,51,35,13,37
12,66,36,23,65
57,18,38,83,32
43,58,62,71,0
22,16,33,79,65
26,36,19,84,85
14,53,46,42,41
37,87,32,11,26
43,83,42,53,88
31,47,87,28,6
67,9,38,80,3
22,41,33,78,4
61,88,63,19,21
0,88,2,42,11
83,77,7,40,35
27,52,85,36,43
58,72,4,23,28
85,29,11,0,71
82,19,87,15,13
74,78,41,22,70
76,18,67,75,33
66,44,66,15,30
38,7,0,25,13
69,77,0,24,54
34,83,44,77,15
27,63,17,63,55
65,62,74,23,89
85,9,52,65,64
43,83,43,2,35
2,7,70,70,32
23,82,49,0,16
84,41,47,38,27
46,41,76,61,1
53,29,31,14,12
64,1,7,74,37
31,18,83,84,58
61,81,67,17,18
16,25,89,61,24
4,49,84,78,66
82,2,15,5,66
25,46,13,37,19
67,21,89,19,18
88,26,50,14,89
58,52,65,73,32
50,12,76,47,36
89,15,2,4,61
88,13,87,40,70
23,18,19,36,44
64,15,17,79,45
13,40,54,5,58
67,15,18,7,82
10,51,26,32,11
6,59,89,24,87
46,12,17,20,5
47,68,66,65,6
20,59,75,66,5
55,10,47,32,62
73,2,1,77,83
76,4,74,33,39
70,0,31,33,1
19,55,81,61,2
28,66,89,11,46
12,13,15,34,33
36,65,8,31,86
64,82,39,84,36
3,55,59,55,21
80,61,7,82,26
8,89,40,9,2
72,39,59,10,66
77,65,64,3,55
46,34,17,77,71
78,52,57,19,75
80,75,42,2,6
8,46,43,22,83
35,89,54,45,79
22,83,8,53,14
60,68,56,7,63
33,50,6,39,17
51,68,32,30,81
88,17,89,46,79
81,19,3,30,48
25,54,2,0,22
47,63,85,16,52
11,33,89,40,57
24,52,3,16,30
79,49,55,42,32
11,71,22,89,48
51,7,55,13,33
79,44,88,67,50
62,52,88,71,64
83,20,22,78,88
69,71,77,80,85
76,48,63,66,72
72,80,72,21,17
74,67,67,80,67
63,63,44,56,17
67,42,28,42,76
38,37,25,33,0
86,65,9,88,53
28,8,1,40,75
39,32,38,50,64
69,30,28,70,88
84,8,81,41,71
11,65,4,72,75
30,83,56,34,69
7,4,76,73,54
64,26,37,42,60
35,9,62,47,28
54,47,80,20,17
74,51,26,77,6
89,41,44,52,55
85,27,66,6,66
20,2,73,28,30
11,88,7,0,19
34,34,78,9,53
79,13,58,43,87
82,70,59,67,24
40,32,31,74,62
18,63,87,15,65
53,75,33,51,62
59,26,61,82,65
83,32,43,57,6
39,49,38,70,19
57,80,18,15,72
65,29,82,37,48
86,42,2,64,4
85,66,89,51,74
67,55,63,51,62
88,41,16,12,32
78,36,45,40,10
81,9,47,60,14
37,14,38,4,15
19,74,61,13,16
37,33,76,13,35
4,4,6,7,32
47,62,31,83,62
47,63,74,14,46
16,72,30,31,39
84,42,89,81,10
22,84,58,37,88
13,7,42,43,34
71,32,53,32,6
86,36,26,48,23
9,54,88,79,60
48,75,52,50,79
25,34,62,63,23
49,58,87,61,61
70,1,8,21,62
64,35,78,56,89
68,20,23,84,51
51,34,22,18,19
75,72,65,55,18
71,18,74,2,77
16,3,19,88,25
70,44,34,85,1
70,63,77,44,15
82,4,44,70,56
39,70,30,56,36
65,59,31,30,79
23,19,17,25,3
67,52,34,72,45
10,50,89,65,77
0,55,25,87,54
32,44,47,50,85
34,26,49,45,38
80,55,45,76,12
57,34,5,40,67
49,39,40,8,43
63,15,66,88,63
38,65,60,24,69
65,85,44,69,11
82,80,61,76,43
52,17,39,13,62
67,64,53,49,15
16,78,70,87,62
50,7,54,2,27
30,83,60,70,13
50,78,67,28,12
56,69,26,68,70
64,37,55,74,53
13,31,35,41,38
46,8,20,3,20
19,66,20,28,68
34,88,21,70,53
16,50,55,51,54
8,15,27,12,67
63,42,84,43,24
11,45,21,31,12
19,65,57,34,80
61,48,22,59,55
85,50,24,52,77
78,7,18,86,47
79,52,9,12,60
12,2,76,12,4
88,50,67,70,21
87,14,68,5,28
77,6,65,50,18
61,5,46,46,52
55,53,17,22,16
55,16,16,62,26
13,41,59,23,57
76,53,5,22,63
21,14,16,77,34
48,41,48,17,25
47,86,61,50,62
71,48,28,25,24
27,81,40,10,71
86,43,66,17,77
12,4,8,76,87
81,83,84,81,63
54,79,13,34,62
71,48,54,0,51
34,64,81,48,24
12,76,34,26,57
55,63,74,68,83
44,57,2,40,88
32,38,53,42,34
66,60,4,0,43
27,62,74,46,2
75,2,21,3,4
17,40,82,81,77
3,88,0,76,61
74,80,1,62,10
56,9,62,72,40
83,80,32,9,82
28,55,82,41,66
73,28,65,38,45
84,82,86,31,43
12,52,36,43,62
74,6,2,63,7
13,79,75,84,89
66,84,73,36,62
70,66,42,7,84
14,87,41,12,71
87,67,51,22,15
43,84,71,84,75
4,78,52,87,18
51,10,48,56,3
82,10,5,66,70
8,49,52,21,19
59,30,50,87,45
50,31,12,25,2
43,4,21,70,51
83,6,14,10,29
24,89,60,11,49
83,72,6,31,37
53,69,71,88,55
0,55,41,63,26
39,39,42,76,5
47,55,48,7,58
52,8,13,55,84
74,83,26,61,84
42,61,46,14,37
22,33,58,57,80
38,38,36,49,48
21,13,65,26,20
64,40,77,22,20
53,53,23,25,83
85,66,28,35,20
55,13,42,51,55
38,20,38,18,81
60,79,56,0,65
26,2,59,61,72
10,25,45,45,22
10,19,64,56,79
59,29,56,15,22
14,3,79,88,44
74,41,16,32,73
87,89,16,75,15
88,52,83,64,78
77,48,63,75,26
74,34,83,87,55
39,22,27,75,71
37,68,62,80,47
13,60,35,70,76
28,88,47,54,71
6,38,44,69,11
64,59,67,4,46
35,20,19,22,8
78,61,56,61,79
33,88,23,47,72
58,82,52,20,52
64,66,36,51,67
42,43,66,75,2
59,18,35,71,22
6,77,79,83,72
34,60,67,12,2
69,22,33,35,83
72,58,24,79,88
11,47,84,23,37
1,22,85,51,60
71,81,40,12,84
4,52,48,23,69
7,89,10,9,31
44,8,61,5,53
32,27,37,72,3
78,4,29,16,36
77,29,39,5,31
85,69,64,49,35
78,50,15,55,1
76,21,18,18,83
1,71,71,42,74
40,69,7,81,50
61,67,6,6,14
42,71,47,86,32
13,75,18,23,18
55,86,84,16,75
57,20,40,4,6
30,61,45,64,61
79,39,25,74,53
72,64,77,29,31
63,36,34,14,86
46,41,15,42,69
81,64,38,56,38
54,18,13,29,10
60,74,52,14,58
69,30,27,81,66
1,84,29,67,61
80,64,1,11,20
87,20,11,13,27
75,3,8,0,46
15,37,56,53,60
60,81,48,7,24
36,51,69,38,23
49,4,72,41,17
75,45,64,37,52
8,56,15,42,57
88,60,83,31,75
52,25,58,38,77
8,86,86,64,7
39,16,34,55,30
12,1,80,46,75
81,83,83,38,2
71,16,4,54,78
26,89,66,42,27
82,42,45,36,34
23,69,36,39,78
7,56,81,26,60
19,6,23,29,27
66,39,44,32,29
73,89,20,69,32
25,50,12,84,32
62,64,74,47,81
77,75,44,79,75
73,18,0,8,15
74,85,5,85,65
68,1,28,77,32
67,14,51,27,31
12,10,47,22,39
35,24,26,19,80
76,73,83,32,7
86,69,5,2,8
67,44,81,56,18
0,10,30,3,12
9,28,31,0,56
46,47,46,52,27
31,49,12,7,31
11,1,86,87,75
33,81,59,6,23
20,78,80,84,25
56,40,73,41,50
62,79,23,64,65
60,67,55,33,32
72,76,81,22,51
87,54,14,40,71
22,7,80,42,47
76,8,32,2,36
43,9,81,49,89
70,6,20,26,27
26,81,7,82,27
70,14,8,72,63
78,21,47,58,71
43,55,5,12,12
34,15,54,88,6
84,76,24,38,43
53,76,11,65,17
50,54,35,5,35
27,42,81,22,30
22,25,18,77,0
14,17,19,40,0
31,88,46,4,44
33,86,85,18,13
48,32,80,30,36
86,70,16,79,76
33,84,25,88,1
24,28,0,14,32
79,56,13,77,86
87,54,23,35,32
18,81,82,44,16
21,3,81,4,44
76,27,31,4,65
83,25,56,76,31
38,19,73,38,89
87,13,40,8,27
79,14,59,16,26
30,6,25,71,68
28,72,67,10,78
22,21,30,54,35
87,42,39,73,48
41,87,4,74,85
76,38,71,5,31
63,12,64,81,14
22,10,40,33,42
5,27,59,52,30
55,45,20,35,33
30,80,50,41,13
24,67,69,73,28
67,83,26,22,81
1,85,35,80,64
34,68,4,71,86
81,3,36,86,5
57,25,66,68,53
5,37,40,87,69
56,63,7,17,15
56,71,55,1,25
13,75,79,44,31
44,37,5,55,3
6,32,4,68,57
41,42,42,84,76
11,46,58,40,69
43,47,18,16,87
37,81,56,11,57
78,42,27,67,82
27,79,25,83,39
35,51,47,13,73
61,77,39,21,50
84,8,70,88,69
9,7,4,67,88
85,71,71,42,5
57,3,33,21,55
11,27,55,87,63
41,42,23,78,67
80,58,28,68,82
84,15,72,46,73
24,76,23,11,82
8,60,83,55,65
81,50,27,82,4
41,7,73,57,37
43,53,16,32,14
11,30,58,59,33
13,29,41,20,34
62,81,66,25,18
16,18,76,55,3
4,89,20,60,72
85,69,1,47,82
70,49,46,36,51
57,29,67,26,34
9,60,41,25,22
80,9,85,56,17
48,39,26,82,62
53,8,3,38,78
63,10,8,80,84
22,10,23,8,5
49,26,30,69,77
39,31,48,64,13
34,63,49,23,7
24,34,9,69,61
32,32,51,65,59
0,69,31,76,14
43,37,24,25,76
42,43,31,40,70
8,22,33,71,56
62,11,10,43,45
46,62,55,23,72
66,9,15,45,31
76,53,42,80,33
25,6,25,40,81
54,63,76,43,27
11,58,33,32,22
32,52,66,53,88
84,51,29,87,51
79,4,8,74,82
38,37,52,44,9
40,75,33,36,5
84,61,7,5,67
52,28,16,84,30
58,77,41,54,58
55,25,34,25,2
46,16,30,89,69
22,34,19,34,47
2,5,49,86,62
37,17,81,44,75
55,0,11,65,64
53,6,19,35,63
60,67,6,13,70
21,74,16,8,63
81,19,76,38,29
81,36,25,15,60
45,38,41,36,61
59,64,37,36,2
2,3,35,25,50
7,8,17,4,89
7,15,84,23,73
49,70,3,33,29
38,78,84,46,80
78,81,33,88,58
19,30,80,24,29
52,4,1,52,50
11,67,17,76,63
11,51,10,1,12
74,62,45,76,6
72,50,59,61,26
71,83,84,27,76
43,38,10,26,83
81,21,79,6,20
53,17,88,12,61
54,33,66,61,15
64,15,11,88,73
42,65,31,66,35
80,68,27,74,70
66,15,77,19,39
69,16,30,28,1
29,40,65,46,5
89,51,20,77,70
23,13,77,46,84
24,34,3,58,26
31,85,31,15,81
19,74,14,66,44
31,67,56,77,25
7,19,87,81,58
58,78,50,49,59
26,21,86,83,17
85,11,54,60,73
13,61,47,15,44
30,28,73,9,49
5,85,33,48,19
58,21,50,62,65
11,52,6,1,26
65,57,77,26,54
55,74,33,65,76
42,50,86,20,61
33,17,77,86,39
59,61,5,71,35
17,49,60,89,61
79,23,66,68,36
14,8,25,29,25
69,41,66,85,3
87,88,70,33,87
35,49,13,72,3
16,20,17,58,32
78,21,78,22,79
73,12,50,78,39
51,52,61,68,2
5,7,34,54,0
9,42,27,32,10
43,67,42,35,51
70,3,14,84,40
43,36,33,8,8
73,29,12,41,2
8,46,54,86,16
79,33,45,54,78
89,67,1,39,85
54,43,45,50,48
19,57,70,67,3
11,33,36,89,40
64,34,28,67,72
78,86,29,18,46
26,61,10,51,42
48,31,49,3,50
29,3,34,24,76
47,60,59,80,25
79,45,65,15,65
15,33,86,23,82
4,74,43,39,30
59,33,38,39,63
83,9,66,63,62
88,67,71,41,54
28,32,53,4,85
77,53,20,3,60
22,37,84,9,36
73,74,73,71,41
26,42,29,12,22
63,60,29,81,63
30,48,19,7,58
38,87,87,47,73
62,2,10,78,32
71,72,62,11,77
9,72,88,71,20
36,38,36,7,40
88,72,68,30,1
26,72,35,23,43
52,86,72,9,35
78,28,30,73,27
43,55,10,69,67
65,76,34,11,18
57,58,2,46,80
3,78,30,72,66
58,49,22,0,42
41,69,69,52,74
82,85,71,17,63
32,42,32,35,51
76,11,77,50,46
1,51,55,51,31
33,73,28,36,17
2,69,63,39,82
72,79,69,53,1
12,62,5,10,0
20,77,5,3,13
86,3,45,31,59
58,7,3,75,81
89,81,35,75,75
9,58,19,36,1
11,55,72,6,76
50,10,77,38,76
67,61,43,69,26
60,13,46,84,28
37,27,53,37,36
24,67,89,65,35
78,51,56,63,74
21,38,13,35,75
62,51,17,76,25
35,61,42,80,26
1,45,59,36,15
73,22,42,5,62
34,55,40,4,81
52,87,83,7,83
43,49,44,38,7
42,58,73,70,20
77,49,33,39,5
82,48,42,13,89
61,30,14,51,86
66,79,47,53,18
28,57,66,82,16
70,30,22,12,61
17,75,17,60,42
4,6,33,8,5
47,59,69,54,56
24,74,35,34,50
13,80,70,20,25
46,12,49,32,26
38,70,70,15,82
9,75,77,35,11
45,13,49,18,83
27,3,21,63,50
26,42,23,27,7
34,73,89,26,71
61,26,69,49,81
80,36,12,68,12
8,37,69,79,77
2,50,85,18,26
36,43,61,24,70
55,19,39,42,51
86,73,70,60,83
35,26,67,47,3
41,37,4,76,23
34,32,84,48,52
4,21,26,73,84
3,62,58,14,5
75,14,39,88,44
63,32,51,84,62
19,60,15,57,64
31,61,0,6,7
73,72,42,7,18
3,14,14,11,41
43,79,38,55,62
33,75,26,77,23
70,67,47,47,59
15,29,52,8,49
15,73,69,20,42
40,26,67,55,51
33,56,68,23,84
70,83,21,60,37
39,29,18,21,69
29,0,89,11,57
5,27,40,2,10
11,40,20,28,49
1,71,19,84,13
63,69,72,79,49
80,10,39,7,51
36,21,79,16,37
6,49,71,80,5
9,56,79,19,45
60,25,70,12,68
11,66,60,13,41
61,66,64,45,68
59,64,28,76,37
22,79,39,26,84
22,70,34,28,11
39,57,71,10,86
23,84,86,5,36
24,50,39,82,46
6,17,88,53,54
62,21,51,13,72
43,13,44,47,32
4,39,19,46,73
73,69,59,11,23
0,28,71,44,2
43,46,34,15,23
12,41,12,85,36
57,32,43,81,0
35,88,68,47,44
66,84,64,7,20
11,12,54,25,48
85,77,80,27,59
88,84,33,6,19
23,22,33,63,43
29,69,81,37,48
34,14,23,80,35
2,65,24,51,28
30,76,33,56,69
30,70,5,78,7
2,32,80,63,9
9,1,0,2,60
40,73,45,83,44
7,9,76,82,68
43,8,23,47,24
53,13,2,57,21
25,25,65,52,55
7,7,75,66,37
69,76,29,43,85
88,15,20,11,19
30,71,17,35,76
64,48,16,25,34
11,55,9,64,1
31,17,3,88,88
16,27,21,5,61
35,82,58,21,71
75,28,83,48,42
17,74,63,22,9
71,54,82,71,60
59,8,57,76,15
62,11,64,54,2
70,87,57,21,70
64,28,10,84,9
55,25,42,83,10
11,88,67,22,29
32,55,9,80,52
59,19,82,80,13
55,84,40,53,18
68,7,28,19,58
55,76,72,65,20
15,67,76,58,50
58,47,69,69,61
12,44,3,10,77
23,78,68,53,89
16,3,86,63,78
40,14,41,10,4
4,62,18,70,50
67,40,88,43,44
27,10,85,64,59
34,15,8,31,20
52,23,25,67,68
50,14,17,32,4
12,52,36,3,9
17,57,50,79,66
29,52,28,49,71
11,35,65,36,67
78,10,12,35,4
19,58,54,41,70
55,84,23,29,10
40,37,70,49,67
5,47,2,59,56
73,58,10,2,74
61,19,68,62,85
54,39,57,22,55
53,46,53,0,62
86,41,74,16,43
69,71,29,77,54
65,8,29,13,87
67,25,58,77,70
77,29,53,62,54
84,1,19,71,49
68,73,45,26,2
11,4,55,72,55
23,81,82,65,61
21,75,47,38,79
54,27,34,73,53
34,29,57,60,65
6,26,75,89,72
61,76,24,75,45
25,54,89,41,7
68,67,37,38,10
69,62,4,77,22
47,39,13,18,66
21,77,58,17,27
12,49,85,67,8
48,8,74,49,71
87,23,88,88,43
18,28,88,75,50
36,46,87,7,18
88,49,15,69,75
25,35,89,47,44
63,52,60,39,89
55,50,85,2,65
68,24,15,5,0
4,56,44,26,40
39,16,75,68,66
83,58,67,0,9
56,24,6,31,68
17,55,68,4,6
4,8,52,76,36
14,84,31,28,32
14,13,47,78,59
39,28,79,65,80
24,4,19,87,76
79,61,40,35,25
29,10,47,8,3
41,51,29,87,34
84,11,14,76,29
35,85,30,88,19
57,62,0,63,71
81,69,2,50,85
74,8,68,22,65
85,29,40,4,5
8,32,62,1,32
4,39,44,76,34
3,61,72,44,29
73,52,80,40,4
54,38,47,28,88
19,54,12,4,45
30,48,10,2,27
89,70,43,61,12
19,4,80,69,87
39,1,10,5,14
81,54,37,19,38
54,79,9,20,52
26,15,42,7,51
27,13,82,88,78
40,31,0,63,53
30,74,36,50,85
40,73,31,13,44
21,77,14,71,76
14,6,89,20,70
21,8,21,3,31
12,24,61,29,53
45,23,60,39,42
36,62,22,58,47
23,20,17,56,73
83,59,87,89,9
55,2,65,33,25
57,12,18,62,58
40,72,73,6,3
10,74,89,52,59
27,52,54,48,75
6,19,69,20,23
31,37,79,88,7
46,12,42,9,71
50,61,64,32,19
48,53,2,5,78
58,32,12,31,41
76,61,59,65,57
73,56,33,40,7
2,57,60,35,0
15,23,11,13,56
39,53,23,66,21
60,26,79,76,33
41,70,49,42,58
69,43,14,10,71
18,75,8,70,52
18,73,57,33,87
43,62,15,45,61
16,8,21,65,25
80,6,34,58,40
35,9,42,18,9
50,78,64,23,70
14,47,2,69,79
65,31,52,11,43
4,16,17,0,4
60,59,44,64,24
0,25,38,55,52
30,38,65,45,24
41,9,69,19,49
45,21,25,49,80
56,40,63,66,73
84,82,62,28,4
81,26,30,79,58
15,26,50,77,39
69,29,5,67,46
78,81,17,67,22
6,37,34,49,46
82,5,52,78,68
10,61,59,66,44
70,35,10,14,1
54,58,74,13,54
11,7,89,79,53
42,3,41,19,9
17,58,32,78,63
8,10,66,46,64
31,70,3,84,81
27,72,10,52,82
6,73,55,28,44
2,79,43,23,28
76,43,28,11,36
64,20,65,53,60
38,11,55,55,64
5,72,1,69,73
24,64,69,42,34
69,35,30,57,44
57,16,8,51,35
54,17,68,32,78
53,10,73,19,9
61,45,15,23,78
23,35,12,25,20
37,42,0,29,9
37,7,42,9,7
20,43,85,29,78
26,18,31,70,22
1,35,75,54,67
68,42,21,56,54
70,79,69,12,4
58,73,83,63,67
34,8,69,57,11
15,79,86,50,50
34,28,78,81,68
18,57,28,51,67
27,4,12,57,77
48,74,79,65,34
10,73,40,66,14
45,46,51,56,16
32,46,47,77,35
77,67,83,13,86
68,9,19,83,13
64,16,65,43,22
64,36,87,46,64
30,40,57,11,23
27,27,58,37,60
9,1,27,58,79
11,49,14,17,47
61,85,29,83,10
17,50,88,5,11
25,57,39,82,44
0,88,68,84,45
42,34,76,10,11
31,88,18,62,13
59,0,32,87,86
83,43,83,34,64
48,16,62,10,56
14,73,25,71,0
31,15,3,33,74
48,42,79,28,72
77,73,73,85,8
67,88,4,58,27
32,65,14,46,67
49,56,15,89,75
80,42,69,21,33
1,87,37,5,25
11,46,7,39,7
38,81,26,70,69
39,17,38,63,33
58,43,89,47,43
38,45,11,22,67
72,40,79,12,20
82,66,83,22,60
63,73,86,71,51
3,29,28,83,7
49,13,71,81,29
45,83,51,43,80
28,1,80,30,50
29,83,60,1,10
30,58,24,78,16
86,20,5,60,68
26,60,85,76,3
71,50,19,56,45
31,39,82,89,36
29,82,28,80,37
3,76,32,59,25
31,89,84,15,47
29,5,46,26,84
89,17,24,22,5
78,71,56,34,68
4,81,54,22,80
77,3,17,24,21
52,68,21,46,50
89,0,60,62,32
37,34,27,25,45
87,28,47,49,25
36,88,49,19,6
84,17,6,65,49
66,18,31,50,15
39,75,40,3,81
51,33,30,81,12
22,65,18,73,57
38,8,32,36,49
21,34,11,16,30
30,19,26,1,86
1,9,74,71,9
30,71,81,65,6
5,33,68,62,84
61,14,58,61,71
16,20,1,84,21
44,57,36,83,50
88,76,48,86,58
14,50,65,53,5
85,87,30,17,17
43,31,75,53,18
54,5,39,56,45
50,78,45,24,57
47,84,44,9,10
81,57,12,37,75
47,70,26,62,65
11,4,35,2,42
35,65,64,17,10
39,76,58,4,28
28,28,36,25,5
25,21,42,61,3
26,0,76,66,40
14,70,69,15,87
32,36,60,48,19
77,57,46,74,11
19,63,32,62,83
59,40,59,15,15
39,45,81,80,41
23,45,77,67,43
20,5,41,66,39
18,42,72,54,40
84,74,53,36,24
83,73,53,64,4
15,5,24,5,76
75,85,71,45,29
73,36,47,61,80
64,20,18,42,50
47,50,68,82,76
70,3,70,3,84
87,8,75,80,42
11,57,8,12,12
69,76,39,54,35
54,41,86,37,65
54,37,25,42,45
39,4,55,50,14
78,10,34,3,67
60,27,49,58,29
78,2,26,40,87
88,40,87,82,3
28,83,89,20,71
88,28,2,44,69
56,51,44,56,22
74,63,41,20,55
23,64,71,42,85
21,41,43,75,44
42,31,54,2,58
28,47,61,76,33
74,33,43,64,60
72,40,36,41,70
54,68,66,79,80
76,7,65,18,73
33,89,5,15,80
62,54,80,71,74
48,2,30,38,6
60,40,68,63,72
9,16,39,43,6
78,22,43,84,35
38,42,51,7,38
46,31,48,33,2
31,75,34,12,14
62,16,70,82,14
84,42,66,59,19
53,48,39,53,4
15,73,54,17,14
68,1,22,85,53
29,19,85,36,85
23,17,42,5,88
47,48,44,89,24
34,25,53,32,68
21,25,1,73,52
33,25,11,0,33
14,16,37,11,32
60,46,11,18,42
76,69,31,74,80
0,23,30,73,39
3,22,66,72,35
69,22,64,89,30
69,59,71,61,31
63,62,42,16,56
43,21,45,46,51
81,89,41,83,76
86,87,2,54,11
55,6,4,45,11
62,84,28,56,86
86,34,67,42,68
26,61,71,1,16
59,85,1,10,25
74,63,13,3,81
11,75,61,24,58
35,44,45,64,74
83,29,86,37,67
80,17,33,57,2
61,29,3,81,72
55,16,11,41,11
62,13,2,32,43
66,88,83,48,79
84,80,35,74,11
73,8,1,64,60
7,88,44,56,5
69,42,60,1,85
72,77,54,43,26
4,77,60,19,0
59,19,71,54,79
41,71,77,66,27
2,24,5,53,89
58,39,76,42,1
15,71,83,31,4
0,79,33,78,66
18,7,27,36,18
48,21,9,71,73
49,45,45,4,4
3,57,50,31,79
33,61,18,8,63
87,4,44,44,9
1,24,31,43,0
36,50,12,54,57
78,6,18,75,66
84,62,9,82,80
69,14,81,80,23
23,25,12,88,67
46,9,85,25,18
81,55,45,86,1
43,89,11,27,22
41,61,40,63,0
6,11,45,19,83
11,31,72,61,39
77,15,29,71,79
61,53,51,32,1
56,28,25,2,34
32,88,15,66,19
8,84,71,78,24
3,15,44,7,79
42,70,65,59,76
35,37,86,57,73
0,50,35,53,46
17,17,61,75,76
71,65,24,35,64
66,67,8,7,15
51,55,85,0,78
14,39,71,24,41
14,52,57,89,87
9,49,13,30,82
0,50,49,77,67
18,62,23,70,61
32,47,19,59,27
23,35,54,69,13
43,88,5,61,2
36,84,22,57,68
35,35,5,32,37
43,15,86,76,32
41,76,78,67,31
87,35,57,3,59
30,45,33,30,51
61,64,68,29,71
3,71,11,29,9
12,71,25,50,30
86,9,2,77,76
74,10,18,27,84
41,47,51,13,14
66,1,11,81,81
78,88,1,57,42
10,19,51,13,48
29,48,66,26,3
24,31,87,70,53
83,19,78,34,50
68,4,22,17,79
3,65,11,65,37
84,11,37,84,66
74,33,59,13,17
37,76,28,49,18
16,58,57,71,48
41,25,37,7,57
12,44,44,86,44
40,42,28,0,57
3,4,28,31,16
16,21,4,82,80
58,42,60,42,68
48,34,29,64,38
17,57,37,73,25
34,37,13,62,89
4,10,70,1,10
49,8,83,22,24
17,80,85,66,15
21,59,82,51,7
78,76,84,27,75
46,77,73,59,30
10,88,55,31,27
39,4,68,45,80
8,72,23,59,54
58,34,59,71,77
64,11,22,11,16
69,18,23,62,37
81,41,32,80,67
28,61,18,23,53
71,33,38,64,7
65,83,84,36,51
70,29,20,36,23
5,55,16,48,70
78,74,5,38,41
68,39,88,72,22
9,38,75,56,8
31,89,6,83,22
61,82,84,81,15
33,66,35,74,36
59,7,50,89,79
61,55,83,42,48
68,0,17,50,68
18,20,49,66,72
33,20,58,41,78
10,60,59,29,0
74,56,52,69,26
0,83,39,64,15
47,35,42,4,83
4,25,27,62,11
83,59,66,43,67
4,1,31,87,27
6,39,55,29,6
7,38,69,16,33
44,23,70,48,83
30,3,48,80,59
56,40,31,36,12
60,44,40,34,82
34,35,67,10,22
56,73,59,75,76
42,40,26,13,67
36,12,27,30,27
74,10,69,70,57
61,15,40,3,84
27,32,14,2,37
2,12,53,20,86
1,7,68,50,2
27,10,53,14,0
37,77,31,0,24
78,1,5,86,77
36,89,50,34,58
12,10,82,76,74
4,41,84,8,48
12,74,27,22,72
42,82,71,24,14
44,20,18,65,29
14,77,86,72,31
26,13,29,86,68
3,2,35,74,83
44,30,75,83,55
43,29,71,51,48
1,58,84,67,83
79,38,20,56,87
27,85,70,56,19
25,77,42,77,21
64,46,4,69,75
58,70,65,66,16
66,12,81,12,3
31,6,60,25,15
37,2,16,46,31
28,20,70,22,35
6,78,83,43,60
80,47,3,63,11
51,19,73,66,43
85,61,35,46,48
8,49,88,61,33
49,51,88,17,86
88,32,12,43,17
30,7,4,76,70
83,53,50,28,55
57,33,36,38,58
56,66,47,59,56
18,52,49,4,18
40,5,66,10,35
28,26,61,13,55
73,55,27,19,9
64,20,72,36,28
29,28,50,59,60
81,81,77,37,34
70,64,61,26,44
50,86,13,70,40
27,49,46,58,70
56,62,3,9,72
52,33,74,74,49
63,30,86,74,13
65,84,51,7,83
22,17,82,39,6
49,44,79,9,69
0,18,59,32,26
54,57,46,60,75
56,8,13,37,49
73,24,19,30,3
50,68,65,16,55
63,16,39,51,70
68,22,68,72,9
23,67,43,85,48
2,87,18,74,37
82,59,31,78,40
12,6,33,27,44
43,61,58,72,1
32,41,49,77,26
79,33,28,29,83
83,53,9,70,50
5,72,82,17,64
15,48,8,76,18
20,23,82,57,45
47,22,70,38,41
76,89,77,25,5
26,68,29,55,55
69,42,76,23,73
62,35,52,34,10
81,33,80,75,20
11,2,70,13,12
43,37,23,49,33
59,13,11,83,55
38,78,8,77,31
62,64,41,42,59
18,40,6,17,77
62,8,57,86,13
75,77,85,45,82
49,35,82,13,72
39,36,61,44,11
69,52,37,25,22
24,39,46,20,36
9,47,2,60,34
47,71,5,36,32
4,89,62,19,61
47,42,79,17,39
45,29,14,25,1
79,54,58,75,46
44,43,22,78,52
24,63,37,10,70
34,24,29,34,44
42,38,5,19,9
11,12,29,48,55
58,22,53,66,18
12,23,29,15,52
89,50,52,15,48
46,23,3,80,60
78,18,50,1,62
63,21,15,50,4
59,78,89,46,78
31,83,69,11,58
22,69,6,6,64
6,57,7,82,83
38,42,4,38,79
26,64,49,62,87
19,50,73,85,87
66,29,41,40,8
71,1,56,82,2
14,62,25,80,8
15,56,6,51,54
82,51,88,20,18
68,78,71,74,3
9,36,30,32,87
40,82,41,85,6
58,59,13,83,47
25,57,33,83,23
40,61,54,7,73
88,39,0,43,33
13,73,77,66,8
26,22,65,44,51
43,74,38,4,20
50,10,69,66,4
7,77,20,85,12
59,38,32,28,25
25,42,45,79,60
63,63,64,22,52
24,31,45,81,39
7,45,59,66,35
1,74,55,27,84
55,86,64,67,31
62,73,39,27,42
14,12,30,52,1
87,36,47,7,66
60,20,81,83,25
58,27,38,22,13
65,26,58,75,55
85,59,86,48,17
38,73,19,80,71
72,60,34,72,24
27,77,87,11,20
55,49,0,1,67
5,11,89,67,60
61,28,26,10,72
67,49,18,40,77
46,15,54,19,72
64,35,56,0,0
54,79,88,66,88
41,27,62,23,41
30,19,44,75,59
23,80,16,31,23
88,65,69,25,12
26,75,60,21,0
43,78,57,78,78
23,71,10,2,86
87,7,87,12,11
66,9,35,11,83
54,52,13,29,86
25,34,30,3,78
35,19,58,21,41
50,35,32,41,29
67,24,9,71,30
77,16,11,80,76
65,89,31,46,49
21,43,83,73,62
2,23,10,5,38
22,67,38,14,19
29,53,54,81,88
1,69,18,24,35
84,50,70,82,88
52,78,3,80,42
78,71,85,32,79
81,79,49,51,29
36,27,61,29,56
22,40,1,34,35
0,48,21,72,25
89,21,83,54,32
62,80,52,9,82
13,60,3,16,3
29,10,76,77,55
41,74,34,12,16
6,6,62,22,68
19,66,2,68,15
32,67,5,10,49
0,39,0,21,20
14,4,78,4,24
83,4,53,82,59
39,39,53,14,45
50,6,50,26,85
22,67,44,20,86
11,40,31,8,21
88,12,82,76,25
11,55,47,61,18
1,65,7,23,87
30,40,77,43,4
74,66,29,86,82
11,35,87,87,2
74,5,82,0,9
75,53,63,71,59
54,8,43,76,30
58,33,11,36,34
59,36,1,56,45
78,40,31,60,55
80,45,27,57,84
34,67,68,14,74
26,11,25,28,53
61,40,8,38,23
50,41,1,27,38
60,41,0,50,81
35,18,46,64,27
2,14,2,82,68
89,69,67,23,75
81,33,39,61,55
87,33,86,25,23
52,6,77,30,36
30,47,16,62,8
15,61,49,39,41
84,8,82,43,0
40,16,25,16,38
67,43,52,8,60
4,72,82,24,84
21,61,22,2,48
39,23,52,7,16
85,27,67,62,7
57,57,60,81,7
36,13,81,80,46
42,33,75,84,45
14,33,52,59,8
58,34,13,85,58
36,54,17,55,14
62,17,80,2,5
68,22,57,49,55
84,84,45,6,21
39,25,11,64,24
28,44,87,45,73
45,57,72,0,43
86,63,0,26,39
43,9,75,47,89
25,83,60,42,5
89,18,89,77,23
38,86,58,58,84
39,51,84,71,16
42,12,71,29,5
4,33,22,33,86
51,89,58,71,25
7,18,38,57,8
51,40,71,68,13
7,29,53,38,75
14,30,34,64,83
27,68,2,25,76
14,41,79,46,24
69,47,53,31,73
85,45,89,22,55
6,18,53,18,34
3,60,47,72,10
15,63,15,60,7
82,76,23,70,89
43,29,83,28,6
75,87,20,79,23
46,59,12,6,28
56,82,22,19,37
22,27,20,36,67
13,30,6,20,23
6,52,71,64,15
37,71,58,47,64
9,50,61,46,30
52,26,22,73,14
82,1,63,9,34
81,35,77,58,14
5,33,31,44,22
24,73,31,57,73
76,79,5,55,9
53,16,89,71,54
52,78,40,16,66
54,45,45,39,43
81,67,40,22,50
23,71,81,35,82
36,26,71,28,8
15,89,83,1,77
25,75,62,10,2
89,2,50,46,76
68,27,61,86,31
6,9,22,43,59
54,14,35,61,10
42,45,32,1,84
51,55,69,23,48
39,28,28,34,6
16,55,81,60,63
49,24,15,80,66
59,60,2,72,57
53,81,41,78,7
7,15,20,2,42
69,76,89,35,63
61,80,5,44,84
55,32,20,22,24
63,19,88,28,11
26,7,30,57,37
54,12,45,26,1
16,29,0,29,65
66,82,71,72,21
82,58,27,51,79
23,50,81,16,20
42,27,70,70,63
22,63,76,6,80
52,28,65,69,67
27,51,75,61,71
73,44,58,2,76
28,19,21,65,0
1,17,69,19,24
82,29,3,69,3
35,20,0,31,7
79,57,49,21,0
36,27,26,43,68
37,21,71,34,22
47,31,76,8,82
43,84,80,70,18
76,40,47,59,74
25,45,30,44,55
27,50,25,8,7
86,66,58,6,17
7,41,3,21,51
19,51,47,77,22
2,36,37,64,37
11,44,73,2,40
87,12,47,18,50
79,69,32,69,69
32,44,64,25,75
17,48,11,83,5
27,72,81,37,79
34,23,84,25,17
56,83,51,75,41
86,61,4,39,17
73,41,52,36,19
18,41,80,15,79
30,65,55,32,58
61,78,31,9,32
22,88,54,38,66
6,51,67,60,40
1,86,10,12,21
89,79,47,43,34
39,57,21,50,65
10,28,50,5,61
6,32,86,47,70
67,49,88,18,57
12,51,24,76,14
54,14,30,51,42
28,27,14,68,58
72,13,21,65,26
80,2,70,67,46
48,71,37,65,5
21,26,51,68,85
37,60,83,20,58
8,45,62,60,78
0,20,81,86,30
88,48,89,89,44
40,32,1,66,2
13,67,21,77,6
53,55,45,72,69
33,54,71,28,75
5,76,56,3,1
82,56,5,82,26
3,2,6,19,26
89,57,60,81,32
14,7,82,66,14
73,85,28,68,31
54,40,53,33,64
22,88,84,83,53
77,69,60,43,48
55,31,55,29,2
72,84,57,28,9
64,22,69,66,78
57,33,16,6,31
61,38,56,74,17
22,67,69,54,86
50,82,78,20,28
46,43,22,40,25
21,60,30,75,23
62,14,37,50,53
66,72,21,29,18
48,13,57,12,3
26,89,83,27,0
72,43,22,38,64
29,8,87,6,55
41,45,82,1,8
39,20,82,25,43
68,0,20,72,37
40,57,24,3,59
67,59,9,24,4
47,34,45,73,68
57,63,55,28,34
63,64,7,24,20
8,73,0,54,18
74,46,5,59,2
29,44,74,27,32
3,46,3,80,30
4,56,81,16,1
35,34,2,14,49
67,11,46,6,71
52,45,39,29,22
17,39,4,73,67
3,70,27,34,30
16,12,63,19,10
39,60,87,42,8
84,75,86,67,8
9,33,85,88,79
7,9,37,78,52
18,83,39,59,68
36,62,82,62,83
18,80,65,77,2
4,15,50,48,16
45,24,36,33,24
20,57,44,71,66
35,82,86,38,20
3,4,44,53,23
56,15,0,48,64
27,14,81,54,76
76,43,54,75,32
12,70,43,64,46
11,11,55,77,3
27,78,28,55,23
38,59,71,52,38
66,32,44,7,6
9,23,32,54,45
18,82,58,63,83
60,80,29,40,54
55,59,46,22,18
88,42,12,68,12
16,25,81,1,9
10,53,75,56,24
52,3,40,44,75
63,44,75,35,5
25,46,37,62,26
47,65,1,22,18
55,46,60,48,80
9,8,9,78,27
18,54,11,61,67
37,26,60,63,27
74,86,52,18,77
15,49,70,64,29
59,44,45,28,37
86,29,66,20,65
55,41,64,53,75
63,40,59,63,17
78,40,46,9,26
37,73,47,40,26
2,9,43,27,86
33,58,86,80,12
25,41,51,60,62
25,12,45,5,71
54,0,88,23,76
77,72,78,18,5
40,21,22,57,35
34,45,27,16,33
37,16,30,7,36
87,66,63,37,80
40,75,29,54,64
43,6,82,77,77
56,82,50,32,47
5,8,57,15,27
53,25,18,24,37
27,11,15,54,13
29,21,81,86,34
23,68,50,60,82
82,59,15,12,19
19,73,69,52,68
45,83,63,32,72
86,30,22,18,64
59,50,22,22,30
75,89,85,73,27
15,41,57,77,38
47,36,18,89,43
48,35,68,9,89
9,5,19,12,51
37,39,48,42,71
14,41,33,54,61
61,85,47,75,47
48,49,13,50,78
1,4,81,54,43
7,35,2,48,69
55,82,69,12,74
0,14,6,31,49
34,41,43,67,59
43,42,74,72,87
13,74,32,58,79
41,33,82,70,14
13,44,40,7,87
8,62,13,59,58
83,76,80,16,30
10,0,80,28,22
28,88,71,77,4
51,54,15,25,69
65,44,47,53,45
52,72,66,25,49
3,48,30,66,9
51,23,41,9,84
21,38,87,47,83
50,79,17,44,43
19,43,38,51,56
86,88,43,13,3
76,5,84,61,86
19,14,53,81,9
83,60,47,12,87
15,7,60,78,42
64,71,66,57,77
9,87,77,81,73
80,54,23,54,6
49,63,85,52,64
12,21,44,12,18
57,46,75,87,4
58,39,48,37,85
5,42,70,64,65
63,58,34,8,57
80,66,67,19,63
44,9,31,62,66
63,55,39,20,5
85,15,38,77,88
67,84,57,80,3
82,51,60,61,52
53,83,48,73,46
27,25,87,60,82
3,49,29,74,84
12,81,80,0,17
17,1,38,48,23
45,20,37,63,45
64,50,4,10,6
40,87,89,4,45
40,89,42,61,79
61,24,59,75,47
28,47,84,12,66
25,7,71,53,58
44,79,18,49,61
21,23,69,59,67
18,81,28,29,26
34,68,70,48,41
62,83,44,26,0
37,56,88,45,47
6,69,8,23,77
23,62,86,20,73
18,41,41,33,3
15,55,44,41,68
47,70,47,32,72
30,40,51,82,2
78,53,3,41,15
9,18,80,31,55
5,10,87,86,51
80,69,19,43,62
20,5,12,2,72
74,22,18,41,75
75,11,63,38,38
53,36,8,31,68
49,31,74,68,20
41,46,55,13,82
1,1,45,6,56
40,19,76,37,7
82,42,1,40,47
30,21,71,76,73
76,40,63,80,34
86,85,51,59,11
43,64,25,39,29
62,0,3,70,16
45,45,62,9,60
30,10,49,19,61
10,45,49,16,27
62,42,52,5,57
29,34,80,1,1
36,50,59,66,2
49,46,31,25,11
48,7,1,64,40
31,44,73,17,25
79,13,79,84,17
19,3,70,3,45
50,29,1,87,80
12,4,47,63,48
30,79,45,34,26
45,44,34,36,2
75,21,56,8,63
87,70,72,37,14
10,27,6,14,70
2,26,62,48,61
64,68,89,33,31
13,25,6,27,11
6,38,72,30,5
26,53,19,37,78
32,12,48,17,48
62,5,75,40,78
8,70,32,16,58
10,50,12,2,45
34,79,13,62,19
17,41,28,45,41
65,76,57,33,54
84,1,2,69,34
55,89,55,43,44
30,88,89,40,25
66,34,40,37,23
41,10,73,35,29
5,57,17,43,67
75,13,65,39,19
55,30,76,54,27
80,85,8,89,45
23,59,86,58,33
77,72,6,58,54
52,46,71,42,25
40,55,34,19,23
66,50,71,32,79
34,30,3,0,81
81,21,47,33,61
2,48,27,3,40
89,13,19,15,68
88,42,36,20,31
64,49,63,82,75
31,40,49,20,75
21,50,28,50,19
41,6,9,88,0
66,82,19,39,21
11,33,46,73,79
79,50,9,20,63
79,54,58,37,83
44,2,44,42,33
54,33,61,49,56
86,71,24,73,66
9,84,16,46,29
80,43,60,87,70
0,5,10,38,83
67,59,25,37,20
77,44,42,71,40
12,24,7,42,64
60,2,59,48,27
6,75,31,78,19
83,25,83,88,0
56,48,49,38,57
12,9,48,78,19
88,74,82,75,76
61,65,40,81,53
27,59,33,18,34
66,39,40,40,16
8,27,76,57,30
7,45,50,62,27
86,85,4,55,80
82,41,57,28,11
50,64,59,68,86
77,53,67,50,71
71,61,20,3,85
40,87,88,46,84
58,0,27,39,62
0,72,75,50,16
29,83,30,0,88
87,26,58,13,39
26,25,74,3,75
21,76,78,60,51
56,7,84,56,32
59,40,5,64,40
8,24,71,35,36
23,14,51,40,33
73,80,61,67,2
50,5,57,79,34
6,53,44,80,9
14,28,75,55,14
14,59,41,74,76
34,28,49,71,42
45,61,20,81,9
84,81,59,18,30
13,28,1,20,87
15,69,44,55,30
62,83,57,87,82
50,30,51,20,16
50,86,84,29,45
53,36,64,33,13
44,5,2,62,76
75,60,0,87,36
89,67,53,3,24
21,32,65,69,67
8,12,23,10,51
9,54,69,5,15
8,56,51,32,46
41,0,5,83,82
88,15,7,21,0
84,1,1,59,55
51,33,24,33,16
0,49,45,53,78
0,44,37,28,64
17,86,16,21,33
13,52,80,10,19
2,43,3,28,75
89,17,56,39,40
43,36,6,84,33
10,64,52,58,2
73,39,89,79,3
7,10,66,84,40
33,81,65,35,11
64,73,87,78,54
23,12,70,65,43
73,31,74,41,45
19,4,50,2,45
81,56,50,33,10
14,31,2,2,37
21,44,42,11,62
0,4,41,41,16
24,56,17,86,34
62,74,43,63,15
3,67,84,24,87
88,1,80,88,10
22,72,2,2,20
0,71,21,21,41
6,62,63,7,53
41,73,76,7,78
57,48,57,20,63
35,35,74,59,73
67,19,45,22,60
75,20,21,37,53
70,34,60,60,11
63,5,32,83,21
9,56,7,45,65
34,73,27,34,20
81,36,13,5,2
31,3,76,1,48
20,9,69,71,8
22,68,42,60,70
31,74,65,68,54
27,12,37,89,55
55,21,72,79,17
89,27,78,70,65
4,84,17,52,30
81,67,17,75,13
47,35,78,28,8
9,70,42,74,66
62,64,39,15,75
61,72,38,60,36
20,2,25,63,24
38,79,58,18,47
23,15,86,40,59
47,45,75,39,37
69,89,48,14,65
36,8,2,2,31
36,38,35,53,1
89,9,73,31,50
50,79,82,26,33
80,57,61,60,83
33,52,57,43,68
10,33,37,34,51
47,55,51,57,27
79,16,21,74,43
52,55,59,42,46
62,79,73,32,87
71,9,25,51,17
77,4,75,50,52
27,36,43,79,49
46,72,88,62,50
9,27,46,13,37
73,33,24,68,0
60,32,49,44,72
52,13,67,10,62
18,26,74,2,3
50,12,24,79,50
5,76,76,44,12
81,83,9,79,64
23,8,39,89,43
36,41,73,57,46
24,70,41,34,53
18,15,43,50,45
51,51,67,1,48
89,57,75,20,53
31,11,63,15,55
62,67,41,2,66
18,32,86,81,44
9,26,58,36,58
73,62,7,30,62
78,9,17,15,72
4,1,0,23,33
54,71,0,36,57
66,86,23,81,7
51,10,40,29,23
75,30,73,36,0
57,48,48,0,78
20,38,84,41,29
36,46,20,7,50
28,0,26,38,50
23,42,17,42,89
28,24,51,3,3
82,8,80,57,5
14,79,33,1,75
30,32,37,65,59
0,68,15,52,54
59,21,77,55,42
24,20,34,15,49
4,79,57,21,15
9,31,63,22,62
52,67,87,35,60
70,83,74,89,21
29,66,3,62,6
75,15,42,6,42
35,42,36,35,62
33,56,31,79,35
52,60,31,30,66
24,16,87,58,52
78,28,46,87,51
50,60,18,77,88
20,67,55,62,40
1,0,31,39,38
69,67,59,48,81
37,56,42,7,16
1,40,26,21,56
21,23,31,67,5
77,33,11,17,86
38,64,9,53,52
4,87,4,77,49
34,31,9,75,14
16,27,30,30,54
32,49,28,3,47
17,79,44,56,42
84,82,31,2,51
41,72,79,44,89
80,88,76,77,35
75,32,14,67,89
59,42,26,8,89
71,37,75,30,12
14,3,46,87,22
6,22,10,27,76
63,72,19,66,68
11,86,33,34,18
79,30,15,26,44
12,50,59,12,53
5,26,34,88,65
19,24,3,32,7
78,12,3,23,55
15,16,28,24,17
69,53,89,54,30
85,22,17,4,2
50,71,84,16,15
89,85,25,45,46
62,29,15,72,79
18,89,49,83,23
14,38,63,21,54
45,54,39,24,87
29,69,28,64,88
10,0,51,74,72
3,31,21,4,62
41,78,33,22,37
57,73,24,87,88
70,35,12,77,82
33,78,64,21,56
40,43,73,12,29
19,58,18,17,85
27,26,31,60,76
39,58,42,19,81
13,47,47,44,70
64,36,10,67,61
3,72,81,81,23
59,42,81,49,31
82,49,89,30,64
17,82,86,54,80
80,52,23,55,26
36,77,84,45,31
31,4,34,32,57
39,5,65,65,9
45,31,45,23,1
0,80,33,43,62
57,23,44,5,23
44,18,45,64,38
12,55,66,6,87
5,36,42,86,49
83,49,28,83,70
56,84,74,53,51
18,69,63,56,43
86,3,77,27,39
8,61,60,16,50
65,48,33,52,84
34,4,71,79,6
24,77,25,60,5
34,19,62,57,70
32,40,50,20,57
58,49,11,76,7
55,15,72,45,44
49,42,0,59,35
77,52,65,30,47
23,81,49,24,29
51,24,23,39,5
37,44,38,1,34
79,28,14,78,17
58,40,83,35,61
62,19,60,61,84
33,50,44,54,50
45,82,15,49,32
8,48,45,22,45
31,43,33,37,74
85,29,14,21,54
51,54,3,84,23
84,51,78,5,77
2,47,17,62,15
4,4,68,81,47
82,78,63,47,12
65,45,15,25,20
7,51,0,52,9
61,11,60,61,19
26,46,25,52,67
61,36,39,20,42
78,72,83,40,35
3,6,81,18,75
76,54,84,22,7
32,68,83,89,69
40,30,77,17,14
53,18,19,58,23
82,31,3,38,75
51,89,49,32,60
86,35,61,41,43
81,60,31,44,8
6,3,40,41,28
58,49,85,17,13
64,32,3,5,79
67,81,65,23,31
12,29,86,35,57
34,0,61,47,27
9,60,0,6,6
10,37,73,46,44
11,4,33,58,44
4,83,80,75,82
84,27,22,85,43
71,82,85,46,80
20,54,41,76,42
17,25,39,46,37
74,80,45,13,39
48,59,37,83,48
14,2,69,3,28
43,65,14,85,18
52,28,80,38,24
89,63,25,49,14
3,46,20,6,56
50,53,28,83,77
60,11,52,88,1
33,26,11,34,79
4,82,51,4,77
30,62,58,68,10
68,36,70,40,33
67,64,46,2,3
66,47,48,87,5
17,84,41,69,0
65,18,48,27,65
48,84,17,7,29
24,40,36,2,55
68,1,67,80,70
14,45,47,29,49
89,78,34,68,41
43,15,30,57,63
12,75,75,12,4
10,83,46,55,84
29,22,27,35,88
42,32,65,67,10
2,18,21,61,42
88,60,29,52,74
43,23,34,85,19
58,18,18,56,85
50,76,38,85,23
11,75,33,21,21
70,27,78,53,21
68,41,68,13,87
3,13,56,73,14
70,83,20,52,10
19,78,76,84,27
66,28,69,5,14
84,86,70,78,85
65,45,4,75,80
75,11,84,80,28
17,9,26,30,15
34,76,66,79,17
38,79,29,79,64
27,16,81,49,6
48,51,65,19,73
29,44,30,3,70
78,7,7,4,30
85,18,46,88,13
38,85,24,89,85
43,33,81,60,25
41,63,81,89,25
65,13,12,76,18
84,17,56,56,76
3,47,9,70,21
37,27,7,42,76
68,66,33,23,33
27,4,28,68,1
47,39,39,21,41
80,74,52,22,43
32,5,63,61,31
54,15,17,1,51
30,70,64,19,37
22,56,74,79,80
60,29,8,14,6
73,16,3,65,6
61,26,57,8,26
56,27,45,69,27
69,54,46,76,85
58,84,38,42,16
39,18,36,74,19
77,2,5,83,56
26,34,5,49,10
13,60,52,65,1
33,34,78,37,57
62,37,33,67,69
32,33,74,84,64
1,89,2,42,86
37,81,26,53,50
2,46,25,67,87
66,38,81,45,75
4,33,78,56,89
75,5,12,1,55
14,34,67,29,56
78,72,49,8,64
49,24,32,80,20
35,54,15,89,79
48,22,11,56,83
60,74,73,44,61
57,70,37,21,76
19,14,53,10,50
77,1,63,20,25
86,63,65,76,42
30,45,1,50,59
57,39,80,39,83
30,61,76,7,36
11,71,78,7,25
20,40,10,21,66
13,28,27,56,65
69,46,22,61,42
69,82,59,49,42
63,54,58,31,0
68,25,20,7,56
76,68,34,67,82
66,77,53,39,26
52,7,2,75,21
54,9,53,51,25
11,54,32,5,39
82,8,59,71,70
57,83,40,66,61
79,37,10,60,25
43,46,26,65,39
77,78,12,70,83
12,52,4,85,86
54,73,68,20,36
5,89,38,76,54
25,47,53,6,9
58,50,45,48,22
30,84,10,54,46
10,3,19,9,29
12,7,39,86,46
55,16,60,36,2
44,50,4,71,64
38,51,78,81,47
25,81,34,46,3
18,9,61,29,28
83,1,78,62,64
39,9,71,17,55
12,31,75,36,35
8,44,43,40,51
76,88,23,86,0
11,5,14,76,55
82,86,79,69,58
66,78,60,89,3
56,66,42,67,2
79,9,89,53,3
28,44,5,63,35
44,42,27,8,16
7,1,83,70,26
40,35,75,30,12
3,39,74,61,17
61,25,32,57,20
63,45,47,33,50
39,43,89,12,79
66,38,89,64,70
59,42,40,26,20
49,10,38,2,89
57,42,58,44,24
81,72,30,56,69
68,13,29,18,45
19,60,68,27,69
31,54,57,8,77
77,30,49,22,30
27,51,77,34,26
33,32,79,0,83
0,1,43,46,15
48,14,65,7,86
82,13,60,72,83
45,57,38,59,50
86,8,35,63,39
56,52,67,84,87
20,68,52,38,86
46,14,75,36,23
6,16,47,12,13
67,85,66,54,84
52,37,56,68,81
30,47,13,0,48
73,78,27,84,10
67,79,61,76,0
1,62,21,73,57
48,55,78,49,80
38,35,42,3,47
81,42,40,65,28
35,3,38,31,65
32,8,81,11,7
71,61,76,88,82
86,88,39,31,27
57,66,37,33,59
76,9,76,4,37
78,83,13,16,86
28,35,13,65,87
36,68,21,1,53
60,3,12,6,42
15,50,63,43,73
77,29,29,6,33
32,7,60,58,17
50,81,67,50,10
74,75,34,79,21
57,9,28,51,1
47,7,17,62,74
11,79,84,52,76
66,21,65,77,72
30,72,42,20,58
66,83,25,4,2
3,3,24,78,18
25,74,87,52,9
69,20,38,85,20
31,17,37,15,42
87,10,40,58,35
44,21,81,48,28
50,20,65,3,41
61,27,43,60,56
52,79,60,85,40
14,60,24,35,64
88,48,14,14,82
63,57,85,1,57
66,41,76,35,79
13,14,32,50,25
9,53,17,81,20
17,4,26,13,21
87,67,21,37,3
77,67,31,89,75
19,76,1,74,56
48,54,9,35,12
77,61,75,0,59
45,54,14,25,43
15,75,31,46,10
7,44,53,35,76
27,23,79,63,68
79,15,25,50,72
0,15,6,64,1
1,9,72,15,44
48,65,54,81,79
85,10,21,5,8
16,55,7,57,73
16,72,10,78,6
86,12,2,69,31
34,42,65,26,28
23,18,82,20,45
65,65,51,67,24
59,61,83,41,8
78,74,41,2,0
8,77,49,55,38
74,64,48,20,19
68,55,23,27,32
58,44,61,45,10
61,75,43,82,19
86,72,40,16,70
49,88,5,7,27
71,37,69,61,14
88,57,53,27,14
36,68,85,59,58
6,66,14,23,2
49,27,16,37,30
31,81,40,48,76
71,3,23,35,25
88,51,6,7,8
60,32,37,68,2
11,42,45,5,24
10,28,2,28,82
85,56,30,16,74
25,14,32,11,55
18,50,10,55,67
35,84,0,39,31
42,16,78,32,60
43,67,15,4,29
16,0,24,39,60
59,47,79,0,25
85,17,71,87,29
5,79,7,2,27
57,36,51,6,72
12,41,66,9,78
9,61,58,77,21
22,24,55,68,46
2,12,59,57,35
79,51,34,75,74
67,68,87,18,33
13,37,23,56,6
65,76,56,50,9
40,78,50,2,65
34,68,29,27,59
68,66,69,42,46
72,80,87,29,34
56,79,73,14,87
64,46,88,56,81
51,2,28,16,8
8,83,74,74,67
5,89,33,4,17
54,45,73,89,49
64,60,6,88,70
81,80,20,36,9
13,3,29,47,12
16,31,71,49,8
17,66,47,24,86
9,21,26,25,26
21,13,40,69,37
36,3,71,19,0
15,29,33,75,69
60,51,87,38,70
32,66,33,33,70
35,11,85,19,64
67,30,77,0,18
24,66,21,4,52
76,12,18,3,47
37,56,72,43,35
12,63,47,43,85
24,49,56,9,26
1,82,71,88,77
85,12,73,33,52
27,52,51,17,82
88,33,37,66,26
61,49,63,18,71
19,41,36,80,53
51,70,76,56,31
18,11,67,15,64
3,66,4,25,23
45,48,87,10,20
69,3,60,80,79
2,89,24,81,15
44,5,43,62,16
69,80,76,85,7
15,51,20,43,32
82,41,10,15,83
51,3,87,79,38
74,88,1,88,30
64,88,70,65,33
63,70,30,71,38
76,67,32,18,25
12,77,29,15,89
59,77,29,57,85
60,17,74,5,5
59,61,9,51,63
73,36,83,50,16
14,4,23,25,70
24,34,46,53,58
13,75,53,21,28
31,72,44,8,9
62,2,75,82,5
65,3,89,22,29
11,27,24,26,70
42,58,23,45,28
60,79,23,57,63
80,89,80,30,6
1,26,66,27,10
23,73,40,41,14
81,81,68,82,46
13,63,4,32,10
2,73,57,17,25
89,86,5,78,62
17,23,12,12,14
76,62,49,18,48
31,64,59,25,40
18,47,27,23,24
7,16,78,64,86
0,63,35,13,67
54,66,20,36,85
2,23,74,43,63
54,2,30,19,62
48,51,81,33,7
4,82,51,59,42
80,69,62,67,36
48,20,5,46,61
31,7,17,53,44
81,24,0,43,9
46,81,23,67,80
49,81,31,44,37
78,89,32,75,56
21,80,56,51,3
40,44,87,73,30
82,4,38,31,54
17,40,53,45,33
27,76,20,57,72
78,74,88,4,47
88,7,33,85,55
83,89,78,33,13
72,28,43,0,1
10,77,45,40,15
86,44,10,74,59
14,83,37,61,29
58,20,45,72,31
45,13,3,26,25
40,51,40,86,89
64,26,35,45,14
89,57,30,19,78
89,71,24,39,53
30,32,30,0,75
10,39,8,61,81
68,65,1,4,52
19,76,65,27,37
86,34,75,40,75
46,46,61,26,77
30,24,48,31,65
54,67,88,39,75
56,1,12,79,32
29,3,23,14,55
88,68,57,72,54
13,53,13,79,14
1,52,35,2,5
43,14,10,28,49
43,31,47,51,83
84,67,26,59,18
74,50,4,86,28
86,89,73,49,37
8,64,57,70,80
74,81,84,85,62
69,80,5,14,33
37,10,27,40,3
28,55,65,15,10
0,60,20,1,0
81,81,1,62,58
67,72,59,71,43
66,85,40,21,30
2,59,9,60,24
16,29,54,59,84
23,37,8,34,59
12,51,62,14,8
80,89,6,59,9
65,18,3,52,31
27,36,75,47,70
12,0,31,24,39
6,20,78,38,53
65,1,54,57,45
66,60,86,81,69
9,64,16,26,10
84,77,5,61,43
43,4,18,14,73
29,19,12,51,53
85,17,30,68,84
50,29,82,70,86
52,42,46,51,7
69,16,44,38,68
26,25,19,23,10
14,52,8,82,46
20,2,6,44,69
39,56,18,14,4
81,47,61,16,14
16,36,17,51,59
50,84,89,44,58
52,33,40,45,79
9,8,85,23,23
40,80,62,34,79
40,83,79,88,60
45,0,40,39,65
59,81,24,77,9
31,78,6,68,16
31,12,88,85,43
1,6,59,21,5
69,74,63,55,47
38,37,2,89,89
63,38,78,46,32
39,41,16,74,45
70,29,31,5,82
14,6,84,12,46
22,24,5,17,28
74,70,75,38,19
31,8,34,11,61
46,81,77,73,85
56,75,44,69,14
35,5,70,81,77
50,89,19,52,79
63,87,58,45,82
41,12,18,46,54
57,1,89,33,53
65,44,50,66,55
4,49,25,75,79
80,33,87,18,68
59,41,48,24,76
52,59,52,85,1
10,37,57,68,29
66,69,9,70,51
28,70,6,87,50
67,55,53,79,35
65,80,9,64,63
63,11,71,16,0
54,55,5,87,69
82,69,69,53,5
65,61,34,2,78
13,62,33,38,20
0,47,4,10,4
84,32,5,58,1
41,2,13,18,88
34,87,64,84,4
81,70,60,36,87
77,82,1,32,64
76,21,15,60,36
83,49,25,53,67
42,70,69,7,25
57,75,8,7,6
39,88,28,51,13
14,13,50,16,83
70,3,7,70,58
84,52,40,51,9
42,80,27,53,44
67,8,73,4,60
10,37,78,28,61
16,26,41,70,88
77,27,48,54,64
20,43,58,42,50
42,76,27,67,65
87,77,71,41,66
71,16,84,65,4
50,82,2,84,87
34,7,41,42,78
20,52,86,7,33
33,85,81,55,18
33,9,49,82,27
77,11,43,53,81
17,7,89,81,3
21,13,80,50,42
83,3,66,23,4
72,58,75,67,51
41,23,9,57,23
36,83,63,23,9
3,53,0,2,31
72,31,76,87,87
54,62,17,38,1
63,32,60,71,63
47,4,24,62,4
1,49,87,4,14
63,75,85,63,71
55,70,24,57,75
58,57,41,70,62
50,40,46,14,17
63,56,37,15,45
21,78,65,65,7
6,63,26,9,41
46,52,55,81,38
37,16,62,15,69
10,53,55,58,78
33,31,75,39,51
17,72,24,70,17
29,32,0,41,41
54,48,0,28,32
70,86,71,48,53
80,62,12,40,10
72,34,68,18,27
37,89,0,2,50
24,5,23,28,86
89,22,67,16,81
51,36,0,24,59
18,79,11,85,32
24,45,70,64,64
0,50,77,55,79
21,69,58,76,30
55,58,17,58,42
22,61,63,51,65
68,88,73,9,2
14,22,29,19,34
17,84,83,81,70
32,8,83,57,46
32,69,52,68,11
33,74,33,65,57
88,25,27,57,33
68,78,53,76,87
13,58,72,86,42
87,21,47,36,13
67,81,17,65,58
62,55,38,12,45
12,63,10,58,81
76,61,89,27,87
89,80,5,31,12
55,83,64,21,30
30,17,6,78,18
24,16,27,1,21
65,46,22,15,42
11,30,2,33,81
62,80,3,87,8
57,22,41,74,18
39,88,64,81,46
64,72,20,78,38
57,5,34,37,49
57,54,66,65,89
10,52,13,50,5
60,2,33,1,57
66,85,11,32,64
52,35,35,64,65
55,14,17,37,3
38,5,81,78,78
55,73,63,19,33
61,18,49,29,32
31,80,16,57,7
55,54,22,18,86
12,69,30,77,16
27,12,9,40,11
36,16,51,87,12
9,20,73,25,48
43,3,28,16,61
65,75,2,23,42
45,29,17,2,55
42,82,13,79,72
87,68,82,34,42
48,40,42,50,5
29,53,49,76,24
89,64,87,67,77
87,66,77,53,4
16,60,79,44,22
56,2,22,57,2
54,50,30,4,45
27,35,60,71,9
57,10,80,64,50
57,9,45,21,11
85,52,61,26,19
54,39,44,45,80
59,14,41,46,4
88,59,50,65,1
47,37,62,30,3
33,68,5,36,39
82,27,27,1,38
7,52,13,13,75
48,25,31,41,80
76,7,37,76,87
14,84,68,13,67
14,8,87,63,50
41,41,7,6,82
32,62,20,56,37
19,11,60,49,9
49,48,88,37,50
53,33,50,25,67
3,21,36,18,65
10,34,62,89,39
4,16,9,40,58
45,13,43,9,58
89,34,68,80,40
58,77,24,55,75
79,59,18,82,65
24,30,61,20,68
13,40,27,2,23
38,69,62,24,83
44,77,2,71,86
82,34,85,64,31
18,24,62,87,49
79,9,51,81,84
71,10,29,64,14
34,46,10,61,11
59,51,81,80,7
21,65,75,72,75
25,61,21,80,26
51,23,86,86,76
39,26,18,53,72
74,11,65,16,60
28,29,28,77,33
45,58,9,80,5
49,12,61,2,21
2,35,44,23,89
45,23,12,27,64
37,4,40,34,23
77,62,32,62,40
30,55,20,18,16
12,36,46,53,42
29,13,59,47,89
1,47,32,6,72
83,78,89,22,72
83,27,38,37,55
89,89,73,47,86
40,49,74,47,11
20,22,41,63,49
29,44,88,78,0
57,49,11,59,27
27,16,65,51,72
85,59,84,10,87
20,75,34,26,13
7,15,3,29,17
42,36,4,22,65
2,57,45,71,20
1,40,3,80,41
3,50,30,70,4
29,59,55,9,79
20,74,79,29,15
63,70,73,59,54
25,64,36,38,40
85,58,24,11,26
60,41,89,1,74
22,4,24,43,40
21,12,81,59,4
72,74,54,6,61
21,54,20,7,57
53,76,8,54,72
43,40,57,39,24
65,72,23,63,13
6,2,68,83,57
42,56,64,54,35
86,36,57,19,22
5,52,27,23,89
39,54,81,14,70
87,57,47,8,5
22,19,40,16,49
27,74,28,71,13
76,10,12,87,17
36,19,42,82,84
82,12,62,61,38
19,0,68,17,13
5,52,26,46,11
37,81,62,62,85
88,81,76,69,11
65,52,58,35,65
37,16,69,42,76
63,10,77,37,65
1,56,33,31,70
1,20,4,3,61
52,22,36,48,51
53,7,9,84,3
79,54,29,76,5
6,44,14,89,8
17,0,82,57,62
1,38,77,31,85
88,41,30,69,82
74,73,71,19,28
54,15,82,83,14
89,45,26,52,70
16,17,79,13,5
55,82,41,17,53
37,56,27,87,6
24,84,37,59,76
60,42,14,24,76
70,50,27,69,8
79,25,85,40,88
25,41,23,67,71
51,51,57,83,43
86,80,80,11,15
16,50,76,79,16
18,51,87,72,35
88,84,64,66,21
25,59,38,46,16
77,15,48,33,64
49,82,41,53,14
76,45,27,55,30
15,87,7,9,6
42,34,25,39,53
8,11,8,55,36
69,80,11,53,12
18,48,38,78,19
81,14,16,17,69
58,74,61,21,89
44,14,2,84,79
61,47,72,47,61
11,75,59,81,54
23,85,31,63,72
55,24,13,41,45
9,52,4,42,74
40,39,45,45,41
66,43,52,46,55
30,17,69,75,88
64,47,40,44,0
13,56,59,77,81
21,18,74,82,60
35,87,81,55,8
84,7,39,75,59
48,54,65,45,87
84,83,78,0,49
29,58,6,19,78
38,8,40,22,34
39,34,29,22,28
73,76,74,49,60
9,21,8,10,82
6,59,37,40,28
69,41,28,69,55
1,40,33,62,20
14,78,54,45,68
13,59,82,15,8
83,36,48,15,69
67,2,15,45,26
11,1,78,22,17
45,63,56,42,3
2,50,79,36,33
66,27,77,64,70
39,12,84,40,45
24,70,50,59,82
32,18,15,41,31
81,78,49,72,64
2,9,84,36,42
48,25,63,18,37
49,9,47,49,10
41,81,36,5,74
83,12,1,40,74
18,41,67,47,29
26,78,25,66,25
53,18,62,70,37
9,65,49,51,75
72,3,7,1,31
65,32,3,34,59
38,89,89,33,29
42,39,52,10,64
88,78,61,9,63
44,54,41,74,63
8,25,56,85,39
46,23,86,85,30
48,52,30,56,85
52,31,39,3,62
26,52,56,26,81
9,84,45,75,89
39,50,68,34,5
52,87,35,7,0
41,46,47,0,10
60,29,57,5,34
25,86,85,18,7
25,10,25,6,59
43,72,84,45,34
67,88,5,74,57
19,72,21,22,26
62,69,51,34,82
84,21,40,63,9
51,87,14,3,75
8,67,11,36,22
24,26,77,44,35
78,9,57,13,28
79,82,45,46,21
40,34,51,61,40
25,46,39,77,22
1,65,34,17,50
25,55,26,14,87
44,17,80,22,81
35,40,29,88,5
15,9,0,70,83
40,70,54,37,79
8,66,86,47,67
88,30,27,28,34
80,76,85,24,77
53,54,62,20,75
15,8,30,58,88
85,76,1,79,49
26,83,5,42,23
2,24,75,16,71
25,75,56,14,87
80,85,50,47,16
53,2,36,31,51
6,15,40,76,58
89,52,57,44,13
14,6,24,7,64
9,57,31,73,33
57,86,44,10,37
46,65,17,29,8
84,64,30,2,73
44,66,64,53,69
43,46,51,67,57
6,51,13,34,9
46,85,3,72,88
17,38,63,7,81
39,60,50,72,73
42,78,59,1,49
31,48,46,11,47
48,48,35,42,38
9,80,6,31,78
26,31,68,4,13
48,41,82,73,21
44,58,48,43,63
34,87,12,72,85
82,28,38,9,10
40,25,32,52,25
38,32,54,57,28
84,8,11,6,2
23,41,28,71,83
45,22,15,78,80
7,62,55,67,16
86,18,77,40,87
80,43,56,55,48
72,3,55,89,20
68,42,17,37,17
50,57,18,9,37
18,9,15,35,64
63,17,44,86,8
84,72,50,44,7
69,3,38,13,45
37,61,63,27,89
20,27,79,68,71
0,41,76,38,29
44,79,24,64,33
34,78,36,61,87
13,61,75,0,76
74,38,77,9,3
34,58,75,79,5
59,47,59,88,26
79,12,11,5,79
14,13,52,10,83
71,22,51,19,23
52,30,80,81,32
38,81,6,10,10
39,51,20,31,4
24,36,33,12,25
44,26,44,29,8
34,25,0,11,78
36,57,40,20,71
40,28,57,88,25
25,76,3,69,34
40,85,73,87,11
56,37,5,68,77
16,5,37,59,27
24,63,15,25,78
41,43,29,25,26
7,1,40,48,4
4,28,4,1,87
47,41,52,82,31
19,40,84,11,10
64,75,63,74,49
89,21,42,59,60
22,13,49,20,72
66,11,45,37,41
82,35,61,41,30
50,63,77,48,14
53,24,32,67,52
50,80,62,29,8
37,52,46,16,49
34,44,89,78,80
25,29,86,41,37
6,28,11,76,4
54,52,0,53,55
62,10,19,67,15
53,56,84,70,35
8,76,85,34,80
71,51,59,69,29
44,56,74,75,6
52,26,56,19,71
61,62,68,81,80
72,23,52,31,59
35,62,5,56,30
2,12,63,26,59
53,58,34,30,82
31,87,57,67,40
11,74,56,0,75
67,27,66,81,30
86,52,55,54,22
20,79,72,88,17
21,68,67,42,50
77,43,19,2,73
28,45,65,72,9
80,78,75,80,22
1,39,66,45,45
81,8,41,35,74
81,22,85,31,8
65,46,62,76,21
16,9,57,83,16
2,86,29,11,69
23,71,8,54,44
29,28,57,82,22
11,83,7,23,10
59,80,66,75,81
63,59,64,55,84
0,46,61,31,85
60,25,10,82,85
66,49,83,31,47
15,47,7,8,40
16,8,65,73,70
29,39,11,39,45
19,17,9,36,78
23,77,25,13,62
55,76,78,88,18
5,85,80,21,47
82,80,82,4,66
40,35,30,27,6
54,67,14,7,34
31,71,52,27,6
40,79,64,9,68
7,67,30,9,17
58,76,84,73,86
40,4,34,78,85
32,61,78,58,28
2,8,83,80,3
38,25,68,65,75
20,5,54,26,14
52,83,25,8,82
30,30,9,39,82
75,28,30,34,60
37,3,2,68,82
59,22,64,71,51
45,31,53,67,9
68,71,23,1,38
7,82,80,74,72
69,63,88,83,74
12,6,45,11,68
36,76,6,25,65
85,68,78,67,63
6,80,42,68,36
70,70,80,28,71
6,40,10,47,89
73,52,30,36,77
43,63,79,28,62
62,28,2,13,3
45,46,83,39,30
78,63,28,3,9
12,17,17,74,9
78,29,18,72,6
76,76,48,55,26
15,11,57,50,28
37,50,42,63,15
52,9,43,12,21
46,26,38,32,48
35,11,67,49,84
62,88,71,43,71
61,8,85,51,69
41,42,34,84,9
38,37,28,26,26
21,52,85,27,10
31,42,62,54,82
67,50,19,70,13
8,62,37,9,24
41,59,45,15,81
1,57,53,61,35
51,30,63,46,60
33,45,84,28,54
50,13,64,78,52
35,31,77,29,0
70,66,37,25,76
87,20,12,22,73
64,19,77,85,18
21,37,26,8,64
19,86,48,61,1
40,61,38,52,60
71,72,89,6,29
23,61,66,76,30
20,47,53,65,31
18,5,31,56,50
84,49,83,22,6
4,25,82,7,89
23,40,63,84,73
23,29,12,5,81
20,46,55,10,77
50,43,60,3,73
62,5,58,7,58
70,76,88,14,15
53,6,60,68,53
63,63,11,54,34
85,49,40,71,50
27,1,48,36,75
39,23,21,33,52
60,50,32,27,4
1,38,18,69,65
79,1,25,84,17
49,25,36,70,22
84,68,11,40,42
70,67,45,33,10
58,83,78,48,4
15,19,57,72,30
1,50,11,2,10
9,30,45,16,43
6,77,1,69,86
33,2,25,65,45
31,56,60,27,52
41,82,62,87,64
25,76,29,6,42
78,85,85,48,37
71,6,44,39,42
80,16,69,39,72
57,38,61,38,19
76,78,49,15,53
61,61,84,12,74
55,32,37,14,75
57,37,40,75,42
49,8,21,44,83
54,62,27,89,79
15,20,3,13,19
85,85,72,3,29
72,72,4,29,58
2,2,14,19,40
53,42,69,56,13
88,24,76,31,25
57,31,19,17,79
59,86,55,14,49
33,30,3,7,61
17,55,68,80,76
65,55,55,82,24
33,81,32,50,35
17,18,69,6,84
79,62,51,14,31
9,50,74,5,34
50,80,72,58,54
57,85,30,79,46
8,79,20,23,27
71,62,72,12,43
19,25,24,14,46
60,2,79,62,71
39,29,85,28,25
71,28,76,39,22
71,42,55,54,51
46,24,55,14,45
5,16,70,79,31
76,69,50,33,58
23,55,88,5,22
76,26,65,50,75
60,50,77,70,66
26,88,60,13,82
86,85,2,78,62
59,81,62,64,17
46,72,64,32,69
33,52,52,69,46
49,20,44,5,73
62,79,60,5,82
21,68,86,8,10
6,17,39,69,14
78,47,42,8,28
11,17,10,11,1
29,14,55,39,74
20,43,54,38,2
30,40,4,19,74
75,66,19,74,5
80,85,58,52,50
70,4,79,20,18
19,24,26,65,88
5,84,32,25,37
26,66,16,53,26
1,53,73,69,76
31,67,63,32,74
41,82,8,65,84
62,13,62,64,66
82,72,83,39,87
41,53,52,31,74
12,40,54,12,6
14,77,28,9,83
21,37,16,45,26
28,27,19,36,66
39,85,5,27,5
17,22,65,37,30
9,14,74,61,85
20,54,71,83,25
63,39,65,29,9
19,15,55,34,34
4,4,71,8,22
87,83,31,7,20
36,33,30,1,76
78,39,9,36,56
0,63,74,57,45
88,79,89,85,37
52,33,89,6,21
68,77,56,27,74
36,70,43,61,8
53,24,5,15,0
2,87,82,27,72
49,81,48,0,74
52,37,85,83,9
30,51,48,8,2
18,8,22,70,33
84,32,39,15,9
38,89,14,73,78
75,24,82,62,46
64,37,31,25,30
22,32,82,0,58
73,13,33,33,21
50,40,14,84,26
42,73,38,83,82
89,3,51,65,8
13,65,59,79,87
87,18,52,85,80
82,14,12,54,24
12,82,76,84,15
30,37,13,23,71
70,81,10,45,69
85,56,48,12,49
32,32,39,2,34
54,55,17,9,61
84,59,78,59,25
71,76,14,36,54
12,18,39,85,83
87,16,35,39,68
56,45,32,83,29
89,6,31,83,57
10,37,69,21,29
6,47,82,51,36
19,27,89,67,59
50,19,65,1,52
6,76,26,81,78
45,23,7,75,8
21,86,49,38,59
68,38,70,54,60
82,13,2,29,43
55,44,75,5,82
15,62,32,43,57
46,5,13,42,76
47,9,5,10,35
68,62,64,62,37
34,80,87,76,44
34,24,23,86,58
83,29,2,47,73
48,0,32,81,66
30,87,21,74,64
34,73,80,69,65
59,81,45,39,63
13,27,84,11,42
37,89,56,85,51
39,20,65,6,40
70,34,63,1,34
84,76,20,78,7
40,80,34,33,2
39,89,54,24,78
41,72,36,10,21
83,34,62,84,36
10,81,13,35,27
46,60,47,44,33
34,46,20,33,76
33,76,18,54,69
7,86,83,75,41
58,52,15,36,7
76,80,6,80,48
82,38,83,65,73
88,85,78,14,54
15,67,46,54,13
41,64,0,16,73
39,37,44,18,11
60,5,51,64,62
70,5,17,59,71
33,1,23,19,89
18,88,17,17,61
9,41,21,60,49
37,87,72,12,77
76,77,30,0,37
30,83,74,57,21
13,50,75,23,79
79,41,3,79,37
89,76,40,81,31
18,78,80,0,45
48,85,76,17,35
14,10,29,36,46
1,55,21,69,16
11,28,55,10,85
54,52,79,54,87
22,80,12,55,61
74,31,38,11,52
87,56,34,5,8
86,36,23,67,46
38,77,25,87,73
13,26,7,63,30
50,50,24,31,53
81,80,63,29,85
23,58,48,16,44
24,32,40,49,26
39,8,88,26,85
83,87,78,32,5
32,61,23,22,59
77,72,64,31,79
67,87,43,3,40
22,80,37,65,44
4,28,32,72,18
54,35,58,42,56
58,0,33,89,35
75,54,31,14,30
55,48,50,53,48
16,64,37,72,48
47,67,57,72,54
80,10,56,89,44
59,47,12,85,54
18,50,44,85,25
60,51,69,47,35
67,33,22,38,63
38,59,58,48,64
68,86,18,18,14
29,27,41,56,34
12,27,59,32,77
5,58,31,48,87
69,44,63,42,12
58,86,54,17,32
67,18,19,50,42
10,7,54,89,71
75,39,89,18,67
29,22,17,68,57
77,67,40,40,49
69,66,53,52,13
15,47,47,2,52
50,35,43,73,20
78,19,89,33,11
57,29,72,83,10
16,63,64,42,28
9,54,67,54,77
23,74,47,52,13
39,66,31,31,66
21,69,30,61,40
19,59,29,16,56
58,25,5,59,2
11,5,48,14,41
83,63,84,61,1
45,33,57,78,84
46,12,31,15,29
20,66,5,70,69
74,0,21,55,75
27,49,3,82,69
29,36,29,52,19
22,0,39,28,70
7,64,7,0,34
46,87,8,9,43
66,80,32,80,18
38,24,84,39,39
7,18,37,35,12
6,82,52,15,41
34,11,19,58,39
25,8,20,36,87
13,66,88,73,24
86,38,61,39,67
30,67,19,26,53
15,52,69,4,85
12,65,69,1,63
1,21,75,70,78
5,40,54,85,39
57,81,73,4,26
28,46,3,39,4
68,8,66,18,42
82,27,32,16,29
68,82,31,85,19
24,73,53,58,43
44,87,63,21,10
78,89,47,70,32
58,0,42,18,28
64,41,53,59,66
57,52,12,29,67
9,32,1,66,11
75,27,19,8,28
48,11,45,18,67
88,53,79,78,4
44,85,39,78,32
54,2,75,31,54
2,5,42,21,8
52,62,88,62,42
8,59,54,53,80
38,77,89,9,74
21,20,24,88,72
60,30,46,57,40
34,65,0,84,30
81,43,8,18,34
59,7,52,71,73
36,23,4,80,25
66,25,75,6,28
52,48,33,1,76
33,54,77,28,81
29,85,62,31,19
18,88,55,33,12
39,51,46,28,13
89,44,30,38,34
15,78,2,80,69
59,39,4,31,39
82,10,17,67,23
87,17,74,57,23
1,6,89,51,69
12,15,52,87,72
73,27,19,29,22
55,59,27,31,82
34,24,45,61,46
45,55,35,50,85
6,10,4,68,45
6,84,85,16,18
80,27,21,46,34
75,1,18,58,42
6,11,89,35,23
85,15,13,35,32
13,84,4,49,40
47,37,10,85,23
81,62,8,17,23
79,19,33,40,20
6,24,17,33,43
13,67,37,34,54
87,64,28,51,75
47,20,60,61,66
47,83,88,65,85
74,43,62,62,39
75,12,32,20,89
12,53,84,69,3
52,26,0,1,81
45,57,87,43,86
3,79,48,0,39
70,67,30,82,25
69,83,5,72,6
17,33,15,43,5
13,3,79,39,77
60,76,20,27,80
35,33,34,10,48
83,83,49,58,15
81,48,65,60,58
24,10,60,32,87
47,32,41,67,56
12,81,1,48,25
55,34,6,53,21
3,30,1,68,25
13,72,35,62,75
29,12,78,2,26
31,89,29,48,81
16,74,17,12,42
84,9,74,85,53
44,20,25,13,11
67,61,62,49,26
61,40,17,62,67
56,46,67,59,43
85,76,60,53,54
85,32,85,26,19
19,76,7,53,47
11,80,43,0,47
73,1,70,61,49
64,27,75,31,89
12,6,5,68,26
78,56,69,55,37
89,39,1,21,66
70,63,65,20,33
23,87,34,17,5
23,22,10,87,40
51,11,20,27,84
87,44,38,30,33
87,48,55,79,49
20,81,46,11,51
63,18,58,40,5
24,35,44,34,40
64,39,67,18,86
65,52,55,0,44
10,31,51,62,26
35,4,41,27,50
84,55,14,58,57
28,25,29,5,68
77,47,83,58,7
63,46,0,21,28
53,58,0,0,23
5,85,31,21,72
3,22,35,71,13
36,4,81,2,0
14,69,57,45,74
56,25,13,32,23
21,73,77,74,74
68,58,39,17,57
27,22,28,87,83
65,43,19,54,10
21,53,25,63,42
74,86,10,39,1
63,14,52,15,45
41,84,21,38,32
89,65,79,57,44
45,40,59,57,83
57,11,10,21,70
88,22,13,15,67
53,65,0,48,76
22,24,0,71,2
72,87,0,73,67
5,72,51,34,89
89,48,45,5,85
34,17,12,81,34
51,7,5,46,18
69,26,24,8,20
88,84,0,66,22
60,16,53,30,16
22,13,32,69,41
76,19,4,21,13
85,31,67,44,48
55,42,30,70,41
22,29,89,21,89
14,35,72,87,88
47,61,63,89,70
74,27,70,33,5
86,79,23,20,32
64,7,6,46,60
29,15,1,28,47
83,67,49,1,47
49,47,61,57,68
63,3,0,46,44
47,5,19,52,66
28,29,72,43,72
52,55,74,63,12
25,7,23,87,4
43,14,77,64,39
13,64,1,68,86
5,89,61,29,74
84,38,39,59,52
2,25,49,79,14
16,44,27,52,53
35,1,32,20,37
50,12,73,11,24
28,82,69,51,59
1,25,56,12,75
5,67,16,0,35
2,22,70,1,49
52,53,10,8,21
20,53,34,36,4
5,79,20,55,54
84,78,24,78,45
26,55,50,35,52
44,18,24,57,77
30,12,42,31,60
76,78,71,37,35
6,54,17,52,43
5,1,86,1,11
31,20,13,78,12
77,9,11,44,74
16,25,73,55,76
37,85,19,32,11
69,45,76,62,45
87,17,31,14,77
84,44,5,35,29
59,42,73,84,19
17,36,22,7,43
63,13,69,53,3
20,68,46,19,39
80,83,1,25,21
79,56,14,18,6
57,71,29,29,22
26,53,56,69,62
42,78,62,65,47
67,57,12,70,15
84,39,80,79,6
48,47,13,17,42
63,2,49,69,58
7,39,37,46,49
2,17,13,40,49
23,59,0,44,58
27,7,37,63,22
26,76,21,87,9
64,89,43,79,42
33,48,47,20,79
31,15,76,62,70
26,67,33,72,75
3,65,23,37,69
15,45,5,43,27
45,84,0,42,31
50,51,48,85,89
88,85,51,54,56
86,9,78,87,63
64,60,64,42,40
18,81,38,9,57
40,6,48,5,0
63,9,15,4,37
69,73,89,35,88
83,12,49,50,89
38,81,24,45,51
47,80,36,1,33
33,2,56,55,61
82,88,17,76,61
56,62,64,13,88
18,69,4,18,39
24,67,64,84,46
11,58,40,25,17
44,49,44,35,17
10,83,38,24,1
29,88,75,43,72
63,70,30,78,16
63,13,7,5,69
26,11,87,38,72
59,74,15,20,38
62,83,11,56,89
44,23,27,27,14
26,14,7,28,87
66,3,84,83,50
50,80,7,7,25
41,61,60,30,32
52,23,29,10,82
37,7,82,47,5
22,22,3,13,18
4,71,28,38,66
86,21,80,37,66
42,63,12,8,43
52,6,23,20,75
59,36,23,26,75
60,67,75,70,39
79,77,74,89,86
46,72,54,4,87
11,78,11,26,58
1,12,64,56,30
20,26,74,29,20
27,27,1,79,46
40,18,44,65,42
55,80,47,20,46
25,4,16,52,38
50,85,84,15,47
40,21,78,3,37
21,30,63,51,18
89,65,11,58,3
78,82,51,85,37
28,12,81,5,0
79,41,76,17,40
66,51,47,37,9
55,69,81,41,8
36,53,45,58,12
50,51,49,3,30
2,5,9,81,23
56,27,43,16,16
18,48,15,30,56
79,74,6,56,65
75,7,57,77,23
31,51,12,28,49
33,41,66,67,59
39,70,4,89,40
59,14,76,7,51
32,13,58,81,4
71,45,65,8,64
65,1,52,89,25
83,32,14,30,73
24,5,20,82,7
69,52,47,37,24
65,8,62,83,22
31,14,5,57,49
47,55,5,73,15
82,40,41,20,5
34,63,52,16,72
56,31,16,16,65
55,80,18,70,76
28,60,19,14,64
16,41,89,88,34
81,48,7,64,71
72,57,25,39,75
55,36,5,43,35
48,16,87,85,47
51,79,11,69,89
34,9,16,74,81
86,21,73,54,0
41,77,35,40,71
52,23,69,10,64
10,37,69,34,14
1,74,5,84,82
39,78,51,50,13
43,20,54,58,76
68,83,70,50,9
31,48,40,64,11
86,58,16,8,44
45,48,54,74,68
62,20,63,11,41
24,9,49,84,86
81,32,31,67,32
35,87,55,15,11
25,78,59,57,5
34,14,7,80,44
33,3,62,17,69
76,47,46,53,2
52,51,68,14,0
11,78,52,40,32
59,39,62,47,65
41,43,37,41,55
25,48,87,56,22
11,84,57,51,83
19,3,77,79,49
51,2,30,17,37
59,35,42,11,65
61,37,12,39,29
4,5,81,26,72
57,60,15,85,2
13,7,79,24,31
8,63,23,45,12
11,14,15,6,76
82,87,44,22,38
40,85,49,37,67
70,71,22,40,7
88,52,4,62,31
33,37,86,84,60
5,12,3,79,20
78,35,82,27,20
79,46,21,88,27
20,77,81,75,45
14,52,70,85,47
11,45,32,28,73
52,44,13,88,87
26,8,26,75,16
13,12,52,86,51
75,65,64,73,76
44,26,65,44,78
73,68,29,37,66
86,70,83,74,35
21,43,51,64,55
7,13,78,0,28
39,85,67,32,13
83,25,11,18,33
5,47,88,64,8
21,34,71,28,35
5,72,33,77,49
9,43,22,45,33
84,57,78,13,26
45,81,73,85,65
37,5,74,40,10
84,73,24,50,21
77,69,43,38,22
64,9,78,44,63
75,3,13,19,4
64,53,19,73,66
86,46,6,86,85
22,55,56,38,82
0,52,61,48,81
62,61,10,53,72
56,37,29,89,58
66,77,56,87,70
89,33,55,84,55
22,3,26,34,16
62,67,74,42,57
86,60,18,17,30
48,35,7,34,32
88,24,87,86,32
70,64,3,28,45
32,32,39,57,42
69,69,59,38,0
64,63,47,52,51
60,41,32,16,29
4,2,29,29,25
16,81,16,20,16
67,71,57,7,7
63,42,24,68,61
43,81,16,18,17
57,86,60,39,58
89,67,62,71,45
11,50,62,3,61
88,62,61,73,56
21,50,70,1,78
57,40,41,9,34
69,87,84,79,17
23,11,58,80,22
59,87,12,32,5
57,22,1,51,14
29,89,55,60,56
0,67,70,6,12
13,6,19,16,0
81,17,66,44,67
43,62,41,81,86
37,55,80,6,71
83,33,1,75,81
49,87,47,6,74
77,44,80,28,81
29,40,70,58,53
89,52,72,7,73
41,28,13,13,26
17,37,80,16,12
53,85,46,82,22
57,64,16,1,24
32,74,25,74,13
6,27,88,44,12
87,62,46,78,74
42,66,46,30,30
48,88,40,19,1
14,20,9,23,86
79,63,42,80,11
51,71,52,14,14
42,34,62,79,22
42,34,62,20,64
10,19,75,0,76
71,57,53,0,82
83,55,76,33,6
35,86,48,53,8
53,39,19,5,89
29,19,63,22,40
75,66,48,3,76
5,25,31,13,62
66,28,47,32,42
65,39,29,22,79
8,57,15,33,59
34,64,79,50,20
66,40,13,47,86
1,6,76,39,41
49,55,51,48,47
34,50,20,62,66
83,18,21,19,82
40,43,29,63,44
53,34,8,49,34
77,37,86,65,44
50,68,56,80,85
65,34,64,45,72
8,56,33,53,82
23,19,53,31,59
55,81,28,52,38
70,2,32,71,40
74,66,4,60,9
51,79,83,6,46
31,70,59,49,86
58,55,88,3,35
66,68,36,71,32
36,88,8,10,13
32,10,14,31,50
36,73,9,64,49
44,32,54,86,71
71,5,19,30,16
17,22,71,18,38
64,52,22,40,9
27,1,73,63,17
55,86,25,41,51
18,34,11,26,70
13,24,86,22,29
10,7,70,2,6
1,5,78,26,88
26,67,80,21,5
51,31,41,38,22
86,23,85,78,4
39,56,37,61,74
19,24,22,71,76
5,33,53,71,8
37,62,85,10,51
24,62,48,13,73
30,52,49,1,80
62,19,17,5,73
74,6,57,41,43
26,81,87,87,24
61,32,42,9,57
73,56,6,85,29
76,7,57,45,80
39,85,1,51,63
28,77,49,31,14
69,69,26,11,89
62,7,51,64,50
47,68,57,1,85
61,57,0,21,7
9,76,7,10,11
69,8,64,87,11
84,7,23,4,31
67,31,58,72,55
19,10,51,47,61
62,1,68,22,26
61,31,38,84,85
39,46,72,82,33
17,33,74,64,85
26,75,31,74,42
88,19,75,25,58
42,53,4,10,2
33,6,17,47,77
25,32,84,55,43
44,39,87,56,4
47,51,72,86,70
68,49,67,23,36
0,85,5,21,6
49,52,58,81,78
10,73,26,63,58
72,84,70,4,17
62,88,73,13,17
88,74,19,1,36
71,45,27,5,72
17,83,16,17,84
4,80,42,12,43
70,10,24,39,71
65,25,82,20,47
22,31,45,63,37
85,38,26,19,69
64,37,73,24,0
61,78,13,63,1
54,83,32,78,14
2,49,60,8,89
67,44,9,36,4
39,24,65,51,83
13,18,55,82,15
75,88,78,37,89
71,87,57,13,30
34,20,77,68,76
35,71,66,41,43
56,28,76,18,48
2,63,74,43,44
77,5,66,31,22
62,42,55,2,52
53,37,86,22,76
22,43,23,81,81
48,76,50,62,76
21,62,37,82,4
7,9,78,22,30
84,23,81,55,51
78,65,30,50,48
75,13,30,0,1
48,25,44,53,42
21,5,20,16,12
41,32,69,22,3
82,85,44,76,25
44,18,64,36,53
60,59,76,33,33
30,86,81,45,57
58,5,76,23,54
46,77,40,19,59
8,43,5,21,32
36,79,33,0,57
14,53,87,49,3
55,82,38,10,37
71,0,68,66,30
0,18,0,51,60
44,18,49,45,20
59,0,58,88,7
76,15,27,75,25
74,0,81,54,65
53,87,22,6,50
18,83,14,67,72
28,1,84,18,19
25,34,50,66,4
43,52,2,74,10
19,10,13,1,38
26,57,37,50,88
34,65,4,80,54
74,59,34,41,77
11,4,13,64,86
78,19,58,20,67
46,33,0,9,32
65,52,76,46,38
59,71,66,61,60
2,0,71,74,74
55,46,0,36,84
75,3,3,71,10
23,88,68,89,13
61,15,89,70,24
18,39,28,39,22
64,4,86,61,49
83,73,71,30,32
52,37,6,73,10
57,5,33,81,20
31,71,11,42,21
48,37,40,34,71
81,16,57,30,71
28,57,51,13,74
89,26,61,46,19
73,66,87,66,82
6,22,41,81,68
57,84,70,68,87
48,44,46,12,68
62,5,24,74,41
38,38,26,80,18
85,74,16,61,25
62,14,81,46,52
16,55,8,47,32
21,36,6,76,83
65,41,59,24,25
75,56,33,83,28
79,56,4,0,20
10,29,5,43,15
83,82,79,42,72
19,21,66,37,59
11,16,5,74,47
82,12,79,76,45
12,31,73,34,88
5,71,68,11,68
70,26,0,74,50
35,61,39,15,78
15,57,44,67,23
37,11,44,10,60
9,37,25,76,45
22,51,59,72,72
40,87,28,53,35
10,27,13,46,21
57,34,51,53,62
70,34,22,87,63
24,3,41,15,60
68,45,88,81,69
13,7,81,16,37
50,79,4,46,59
75,25,36,66,28
37,68,56,34,18
67,56,81,27,66
24,87,2,42,4
17,1,45,43,72
29,84,63,37,49
2,14,73,42,13
74,62,30,10,84
84,57,83,65,72
88,9,32,25,39
88,63,23,45,75
49,5,29,68,24
12,41,39,23,28
14,10,83,66,37
88,66,42,44,76
33,48,4,39,83
59,34,7,86,8
71,47,26,69,70
79,17,45,55,85
79,58,20,25,24
69,19,38,41,15
47,66,89,50,8
29,66,73,24,84
47,28,47,39,28
78,76,49,81,56
40,89,34,58,38
7,33,59,89,58
30,8,66,46,12
2,38,57,71,75
42,47,41,43,68
10,70,79,42,73
38,6,69,23,37
25,74,33,49,10
41,18,33,62,35
75,54,11,3,38
86,78,41,86,60
11,57,35,68,54
47,0,70,60,26
23,18,43,87,30
41,9,42,40,67
2,59,18,81,82
4,60,10,7,43
12,37,0,12,76
10,10,88,55,1
14,10,49,52,33
30,24,61,53,76
76,66,22,51,50
40,33,3,39,58
20,16,26,41,1
61,18,16,81,64
0,46,62,47,22
0,43,62,48,66
39,75,24,70,65
80,15,89,75,85
70,5,37,57,22
73,55,71,73,35
66,21,72,44,88
16,3,25,22,51
81,81,29,62,34
25,41,82,67,16
84,42,43,7,52
52,72,29,53,1
22,13,35,30,69
17,6,12,46,10
83,62,25,85,19
75,5,35,64,17
70,73,24,31,53
82,35,59,89,13
89,64,10,2,87
27,67,32,33,53
39,88,64,40,33
53,74,16,26,35
28,23,0,13,79
52,14,76,84,50
50,0,29,8,33
35,68,30,78,6
56,60,27,58,73
30,18,25,5,8
17,41,83,1,10
43,56,44,9,89
8,41,73,42,30
86,34,10,26,67
82,80,7,79,64
29,75,71,22,45
67,83,66,17,38
8,77,36,68,15
72,55,78,16,49
18,74,71,71,63
31,10,65,26,19
13,43,47,4,55
52,68,42,41,12
46,23,35,1,30
82,59,88,83,11
42,53,72,51,40
9,28,71,65,67
12,63,48,47,29
19,79,56,11,37
25,57,47,69,7
12,86,31,23,11
63,32,60,27,38
16,65,60,55,79
69,26,87,45,4
17,75,19,41,2
82,2,65,69,84
1,22,78,35,23
37,46,11,74,42
52,82,48,76,86
57,22,34,14,57
72,85,17,9,79
16,42,81,7,12
34,39,65,83,16
37,41,79,86,66
6,19,22,87,27
69,4,67,2,21
83,47,77,62,5
15,53,29,65,50
59,32,36,89,15
60,62,83,29,49
31,2,18,46,6
85,19,16,56,58
79,83,29,10,50
73,57,87,71,61
30,40,20,64,49
15,35,82,58,37
2,9,10,32,89
3,39,59,7,53
32,58,2,45,10
32,85,12,21,60
71,89,1,45,57
74,87,0,60,56
28,77,7,5,32
0,63,84,41,53
3,21,72,61,29
34,80,26,23,76
32,88,5,43,67
84,40,4,35,30
73,27,18,62,56
75,26,8,64,45
48,78,28,3,5
10,60,65,9,61
43,42,22,80,89
76,38,12,12,35
49,82,56,85,89
78,16,5,28,49
88,70,76,61,81
49,26,26,82,50
71,53,79,20,79
52,4,68,43,49
89,0,66,10,32
44,43,48,79,20
33,26,17,74,50
58,50,56,0,2
79,32,38,3,62
73,10,0,60,75
14,16,28,86,33
49,50,89,30,17
40,86,44,2,27
26,14,47,37,38
6,18,89,36,56
13,3,69,68,42
6,87,65,62,6
0,24,32,86,45
68,43,1,60,50
81,27,30,67,25
53,49,62,69,56
23,7,22,53,72
66,12,29,19,51
28,80,79,6,72
48,44,32,78,21
2,27,68,39,1
18,0,5,16,27
36,16,18,59,70
61,11,24,68,16
65,21,76,53,57
57,35,3,46,0
20,74,16,68,84
77,73,7,20,27
26,43,83,33,22
3,29,12,16,52
9,68,38,72,84
30,31,33,55,63
37,4,54,46,65
30,88,35,89,5
30,60,67,4,3
86,64,39,39,71
85,68,14,13,46
49,85,74,0,81
28,44,14,61,2
25,69,47,28,75
47,69,42,24,4
79,3,68,41,85
8,10,70,45,46
48,67,68,74,86
28,12,19,62,47
11,19,11,87,84
3,65,85,37,77
48,16,35,25,22
47,70,67,74,43
35,72,76,31,62
82,17,15,50,77
69,61,68,86,67
64,74,20,34,21
41,21,51,52,27
52,69,21,72,58
20,86,54,79,67
41,3,78,29,89
18,2,22,69,76
59,20,53,62,17
17,13,16,43,63
89,13,69,54,69
45,74,49,73,79
44,26,26,2,85
34,36,28,58,59
65,8,11,44,17
66,83,18,33,53
12,71,18,67,43
83,18,6,77,14
34,76,51,85,77
14,68,1,32,56
33,39,10,64,49
32,85,35,73,14
38,77,31,68,52
20,51,18,25,37
73,87,63,31,2
13,77,16,80,30
28,16,64,29,10
24,65,55,81,69
3,71,61,68,56
47,38,43,85,58
38,9,42,1,47
50,52,10,54,67
19,38,60,18,80
18,22,53,51,27
4,29,14,15,58
53,57,59,0,28
5,40,87,84,13
73,70,89,88,34
64,62,44,0,15
49,65,12,56,79
30,36,74,11,49
49,50,37,89,56
65,48,20,30,89
2,86,8,34,73
26,61,19,72,5
33,84,40,41,9
88,67,71,20,16
47,36,44,21,85
66,29,75,71,38
3,19,54,22,37
10,53,67,22,53
56,20,63,78,35
4,77,42,63,26
42,47,41,87,35
63,87,86,15,59
45,34,28,33,16
41,49,82,80,56
13,33,86,83,51
41,82,14,24,25
69,46,61,31,60
77,80,83,38,86
89,18,26,41,52
65,52,2,56,24
37,6,13,51,87
42,80,4,74,11
43,86,45,48,89
5,23,64,80,3
25,74,43,59,6
63,5,87,14,39
0,48,54,5,50
64,19,15,54,21
64,40,87,74,17
1,84,8,3,12
48,4,21,23,35
31,0,13,30,34
41,41,86,89,52
20,63,88,6,12
45,72,12,21,11
49,57,52,38,64
30,85,83,57,8
40,49,54,76,65
66,40,89,64,1
77,76,37,11,15
22,39,27,42,65
85,79,24,63,82
86,9,11,52,68
13,30,6,5,12
32,28,3,11,11
7,38,35,79,47
65,89,23,78,79
35,59,19,83,47
54,1,76,33,2
13,49,59,44,75
54,24,74,22,11
63,56,21,16,4
72,47,23,31,78
37,56,51,84,66
20,1,32,46,74
73,63,65,89,46
27,28,50,83,68
46,67,32,14,46
14,8,22,23,86
22,83,31,6,87
7,2,31,1,83
42,1,35,31,37
83,45,57,35,65
61,12,58,72,42
50,26,2,62,67
26,80,38,38,53
21,12,88,54,55
32,48,8,28,58
79,10,14,3,13
53,3,46,1,12
42,86,21,24,24
30,1,72,44,1
57,16,31,27,25
86,28,35,19,43
79,4,51,73,71
23,77,77,78,76
32,52,26,8,53
9,56,83,58,79
19,54,80,36,46
3,78,64,48,61
9,68,30,20,48
49,41,30,61,88
21,13,32,49,6
2,36,47,58,83
60,20,48,42,54
25,43,43,32,9
3,58,54,44,78
50,79,74,88,38
87,9,59,45,56
2,53,4,87,66
79,85,44,32,30
67,11,42,77,33
43,33,72,81,32
73,41,28,9,26
47,24,11,3,68
2,70,56,14,45
19,17,38,36,22
59,25,11,70,49
86,81,80,73,2
31,21,80,0,78
86,87,38,11,78
35,68,9,26,80
10,1,29,79,18
17,2,44,6,12
15,82,77,22,43
55,42,89,46,11
48,64,28,69,42
63,75,0,77,55
47,8,16,49,87
73,34,10,18,13
71,9,7,42,62
12,74,24,76,81
12,48,61,17,29
83,82,32,19,1
14,2,85,39,83
79,50,80,66,28
38,84,24,75,48
81,55,31,51,29
40,33,48,3,65
45,17,33,35,75
28,12,89,1,72
89,64,76,41,24
5,36,69,63,58
9,5,27,82,89
2,16,9,73,84
66,30,15,88,70
27,16,58,4,73
0,33,61,38,60
59,74,44,58,45
57,62,78,46,67
61,21,37,86,27
26,79,30,21,62
46,26,37,60,16
89,1,34,33,4
68,26,81,79,17
34,37,6,22,1
53,21,32,85,62
26,50,28,32,11
9,46,54,2,49
61,55,5,26,86
11,64,45,71,13
1,59,2,49,78
42,56,31,15,89
86,32,84,25,29
63,23,38,24,28
76,4,55,62,58
58,31,50,9,33
47,76,1,58,52
29,53,23,6,62
78,37,32,3,27
15,71,41,23,54
77,67,14,64,8
80,60,75,71,3
30,46,80,22,71
28,39,37,15,53
18,4,3,79,56
87,88,73,87,18
14,58,84,9,39
43,22,60,56,74
41,71,51,78,51
70,64,72,55,82
68,26,50,15,24
31,32,2,36,53
64,61,72,12,28
15,37,1,50,58
55,57,2,28,51
77,82,37,21,66
85,35,11,26,83
3,6,29,56,44
37,47,41,74,71
49,8,31,65,56
56,4,65,72,31
43,70,11,12,80
3,73,28,55,37
51,62,18,6,73
22,8,74,40,21
88,12,51,8,78
40,14,69,5,20
43,28,26,69,8
27,4,19,83,28
81,21,31,82,11
48,76,34,42,57
57,50,2,5,88
44,78,20,35,75
7,55,14,50,44
21,18,43,54,7
37,4,39,63,14
1,38,24,1,33
59,64,28,66,52
2,48,52,7,25
73,54,14,53,74
42,45,14,35,86
54,72,23,3,76
8,56,46,23,43
1,5,33,67,11
78,16,3,64,44
39,14,88,38,67
42,82,15,62,1
16,14,0,10,84
11,23,15,70,43
27,86,2,44,47
13,29,76,0,59
32,84,68,62,79
24,26,15,84,76
20,5,44,23,79
24,35,66,43,44
5,15,6,41,55
83,70,77,17,40
19,16,51,57,62
75,81,33,35,85
52,28,14,64,56
11,83,79,63,49
36,8,6,68,1
47,9,14,64,27
41,48,49,57,14
80,73,87,34,63
80,13,16,76,86
64,17,28,73,82
67,80,13,56,29
49,34,6,21,16
52,80,71,68,49
89,86,7,79,40
84,7,24,2,1
10,30,40,19,22
6,62,52,71,63
61,3,80,54,9
25,61,38,13,44
75,5,49,39,70
59,84,23,89,82
52,60,64,18,37
56,48,7,23,55
62,61,78,46,74
28,12,10,6,6
48,87,37,39,0
48,84,22,41,41
24,45,52,76,36
40,72,30,55,67
3,15,38,40,55
24,74,80,67,65
45,81,41,63,33
30,13,16,25,56
20,41,48,43,18
5,0,54,72,55
33,32,14,71,37
27,85,64,73,85
75,89,77,5,62
52,74,69,38,47
82,88,31,56,21
42,11,80,48,67
40,41,6,20,89
44,39,60,70,60
53,47,82,23,0
21,27,27,10,13
56,87,37,43,49
82,17,49,41,15
66,29,17,61,11
30,6,20,83,71
78,80,48,59,19
8,14,69,33,8
50,77,18,78,37
75,9,10,26,49
80,25,47,66,59
16,3,48,78,53
38,21,55,33,62
37,44,83,15,39
26,74,4,53,12
29,53,71,85,31
34,52,69,46,61
29,67,56,16,46
50,49,14,7,38
37,81,3,5,18
81,55,52,78,79
51,67,78,50,30
18,87,40,86,81
8,53,3,38,75
27,14,33,17,8
26,29,1,37,60
74,11,63,55,37
45,38,80,68,71
15,89,11,8,63
20,16,6,30,5
33,73,58,89,8
20,54,86,39,46
75,73,61,47,34
4,71,52,7,31
13,75,37,64,50
85,70,44,24,5
12,67,30,32,45
8,34,74,12,47
7,52,56,8,16
72,8,87,15,51
58,89,1,29,52
62,5,20,85,58
88,16,75,4,38
55,62,69,1,19
51,32,75,67,40
73,3,8,30,62
5,63,18,51,7
20,28,62,85,43
19,88,5,89,2
24,3,39,17,22
44,62,29,48,28
1,8,21,28,25
45,49,43,82,75
38,56,51,15,9
11,41,88,73,86
7,79,76,65,11
80,13,57,30,20
86,83,13,38,4
31,75,73,23,64
58,62,55,89,70
28,37,83,5,8
56,4,46,52,17
58,62,9,3,14
18,14,16,4,72
86,16,2,3,8
7,71,62,25,81
79,75,3,34,84
17,52,30,74,84
15,53,10,12,5
14,31,88,74,59
86,20,22,32,34
60,64,63,41,83
30,67,74,37,9
44,70,12,29,85
36,26,4,7,44
85,17,36,44,43
89,66,4,42,30
19,62,82,42,71
44,89,24,4,58
24,85,26,28,13
8,20,64,21,86
50,29,45,55,40
43,2,26,49,28
15,16,71,16,37
22,27,89,41,59
50,8,18,58,78
64,69,54,16,14
52,42,66,37,26
23,31,78,4,17
43,23,87,0,62
24,20,17,81,29
22,40,29,51,59
3,7,48,22,17
41,30,85,45,32
80,62,37,64,68
27,16,11,69,44
66,30,59,84,82
67,49,75,30,16
23,54,49,49,30
65,76,14,21,8
77,79,71,0,29
20,23,65,41,23
2,54,16,76,11
78,26,85,88,50
21,42,77,8,81
48,77,14,62,47
62,8,48,26,71
85,61,53,12,30
65,14,63,85,11
17,64,36,75,44
66,43,26,51,44
10,0,15,65,81
15,1,44,29,68
61,10,77,18,78
86,56,81,33,18
55,22,27,0,63
11,68,70,30,5
35,56,51,43,39
1,69,55,22,53
51,3,34,49,42
16,70,18,24,5
30,71,67,78,62
9,31,25,57,87
44,53,18,54,84
8,57,7,10,55
61,81,24,59,7
9,33,41,4,38
61,34,76,83,5
59,62,52,69,20
22,79,22,54,22
6,37,81,89,34
18,19,43,11,20
7,53,54,61,44
58,69,86,6,82
39,32,66,18,43
1,59,37,5,69
13,45,57,74,27
47,64,49,73,66
64,73,10,41,31
27,43,12,44,49
13,42,4,5,46
55,4,17,80,83
67,70,64,86,12
79,47,85,21,19
43,13,57,8,10
25,43,87,61,1
26,78,67,64,64
67,58,59,86,56
47,59,32,40,66
24,4,54,34,86
13,65,46,51,11
20,65,21,76,15
54,39,46,87,52
8,65,77,87,87
67,49,74,5,79
86,59,37,17,79
76,39,84,5,67
86,75,57,33,42
9,8,28,24,5
75,53,30,44,85
69,30,58,68,2
1,6,8,66,56
67,3,50,40,59
30,28,44,21,15
63,72,14,61,47
56,12,46,39,35
13,6,5,2,29
52,78,39,35,78
44,78,49,36,3
6,0,48,40,30
8,11,51,39,34
19,34,37,11,14
17,43,28,27,32
1,62,29,8,8
63,9,36,51,50
80,88,26,85,61
77,24,55,37,82
18,14,42,81,6
1,29,30,82,37
70,58,10,15,84
35,50,1,52,65
65,27,3,86,74
31,39,43,85,41
31,85,30,35,24
88,49,50,64,56
5,69,25,64,59
37,60,15,4,67
31,5,43,82,52
35,26,43,84,29
82,80,71,30,51
34,62,56,11,66
81,18,46,36,88
34,55,49,22,13
38,64,14,47,81
16,4,82,65,56
5,51,64,51,7
28,10,21,85,47
44,13,62,70,87
86,26,44,71,27
44,86,9,30,6
66,15,11,20,41
7,46,35,29,3
18,62,75,31,45
34,49,41,4,13
21,16,45,81,73
52,27,42,77,22
50,70,44,82,36
68,29,78,22,71
17,73,14,15,28
68,20,66,12,58
59,29,64,88,1
47,74,22,73,60
13,65,43,47,23
14,48,25,79,62
89,65,47,69,14
61,86,73,2,54
28,4,62,10,21
34,54,45,68,30
27,22,53,11,42
68,58,36,12,42
5,10,83,79,85
64,87,65,57,59
5,6,33,67,36
42,74,27,42,70
46,21,33,40,81
65,38,75,66,81
45,79,28,18,13
17,69,61,5,43
3,57,56,76,60
22,12,75,4,66
72,31,85,26,49
19,10,54,71,32
76,1,39,15,33
18,87,81,49,53
26,65,40,50,9
33,21,10,56,74
73,87,31,76,81
61,76,20,33,46
28,87,60,52,23
10,8,65,47,65
27,3,22,56,23
39,11,28,17,22
87,78,50,65,68
23,60,12,42,15
70,74,35,32,4
15,68,54,39,66
72,44,29,82,87
55,39,86,16,76
10,31,67,78,5
85,62,29,63,62
72,20,18,81,78
35,44,56,59,85
25,30,63,45,50
81,41,65,19,54
5,19,67,21,65
85,73,10,38,37
48,62,71,25,46
78,69,48,87,48
35,70,29,58,80
3,76,44,38,55
32,44,10,64,12
10,11,72,16,21
3,31,87,27,84
5,62,42,28,81
57,2,8,32,86
20,55,1,74,13
14,73,13,45,21
37,39,42,84,87
29,2,68,88,82
76,84,63,20,19
46,70,77,8,40
31,67,7,47,6
66,47,62,60,56
20,87,11,31,25
28,36,59,67,61
1,75,60,46,74
39,56,44,70,74
1,71,32,54,62
4,54,33,53,26
19,81,28,87,48
64,19,73,23,36
13,29,67,83,2
20,58,73,8,59
4,40,30,60,75
22,60,39,79,83
51,12,42,35,58
13,70,82,20,49
81,61,42,41,0
10,49,50,26,1
30,75,34,12,4
61,77,4,60,31
20,42,62,22,81
34,44,33,33,79
6,17,15,75,24
1,77,16,81,17
54,87,2,57,47
24,12,84,15,63
89,57,49,75,62
70,27,21,6,16
37,27,2,22,84
10,24,53,70,85
27,24,23,56,30
2,66,9,1,65
6,11,43,23,32
16,12,13,62,51
33,63,25,76,25
63,46,46,29,66
15,8,67,60,66
46,31,41,51,52
16,29,81,33,82
49,33,25,4,55
15,29,35,80,27
81,10,85,52,27
52,22,87,27,47
56,40,73,84,75
0,5,73,2,28
52,54,57,7,33
47,14,62,50,66
27,53,53,20,76
32,5,54,7,87
77,53,51,19,34
87,62,23,43,49
27,85,83,2,8
59,40,5,22,67
36,5,39,84,32
16,82,28,71,31
60,63,20,69,82
52,28,24,18,27
22,2,0,40,42
69,69,38,81,55
81,26,43,49,30
62,46,38,73,67
17,84,75,83,62
69,68,22,61,15
30,53,39,4,54
37,85,42,85,59
1,70,68,20,32
35,62,46,81,49
33,39,10,19,74
44,42,15,19,88
8,58,30,51,84
59,82,12,89,68
57,36,9,81,0
26,60,65,31,0
68,84,68,44,55
89,18,72,30,12
76,54,48,56,50
5,68,20,77,49
14,41,63,37,2
74,88,89,16,24
60,85,2,51,53
13,23,13,69,8
38,22,4,43,80
86,78,20,6,56
7,15,7,45,81
46,52,16,55,57
5,57,69,47,2
22,26,74,23,48
1,77,58,16,68
27,10,64,10,42
9,53,81,5,0
64,39,9,54,1
16,29,14,52,78
34,27,4,38,77
23,57,41,85,37
59,30,14,52,80
44,80,65,0,16
83,40,28,81,63
61,49,25,13,70
40,55,29,38,62
0,81,19,15,44
13,49,19,68,71
40,33,71,38,84
23,45,73,76,82
26,82,44,18,3
49,72,83,3,37
84,5,68,64,26
38,84,61,49,82
78,7,81,52,72
15,56,34,27,5
80,67,37,24,45
31,30,36,55,87
87,61,13,29,79
58,39,63,27,73
56,50,30,19,28
43,63,53,76,33
86,25,66,52,65
66,54,40,5,14
44,56,21,57,1
36,36,31,3,49
37,45,87,74,78
5,53,57,2,62
8,23,0,42,80
82,37,75,14,81
88,23,67,86,68
82,24,47,69,82
86,48,87,83,88
5,3,55,5,29
29,77,12,62,39
57,40,18,43,7
72,18,86,42,67
33,71,71,71,17
4,31,33,40,57
70,38,23,35,56
69,58,25,72,84
26,82,64,25,23
71,83,6,17,1
53,88,18,0,33
42,44,65,27,56
13,58,29,40,86
71,62,31,7,86
29,87,70,53,47
70,0,37,85,47
55,7,27,43,68
70,32,15,0,66
74,84,21,41,22
88,66,29,64,38
10,80,69,46,78
41,16,31,41,88
45,55,69,51,62
13,49,81,40,62
70,52,85,40,60
37,16,31,33,72
89,79,35,36,56
23,83,22,83,47
54,85,15,26,57
34,80,11,34,22
36,10,49,82,52
83,38,85,25,39
89,84,13,49,17
33,25,23,65,32
2,63,78,32,51
30,46,70,30,35
42,48,89,17,45
3,64,16,2,73
11,74,10,37,21
85,64,9,57,0
58,72,9,25,24
35,33,85,81,17
73,18,46,18,78
0,35,58,67,29
63,52,13,0,68
47,77,83,34,83
37,68,18,26,18
84,71,65,57,75
15,88,18,64,15
31,33,25,73,27
66,88,14,61,16
0,15,56,2,0
50,34,21,69,71
24,22,23,80,41
25,31,58,74,26
3,19,42,76,23
45,39,36,4,88
85,39,71,21,55
11,79,24,30,28
69,20,16,35,87
32,63,56,55,48
75,46,74,19,19
28,86,31,74,60
79,17,73,20,10
7,24,35,87,31
60,54,22,66,51
53,5,73,87,87
10,2,37,40,42
15,63,0,1,8
57,38,39,73,60
52,5,43,49,19
21,64,26,16,80
13,25,81,88,83
28,67,17,34,59
81,15,26,57,46
26,10,23,58,68
52,48,12,14,2
21,38,59,49,10
26,56,7,14,26
39,9,64,71,45
28,35,84,10,50
28,46,44,75,75
35,48,58,2,71
44,23,41,44,79
56,78,31,76,82
11,67,18,70,50
19,16,87,32,25
59,86,6,70,76
78,89,22,79,53
68,73,34,2,58
64,38,20,80,54
70,19,89,82,8
86,12,74,19,46
38,36,2,53,38
8,87,67,42,45
6,74,17,59,22
51,24,57,57,58
83,34,11,22,86
72,77,11,69,80
10,18,63,46,45
83,7,34,0,16
6,37,50,69,61
59,2,23,17,35
23,43,70,2,27
69,44,58,57,13
39,62,2,18,13
30,21,62,60,31
14,80,83,28,22
26,17,63,62,9
17,56,29,25,55
51,38,38,86,57
11,26,30,48,86
24,71,80,46,44
78,40,71,39,59
53,30,85,26,24
32,56,40,65,62
53,21,87,46,87
13,50,48,27,36
0,39,62,36,9
63,28,35,31,52
14,27,79,67,85
87,16,16,48,63
74,71,61,75,87
11,63,9,6,60
18,70,72,63,30
76,65,34,49,69
55,3,45,38,47
56,82,6,32,81
29,25,15,52,44
41,68,1,30,40
69,40,5,6,52
76,80,14,13,26
23,18,50,67,47
56,9,21,3,59
20,38,73,59,55
45,52,77,64,26
44,49,64,59,24
67,28,58,39,75
70,12,24,19,45
68,44,27,54,30
73,15,48,38,34
22,42,69,53,37
73,72,33,85,5
51,29,43,72,23
54,77,40,25,13
26,89,43,11,30
76,69,75,40,24
38,0,82,53,24
9,11,56,61,25
26,17,86,51,65
5,57,47,70,53
69,59,42,18,45
35,45,76,42,50
20,3,62,63,57
78,59,53,75,14
58,5,84,30,36
14,76,76,78,84
13,80,32,12,67
70,31,45,28,65
80,12,33,47,23
84,40,64,57,37
59,43,83,9,6
34,49,11,53,30
22,64,54,77,64
79,24,18,43,72
31,3,20,70,22
81,4,87,54,61
76,33,59,31,26
77,18,29,81,85
56,0,39,28,87
60,75,6,67,84
70,76,48,70,1
1,42,58,52,31
65,25,66,26,16
6,19,72,46,74
77,24,23,57,24
45,3,66,82,78
78,82,77,55,84
57,81,85,39,10
39,7,49,89,39
84,36,22,41,19
1,2,40,86,1
42,75,62,2,10
47,4,30,58,18
41,9,77,59,56
33,40,34,65,49
36,38,73,79,12
27,69,0,23,34
55,84,6,37,39
84,21,63,86,11
15,1,9,15,18
49,43,62,30,5
61,72,27,50,1
6,75,34,66,50
7,58,74,2,54
61,38,2,48,47
8,85,38,3,52
0,33,13,71,4
40,0,82,61,34
58,67,44,22,53
11,86,64,2,16
12,80,68,48,58
26,4,49,15,20
61,77,69,63,16
35,38,4,13,7
1,25,50,88,87
82,1,81,70,77
36,88,54,3,77
54,44,16,40,11
10,53,55,67,12
61,5,53,85,51
53,12,25,4,7
49,22,11,64,55
27,5,86,70,59
86,76,69,67,9
75,22,35,68,6
59,28,48,46,33
19,45,10,83,30
72,58,80,79,83
39,58,12,43,29
48,58,10,0,69
75,38,69,22,54
63,86,68,7,68
88,27,88,32,11
16,4,5,47,89
18,8,48,69,6
50,56,71,74,51
32,34,84,38,29
1,13,49,6,18
39,12,28,10,35
50,37,49,40,34
14,15,30,58,18
69,12,86,45,48
62,20,84,34,74
5,27,25,50,61
54,81,84,74,29
70,75,75,22,13
44,21,52,39,7
10,43,85,17,32
38,30,31,67,87
67,6,83,89,63
74,63,79,27,30
58,31,19,71,20
28,23,85,7,40
20,46,5,7,5
13,47,41,38,83
24,38,59,82,74
19,61,20,18,18
73,16,46,54,48
62,2,75,71,75
68,60,26,40,37
66,7,26,72,56
69,2,89,14,42
0,45,21,70,78
36,64,12,46,73
87,61,22,25,12
11,19,70,32,76
4,68,73,23,67
86,51,87,32,19
0,28,24,45,36
81,15,41,9,10
3,87,66,45,81
12,34,51,23,35
84,22,86,55,26
82,79,81,75,43
28,67,55,66,56
30,19,77,75,14
89,83,80,25,13
29,57,12,86,85
37,20,17,49,23
33,54,80,77,22
51,15,63,50,15
30,53,22,56,28
75,46,63,40,49
70,9,39,58,76
51,38,36,16,2
15,54,39,50,62
6,8,15,11,82
82,27,44,52,33
33,29,21,44,26
83,38,67,88,73
76,78,10,85,29
64,27,35,84,25
50,9,8,84,36
38,60,65,41,71
45,40,13,45,33
73,42,0,2,66
71,80,5,74,6
86,75,24,17,53
4,23,61,29,10
12,49,17,2,60
62,27,10,11,82
68,62,60,26,47
59,9,16,19,75
66,37,36,5,17
31,53,2,62,50
78,25,45,87,11
75,62,2,39,63
13,37,23,11,56
19,45,23,62,51
81,46,27,6,25
48,71,28,32,57
11,25,79,14,71
68,0,54,64,62
33,87,86,3,15
11,69,52,15,40
17,77,88,63,57
34,10,36,7,3
86,69,17,88,30
41,52,27,42,40
74,60,35,1,71
13,33,53,28,63
15,42,41,3,68
79,85,35,29,21
28,14,45,16,3
25,6,60,64,47
17,87,64,7,81
17,75,39,9,87
67,88,41,66,38
73,15,18,40,31
42,66,8,20,85
22,39,47,14,5
18,24,42,65,26
52,59,2,7,13
21,13,31,38,14
66,31,14,64,40
10,46,54,67,38
5,21,37,60,15
33,10,46,74,66
76,12,36,68,57
64,76,21,6,80
48,72,60,18,24
42,44,50,63,50
85,54,14,68,89
87,63,80,48,37
21,69,7,23,19
28,14,20,66,53
85,3,54,67,22
66,6,16,10,12
14,47,29,58,2
44,57,25,22,81
7,85,10,55,73
38,46,59,21,88
31,66,67,17,50
25,14,40,20,30
58,20,47,30,55
21,13,53,24,39
70,84,36,11,75
50,48,47,34,1
48,44,72,33,84
57,32,38,33,24
52,16,43,58,27
76,42,77,43,53
26,3,31,53,50
67,51,32,52,8
53,44,8,50,16
3,89,79,87,54
55,81,33,19,34
15,50,38,8,14
33,60,42,29,9
25,69,33,10,42
73,16,80,3,11
89,15,17,34,27
87,20,19,19,31
51,38,4,72,68
84,68,0,1,78
1,49,68,65,85
2,14,85,18,30
43,28,54,83,25
84,63,50,8,64
73,5,60,5,65
34,24,77,65,75
57,83,45,82,37
12,36,40,17,21
45,39,37,56,16
36,49,43,33,9
61,59,3,0,55
4,70,54,59,14
74,65,43,8,31
77,26,83,10,70
35,9,39,28,29
63,12,12,1,70
54,81,85,55,37
1,71,9,63,55
83,55,64,15,19
56,17,30,31,11
36,65,19,20,50
23,73,9,2,15
76,51,37,4,53
49,62,44,37,52
68,45,75,22,26
86,34,65,25,87
43,64,32,20,73
71,34,55,22,72
71,59,75,1,44
61,83,50,82,52
15,48,13,41,28
45,16,22,59,58
20,45,11,36,39
68,30,44,14,63
63,61,82,2,25
47,76,55,27,23
43,9,12,34,38
19,19,70,65,0
40,34,52,59,73
86,44,62,58,78
19,50,20,0,13
75,31,55,35,88
46,51,50,47,57
78,32,20,68,58
63,73,89,72,13
69,52,22,84,21
27,14,48,47,78
52,75,18,75,14
15,28,1,37,35
1,79,56,55,42
84,28,35,70,1
70,23,8,43,50
2,50,18,58,60
39,59,31,8,1
73,85,83,86,26
75,52,59,82,5
8,20,21,38,52
52,26,2,29,60
0,58,19,24,57
35,4,44,57,51
64,28,47,52,86
19,56,78,87,50
80,25,14,35,53
44,88,68,65,58
61,81,22,9,63
62,17,64,11,44
53,32,42,62,36
80,15,48,53,63
37,45,25,84,87
54,2,16,77,87
19,61,59,50,58
71,57,47,75,47
67,33,64,25,87
20,71,87,79,27
24,10,15,53,26
6,55,27,80,11
54,40,43,81,33
28,34,72,51,55
63,87,86,21,76
56,64,51,44,46
42,38,30,15,13
3,47,8,61,86
35,80,12,64,23
72,21,69,31,23
62,84,82,30,51
50,27,13,72,12
82,20,87,32,65
77,57,77,85,37
81,23,40,36,33
85,60,1,11,6
57,28,23,47,39
86,15,74,58,70
88,58,53,77,57
11,84,16,54,34
49,24,51,85,73
23,11,47,45,78
56,56,70,57,8
83,86,17,4,39
86,10,62,17,55
35,74,86,83,49
39,29,38,28,35
81,10,60,79,4
54,40,68,66,8
48,72,86,67,52
30,71,68,29,23
6,31,44,77,26
49,89,0,76,62
34,33,21,1,54
24,37,56,86,48
31,20,9,35,85
32,31,64,55,10
55,41,26,68,27
19,37,24,17,59
50,18,38,11,80
42,27,80,44,39
16,63,77,22,48
88,44,89,69,78
35,33,44,86,56
21,8,33,3,55
26,63,65,60,74
37,35,85,2,67
33,82,82,41,66
37,85,32,19,81
34,69,34,70,8
88,51,22,8,37
55,82,21,13,58
88,27,18,62,61
26,52,64,22,54
53,81,15,1,76
67,14,76,60,40
27,15,6,16,49
71,64,36,31,24
37,27,39,37,18
14,74,84,17,1
20,33,29,37,45
36,73,0,2,4
42,65,55,66,24
62,82,67,0,25
25,34,3,72,19
17,50,86,70,66
1,82,38,18,70
1,44,33,57,89
9,3,33,85,61
1,11,54,65,70
64,53,73,8,25
19,38,49,56,38
71,38,86,31,66
23,71,38,43,30
64,74,61,44,65
27,53,51,59,11
86,44,58,41,64
57,85,22,10,14
67,55,65,30,56
65,61,84,34,25
7,61,58,23,10
85,9,18,15,69
65,6,66,5,81
76,59,85,83,75
75,80,37,78,77
58,9,29,8,10
37,55,29,50,87
88,4,74,68,0
8,4,46,50,26
3,80,23,55,27
24,79,12,69,12
20,28,69,70,0
37,82,8,12,55
72,8,42,28,38
48,37,24,9,84
10,3,18,18,85
89,25,77,70,85
86,83,21,7,76
8,31,84,35,84
64,89,72,14,4
88,68,10,9,79
45,37,78,81,30
23,40,25,69,78
34,11,71,49,64
56,87,28,0,4
12,31,5,88,78
80,27,49,25,80
68,27,72,15,5
53,75,82,76,57
62,63,70,59,30
81,6,18,62,8
60,68,10,69,46
59,45,80,72,0
81,52,11,38,23
37,66,76,82,32
6,59,5,38,54
0,80,84,50,21
82,26,88,52,35
20,40,48,62,25
13,53,77,44,24
62,49,1,87,85
43,1,88,9,14
15,38,24,50,86
63,22,83,85,39
43,31,48,89,6
16,9,39,32,15
7,1,20,4,4
26,52,48,82,44
77,38,56,44,20
34,20,25,72,26
44,74,1,81,74
39,60,38,86,73
30,7,16,78,11
7,18,22,71,64
44,18,62,52,3
61,66,40,52,58
74,42,14,14,58
2,70,3,65,78
19,13,15,60,45
56,78,20,48,85
49,12,77,10,57
70,59,63,46,26
81,63,5,26,11
39,16,54,43,5
80,4,8,42,4
63,85,62,72,19
77,9,44,5,76
49,69,60,31,71
71,54,85,9,28
6,81,45,73,9
63,87,50,72,62
73,24,81,26,8
63,67,15,23,56
88,7,30,64,58
71,61,82,19,63
77,45,75,42,36
84,66,71,15,4
32,73,78,3,76
50,71,60,70,23
20,16,86,14,27
40,37,50,24,70
34,18,62,58,12
89,36,67,66,58
14,59,28,26,13
48,59,51,80,24
24,43,32,9,55
29,11,34,3,51
84,17,54,78,87
63,63,50,53,37
89,56,66,17,40
9,76,5,73,26
0,26,61,55,34
34,87,57,87,29
25,58,61,51,57
23,5,26,15,34
86,20,85,51,14
62,5,13,36,76
69,1,9,10,23
67,1,28,46,67
68,49,44,26,4
45,68,17,76,67
30,60,52,46,48
42,31,18,14,70
34,30,79,11,79
88,87,49,14,81
87,69,10,64,76
64,54,89,1,35
81,11,84,87,44
89,24,2,50,5
61,52,62,28,0
4,81,84,57,5
44,36,82,34,52
16,54,20,84,64
5,22,66,51,6
87,6,45,15,33
68,84,67,74,7
66,5,11,48,55
47,21,79,48,47
68,42,78,86,25
86,57,36,52,45
58,86,68,68,38
45,71,72,65,6
19,24,34,74,18
25,88,32,3,54
20,67,26,40,21
29,78,44,60,83
6,22,64,79,23
51,83,85,29,75
56,86,31,88,69
1,46,14,50,31
59,21,13,76,55
46,84,73,41,26
47,45,55,89,16
23,66,89,0,20
28,44,3,49,27
74,56,24,84,80
81,42,66,42,80
53,75,18,70,30
19,34,17,36,32
17,71,29,6,61
58,89,23,64,57
7,33,78,70,39
79,12,76,89,13
26,87,59,48,20
21,61,47,21,47
27,73,56,5,52
82,85,66,83,89
52,36,50,21,44
58,18,3,88,65
20,41,43,43,62
81,8,57,7,5
68,41,11,82,10
54,68,35,89,1
30,21,79,28,57
38,6,84,14,50
19,50,32,34,39
42,89,88,23,18
58,37,37,5,16
24,3,40,49,39
21,27,44,65,43
60,2,73,56,77
65,84,33,48,75
9,33,17,44,29
32,12,11,85,20
52,77,5,34,27
38,39,35,11,44
14,29,63,49,34
28,75,19,68,38
14,78,33,70,36
62,25,65,51,44
42,8,36,83,19
63,23,14,63,75
88,67,47,30,63
64,9,85,53,12
52,29,70,52,83
30,74,13,1,26
17,88,8,57,66
60,7,75,43,27
64,56,40,56,45
29,72,29,53,41
59,69,24,82,36
53,86,2,40,68
80,78,36,53,13
13,56,40,33,60
85,75,79,43,73
25,86,27,13,75
11,85,79,4,60
70,71,85,45,88
12,67,54,81,42
61,27,35,33,43
82,59,63,13,58
58,21,77,67,40
37,62,12,31,15
56,7,75,50,23
55,32,25,49,79
17,38,33,34,54
84,26,26,63,82
54,15,55,85,53
42,42,32,23,52
18,59,45,74,40
53,32,65,55,16
30,43,82,34,64
9,70,38,74,39
68,52,81,53,47
48,83,9,82,35
30,61,2,46,13
52,58,80,22,24
89,47,80,27,0
74,58,66,10,13
51,31,28,73,26
39,0,23,8,20
49,73,8,24,24
66,41,65,56,68
4,22,81,32,74
72,61,62,52,84
39,28,40,28,84
37,32,42,20,87
25,0,51,89,72
26,61,13,20,42
56,0,17,42,62
65,52,84,6,84
38,70,83,45,76
17,20,59,52,84
56,23,39,89,89
3,72,35,22,18
20,11,82,79,69
20,56,83,26,33
21,71,67,22,68
35,70,66,3,12
4,71,43,30,84
80,50,21,56,7
76,35,19,80,27
38,52,42,88,88
68,43,38,5,45
79,7,34,35,89
37,53,49,73,15
22,68,46,73,51
68,3,37,68,89
72,3,55,56,88
21,71,73,8,71
42,55,7,34,76
79,68,73,12,17
83,86,67,75,31
29,22,54,68,63
4,26,61,87,46
58,21,63,79,79
58,83,89,86,78
67,59,19,17,51
88,83,63,50,39
3,74,37,58,54
17,15,28,54,36
76,48,69,10,33
26,32,56,73,48
27,49,84,59,58
5,86,29,52,52
39,76,55,3,26
41,63,79,80,39
79,77,20,17,83
20,72,58,11,8
52,64,54,12,84
62,37,71,5,57
24,27,46,20,61
56,10,15,19,63
79,40,13,53,61
81,31,31,34,38
43,78,18,87,1
44,26,17,10,7
81,81,25,2,66
69,37,9,20,79
2,71,57,34,41
8,71,30,35,40
0,63,34,49,49
32,58,38,58,36
45,48,62,64,49
52,48,40,58,54
40,39,67,31,24
42,53,17,80,45
36,1,27,19,16
21,66,8,61,46
24,43,14,47,15
82,41,11,56,25
46,33,52,5,17
69,66,32,89,60
35,60,60,21,52
60,40,28,18,44
34,40,41,66,33
70,87,3,88,80
69,28,20,83,36
76,84,55,66,82
18,15,35,76,80
41,24,70,36,77
81,70,14,47,54
43,64,11,88,18
80,33,74,21,40
42,29,63,20,26
56,76,22,20,60
1,5,39,46,13
82,22,64,21,61
71,13,41,62,45
56,33,24,44,39
46,82,64,14,71
50,61,54,9,20
80,82,37,77,71
21,32,25,8,15
41,49,73,41,8
60,5,75,70,79
4,55,60,57,2
2,45,11,21,1
61,44,30,77,27
80,16,56,42,34
30,39,59,5,71
32,38,73,86,48
71,48,65,45,34
0,36,30,74,38
51,82,22,84,86
54,74,12,18,15
13,32,12,9,81
82,72,49,7,27
8,49,57,58,73
76,10,71,43,42
25,78,31,24,72
33,87,61,50,1
18,74,57,67,58
7,83,18,45,80
77,52,3,45,76
61,82,3,80,86
65,41,3,0,88
10,63,60,46,83
3,84,44,22,50
89,7,83,3,58
39,17,73,38,42
3,13,53,6,84
24,71,80,21,80
86,8,64,41,62
89,56,53,35,19
20,69,24,45,86
70,63,22,14,4
12,86,13,49,57
19,29,74,1,56
38,12,42,67,42
38,3,31,33,26
17,67,56,72,27
3,13,14,24,36
49,38,3,72,39
77,74,1,88,45
62,9,64,56,49
32,30,14,0,85
42,86,36,48,78
72,39,9,74,70
37,74,62,26,24
16,58,86,51,23
40,24,54,7,50
11,46,46,35,76
32,50,67,73,10
52,51,53,67,6
83,20,38,21,33
36,19,7,28,64
19,5,47,3,42
56,53,1,30,88
65,60,19,61,55
19,21,51,41,26
46,67,62,37,0
12,45,27,71,44
42,84,73,70,83
12,8,24,16,28
87,76,36,70,69
53,3,3,0,77
18,21,88,60,26
1,37,6,81,41
58,25,39,11,76
42,32,7,47,71
20,44,26,49,66
47,11,61,14,15
55,1,63,52,3
84,32,71,88,46
15,76,14,79,49
22,48,13,67,60
24,79,22,13,32
32,12,49,83,26
71,35,0,45,57
3,0,63,9,71
78,48,2,84,12
61,33,76,55,8
26,31,15,33,73
52,62,45,18,51
83,36,85,83,89
78,29,80,87,31
85,44,54,66,89
76,49,45,57,50
80,33,21,81,50
3,69,49,39,85
8,22,56,57,73
47,55,16,72,43
61,88,57,65,46
72,88,71,83,86
39,29,52,2,36
42,41,67,46,88
44,40,7,35,71
51,13,27,44,27
65,31,27,4,66
16,56,33,2,10
89,6,26,23,79
35,59,40,55,15
87,62,50,33,61
2,84,83,86,56
74,52,72,59,11
23,76,6,5,72
59,25,87,44,34
22,44,74,9,50
53,9,68,13,75
72,55,89,75,60
62,86,86,40,39
68,52,2,17,8
40,74,55,80,58
58,23,8,9,18
19,64,21,70,58
12,45,33,32,86
51,58,72,17,70
7,27,70,39,4
11,36,48,85,2
30,6,13,19,7
14,25,4,89,23
89,64,37,13,10
9,85,34,40,2
85,38,85,25,54
43,13,61,22,10
12,66,28,28,78
56,89,74,71,39
12,48,59,77,4
86,32,81,30,5
58,69,50,25,18
64,5,46,19,87
64,5,41,86,60
75,68,38,71,68
79,25,76,8,36
89,64,44,0,55
10,78,29,39,68
68,89,34,1,8
69,74,57,34,49
12,4,66,39,54
16,81,33,58,51
18,6,25,25,40
49,3,63,41,12
75,20,20,46,41
78,31,68,71,63
8,9,32,26,12
29,14,69,78,12
17,3,53,18,31
57,1,25,22,60
7,28,53,43,42
38,1,26,87,43
70,29,35,69,42
45,78,77,71,2
44,82,24,26,17
70,19,79,43,0
63,25,84,15,31
78,81,19,88,40
53,23,11,11,67
44,16,21,47,73
51,3,78,87,7
72,40,9,55,86
8,80,9,53,22
58,34,73,1,49
29,59,32,30,72
52,42,30,72,17
13,68,54,73,77
83,6,4,70,61
11,73,42,85,79
77,38,13,54,19
3,71,18,74,42
27,75,14,63,22
7,74,66,89,45
88,79,42,28,12
31,1,29,82,29
26,86,11,5,44
70,47,6,29,81
8,23,53,47,27
73,30,80,41,9
59,18,84,63,82
85,11,6,17,58
34,42,8,24,66
88,35,56,78,8
83,42,43,23,79
17,10,26,15,32
0,11,37,37,30
63,9,80,39,10
44,19,30,0,88
14,56,86,36,32
15,41,40,11,88
45,17,68,59,42
79,5,72,31,32
21,14,71,65,15
41,61,69,74,21
43,46,82,33,61
7,68,81,3,63
50,80,60,83,53
68,71,65,46,2
56,77,75,9,57
21,42,18,40,18
18,16,42,17,4
75,77,25,29,66
7,52,31,46,14
36,22,8,37,20
19,23,1,1,69
71,71,25,40,39
53,75,9,22,26
53,66,56,46,16
7,63,27,69,7
15,67,65,40,57
6,61,83,4,21
5,26,67,39,88
19,31,89,83,26
11,22,41,0,85
4,78,65,61,84
26,78,17,35,51
10,39,86,33,48
19,70,87,35,30
60,29,70,7,29
39,70,48,14,14
65,77,63,59,69
45,22,9,16,72
74,81,60,49,53
77,35,72,66,53
28,35,66,81,88
28,31,13,17,53
25,81,53,46,70
68,87,62,16,64
19,11,38,82,67
11,56,2,70,16
66,69,64,74,79
78,3,87,10,18
47,88,82,50,83
75,75,29,29,52
64,72,59,12,43
70,52,4,25,30
61,23,20,44,39
36,35,4,64,1
65,28,31,81,29
0,45,14,2,35
76,8,43,53,62
32,79,25,63,2
59,69,75,3,40
87,84,39,14,81
81,75,81,26,82
68,20,1,44,61
74,75,24,2,8
22,38,79,20,67
7,31,26,22,39
64,11,7,80,19
30,73,5,51,13
27,77,36,29,48
56,78,14,66,76
77,46,51,25,42
39,30,5,47,86
86,70,85,72,7
55,70,49,89,61
13,35,84,18,1
65,86,22,20,41
76,0,43,39,8
68,26,87,77,77
86,44,9,27,0
24,32,37,41,59
68,13,40,56,53
71,76,24,58,4
57,59,5,53,22
20,21,39,74,25
75,2,1,62,61
45,1,84,72,75
73,35,18,57,64
40,56,79,83,20
31,41,18,88,53
19,82,39,65,11
11,14,72,27,74
55,83,72,14,24
42,12,68,65,63
22,50,17,71,45
80,13,43,37,60
12,79,76,45,64
13,74,3,38,54
57,1,57,63,47
56,59,53,77,62
21,59,62,74,32
29,27,64,88,66
61,16,65,79,14
22,52,44,34,86
1,17,56,63,34
77,6,51,31,11
81,26,27,70,38
55,85,17,84,21
75,56,66,82,24
9,29,68,42,38
5,66,40,16,81
20,76,54,85,72
80,2,82,24,27
20,39,52,79,14
37,30,87,46,69
9,45,59,88,62
41,71,74,81,19
84,9,59,55,76
59,61,11,27,9
67,89,4,31,73
48,11,61,20,31
16,0,45,88,63
49,47,3,44,86
85,82,16,33,20
5,26,19,37,55
89,74,71,67,3
59,60,78,82,60
27,78,40,36,48
2,38,63,68,58
18,85,19,74,51
58,75,40,39,59
38,53,7,87,44
81,48,31,15,78
4,80,44,20,39
54,9,51,45,36
54,42,46,57,72
62,27,15,29,33
84,10,65,76,74
87,47,43,41,38
42,51,28,44,23
82,67,70,29,49
54,58,24,46,19
68,12,3,55,23
65,3,9,81,13
46,70,84,83,65
17,50,42,7,87
55,72,3,10,3
12,0,4,33,10
58,67,27,67,79
49,67,30,32,56
57,7,59,69,5
88,63,55,8,30
66,5,31,89,20
34,7,72,27,51
8,18,54,22,59
82,55,6,65,42
58,48,13,67,67
77,14,54,82,69
52,33,77,80,86
62,29,51,73,59
39,16,80,24,75
22,19,11,0,61
45,8,78,65,63
6,23,77,76,1
33,0,53,52,73
80,34,2,84,78
53,15,17,55,17
49,75,71,15,52
31,34,20,20,57
79,41,83,65,56
27,86,17,77,53
22,36,1,75,63
75,41,89,39,89
58,64,12,9,3
86,49,53,70,68
37,36,38,8,53
86,67,87,50,54
78,41,53,59,78
47,63,38,44,83
74,38,11,87,35
10,60,6,57,49
10,26,18,34,52
47,63,3,73,75
9,69,62,33,7
85,28,29,43,70
23,47,31,18,72
78,53,34,68,50
11,64,32,60,87
7,67,74,62,2
11,7,23,77,57
69,44,50,19,54
64,37,18,13,74
24,46,55,35,8
68,52,11,68,32
78,50,88,40,80
48,64,17,23,3
82,74,84,35,17
23,8,33,82,33
73,48,14,67,32
83,64,15,32,72
27,1,25,15,37
76,67,17,51,4
48,32,18,7,49
0,0,6,76,65
6,55,53,85,40
65,70,27,39,85
42,85,22,89,0
12,85,46,5,75
72,68,77,59,22
78,64,8,85,34
23,38,33,38,40
16,74,41,36,82
10,27,23,7,57
82,73,30,10,23
82,29,44,71,5
61,59,15,14,12
15,23,34,33,66
20,13,29,65,65
9,38,43,58,47
67,17,15,16,36
60,49,1,22,35
41,5,54,53,0
28,50,71,41,32
32,29,37,43,48
29,76,20,37,11
9,2,55,2,8
41,84,43,48,45
41,8,28,37,46
29,16,63,79,75
43,60,22,63,85
46,36,35,4,26
78,8,0,52,80
74,21,32,66,43
22,67,23,85,81
85,52,78,29,5
61,14,58,74,77
62,10,39,86,84
25,40,32,26,73
77,54,21,35,7
39,10,71,79,46
65,56,44,76,5
40,69,45,48,6
74,63,50,78,28
16,86,2,50,21
55,45,63,54,75
1,35,43,31,50
53,71,21,12,38
83,27,87,51,53
44,56,76,57,44
7,85,9,29,24
62,50,47,56,37
66,52,43,57,73
40,59,56,12,31
86,87,4,35,69
43,12,59,57,13
80,81,37,52,52
13,84,61,54,48
40,53,47,0,9
86,13,9,26,32
43,1,83,16,34
58,9,52,68,2
79,56,67,5,81
61,70,15,22,89
49,5,45,6,67
61,18,28,26,74
58,24,74,88,30
18,88,68,75,64
49,6,53,41,80
68,20,72,11,63
66,49,33,4,67
0,55,60,5,29
72,51,26,33,75
22,9,33,3,25
8,47,27,29,26
79,8,17,39,13
47,48,5,48,45
70,72,29,70,5
73,88,89,36,46
70,31,82,5,27
41,38,22,29,35
59,15,22,10,37
87,39,22,63,41
27,27,34,71,51
32,40,13,16,62
44,78,82,53,82
63,81,85,14,29
0,57,56,10,24
70,75,8,63,38
82,22,27,11,39
85,62,71,56,66
51,87,51,50,4
46,26,9,17,84
7,48,22,27,51
60,30,31,48,60
22,77,44,58,69
24,32,77,62,41
5,82,74,83,30
32,81,39,13,60
77,34,38,72,1
17,84,51,15,15
58,33,5,46,67
59,59,55,27,63
2,50,50,10,29
42,29,78,73,75
36,28,70,85,21
68,89,13,80,27
26,42,62,47,20
49,35,53,76,13
44,41,75,50,89
65,44,66,4,18
4,85,19,82,40
13,57,57,49,25
15,37,33,3,74
31,71,64,72,54
84,5,52,42,26
72,18,57,67,57
86,52,80,28,2
25,3,25,9,7
63,44,30,83,4
43,28,54,19,80
42,76,33,30,55
37,44,39,11,45
80,84,17,52,36
43,35,56,54,86
74,42,32,61,10
44,43,21,43,63
69,44,50,83,59
37,10,48,74,44
1,18,15,43,73
86,43,11,44,78
4,20,30,18,64
38,8,19,68,71
6,3,46,20,45
30,20,87,9,52
74,38,11,29,52
83,31,81,77,73
30,47,0,15,6
41,66,88,59,25
84,7,85,27,57
75,31,8,45,72
14,39,71,62,80
7,47,57,36,26
35,51,29,48,85
48,45,38,57,88
3,55,86,68,81
15,47,58,82,32
75,18,12,62,17
85,46,25,88,44
29,56,44,11,86
36,73,68,27,28
87,23,84,79,41
23,0,87,69,88
63,64,35,52,26
21,78,78,32,3
87,73,62,69,17
47,79,36,66,64
89,44,84,43,6
66,41,38,74,25
61,77,14,70,81
34,33,83,26,56
35,9,43,52,33
52,38,19,33,64
66,80,64,9,23
32,37,7,77,15
35,9,35,82,52
22,22,84,42,22
88,64,49,56,23
58,40,12,29,29
75,36,17,56,83
49,37,9,42,83
47,46,43,89,64
27,25,27,16,46
58,46,48,30,8
70,71,31,41,72
38,2,74,52,78
35,55,63,71,5
55,73,32,48,75
72,44,62,39,37
53,75,76,86,60
46,25,43,65,9
45,81,63,80,30
23,25,8,51,82
61,37,14,87,30
83,77,82,7,51
87,29,43,65,20
81,8,38,40,73
13,64,55,30,5
79,88,77,53,30
22,49,28,61,43
17,18,19,82,75
65,59,15,12,24
26,4,47,86,7
71,0,51,62,53
65,68,38,12,4
49,47,7,51,12
85,49,85,14,4
44,73,65,5,54
30,19,7,23,0
20,66,26,89,46
37,7,52,31,22
16,30,21,52,26
6,69,33,41,17
22,3,67,8,43
67,77,70,40,65
42,32,77,2,65
5,57,50,19,13
39,21,38,47,86
1,26,65,71,23
61,22,39,11,84
76,15,4,18,83
40,65,82,87,58
16,1,81,40,52
10,13,40,46,50
9,33,85,80,37
62,41,59,53,43
72,39,59,87,18
18,0,56,9,87
34,16,21,54,27
80,77,58,62,1
75,72,56,3,48
37,37,33,68,81
28,64,79,84,3
38,40,55,88,76
52,81,85,76,82
30,42,12,7,80
11,83,35,12,42
37,50,19,51,15
5,48,42,34,29
10,26,45,19,46
78,32,0,61,24
57,16,89,54,27
50,32,57,72,46
3,7,57,14,26
35,23,66,86,67
6,44,77,23,11
75,65,20,81,80
87,77,29,32,55
53,11,58,52,58
70,57,57,24,54
13,7,32,67,51
80,53,72,86,38
15,16,87,68,86
19,28,80,12,12
74,22,73,16,43
38,49,53,24,78
18,87,8,59,6
85,48,44,63,14
71,67,14,81,44
67,63,12,8,1
49,2,24,34,20
60,42,40,51,72
55,37,14,56,16
64,12,62,87,38
48,32,10,45,14
1,10,45,40,13
51,53,22,26,17
34,57,27,17,80
74,40,52,57,32
29,37,54,65,4
2,13,86,65,45
31,8,88,64,78
9,22,32,5,70
20,20,10,44,55
54,24,48,62,0
41,0,43,25,73
85,47,47,63,86
21,48,18,59,83
4,18,27,6,33
33,7,81,0,50
41,25,26,82,24
86,76,30,74,38
61,89,24,30,23
12,70,23,1,33
85,81,4,43,31
15,84,58,49,86
21,81,61,74,34
27,62,73,72,55
65,4,73,79,58
21,86,3,9,42
20,4,68,5,25
14,67,30,0,42
54,67,6,9,36
70,36,33,13,23
9,83,60,15,17
18,28,36,43,7
81,28,77,58,73
86,28,38,60,5
39,11,39,48,87
6,39,19,63,14
55,84,75,40,23
26,31,44,56,30
10,34,14,26,32
6,79,2,55,46
52,59,30,89,19
3,64,72,56,3
66,19,33,88,33
50,49,21,84,59
12,82,8,24,14
21,80,77,43,69
83,41,15,41,46
53,27,8,49,35
20,84,19,12,49
24,65,49,57,88
9,50,2,5,4
71,48,45,77,64
21,67,50,18,84
77,32,83,73,79
8,16,45,19,78
71,39,48,44,78
60,42,37,29,31
63,88,86,39,53
81,8,15,23,39
14,68,14,59,25
79,54,70,73,41
3,82,79,66,68
63,47,56,10,27
15,21,54,34,17
78,31,13,45,40
32,41,23,34,13
51,32,33,42,22
38,40,68,27,59
49,40,65,31,63
69,22,9,35,49
23,3,9,74,46
39,52,29,86,18
67,77,61,1,38
13,77,29,61,70
82,74,29,71,56
20,51,59,25,70
37,26,32,9,30
64,12,40,71,45
54,10,71,52,36
49,81,45,53,81
5,20,20,58,60
82,80,69,74,16
61,0,74,27,33
79,72,46,12,48
19,89,42,69,84
26,15,55,53,58
2,62,12,19,68
29,24,79,67,88
80,62,30,23,4
67,61,64,69,81
46,52,41,1,62
35,82,9,47,43
11,6,37,86,77
12,24,54,64,84
53,14,44,49,82
88,63,73,71,38
41,43,21,14,81
31,54,53,3,33
78,75,4,79,20
17,25,68,74,78
23,49,6,68,72
44,68,45,22,33
55,25,43,24,12
64,52,43,58,29
62,83,7,58,49
47,32,51,50,73
74,24,35,67,64
8,16,6,75,31
25,80,83,11,59
27,18,1,84,85
67,42,62,55,4
52,81,65,52,34
56,41,59,40,30
71,71,26,6,12
34,5,64,28,13
48,55,82,79,53
51,33,34,37,29
78,73,78,79,47
83,61,88,72,75
10,24,53,73,74
42,40,80,57,4
17,11,41,42,65
8,65,29,61,54
47,13,35,65,75
55,43,5,3,51
29,24,33,32,49
11,0,77,87,82
3,80,45,34,29
23,33,62,48,72
14,55,27,10,31
7,31,8,0,8
22,61,27,60,57
19,19,12,87,55
6,2,63,85,51
80,61,46,51,50
76,52,21,82,34
48,19,77,17,82
35,1,3,88,37
30,63,36,38,40
65,57,52,22,88
39,33,50,77,18
80,67,5,18,25
45,63,55,0,27
59,82,85,88,7
60,73,46,58,25
39,89,19,42,64
60,82,8,70,41
24,8,82,78,61
29,73,5,14,33
7,87,69,21,4
67,12,75,39,65
0,65,42,53,55
87,15,77,12,29
51,1,73,51,49
11,46,43,59,53
15,18,38,35,86
88,72,33,87,7
27,39,17,54,86
2,26,76,63,38
86,31,8,25,51
84,65,76,58,87
84,43,47,39,2
5,77,23,66,48
53,68,83,21,6
19,6,28,78,53
88,63,39,36,9
66,54,86,59,55
88,46,41,58,73
20,87,12,63,62
7,72,89,82,61
40,50,76,50,48
5,35,48,37,86
45,83,15,85,39
69,47,52,45,19
82,50,28,88,46
52,46,37,25,88
30,42,78,24,49
79,86,26,88,9
36,80,73,54,81
52,74,78,20,78
50,57,37,26,53
70,35,88,86,85
5,76,88,62,34
88,17,81,25,42
13,21,30,11,43
68,17,0,49,48
49,87,52,50,73
89,38,72,84,15
21,9,24,49,36
29,70,21,74,87
86,3,56,64,87
31,52,9,38,74
61,44,75,63,1
85,75,1,56,17
87,31,79,89,73
45,15,73,8,3
82,30,56,19,74
63,4,7,42,58
14,40,19,12,56
11,37,89,85,68
87,9,48,34,32
2,57,56,44,18
45,36,27,74,50
1,88,37,47,88
19,36,43,84,6
15,18,4,16,38
53,88,75,60,35
12,54,54,33,27
55,44,9,81,44
83,79,54,77,11
78,26,60,75,22
73,88,83,83,50
19,28,85,80,22
80,80,27,69,63
13,10,89,82,11
20,29,43,60,77
17,85,60,43,43
77,67,76,65,28
16,59,29,13,4
41,1,4,45,88
74,87,32,73,85
19,11,14,53,42
14,72,69,88,78
4,37,51,74,70
33,22,4,13,14
79,81,20,78,84
16,1,53,59,7
29,31,36,37,39
65,80,69,18,9
48,23,1,18,26
56,88,39,15,50
19,34,9,60,64
68,66,44,87,24
52,75,50,7,6
48,55,89,0,52
2,22,55,24,52
22,71,42,36,75
24,55,30,16,58
70,65,67,79,87
68,35,11,72,27
1,66,67,47,54
45,20,53,74,53
26,19,44,77,45
12,31,41,57,52
3,62,48,15,60
50,27,60,82,89
86,51,43,15,46
14,53,62,41,86
51,2,47,46,53
54,65,49,45,6
53,36,88,3,58
17,21,83,69,38
28,74,8,87,38
72,87,67,81,12
51,87,58,77,42
27,11,31,44,1
25,71,41,69,43
16,28,82,88,11
35,30,12,52,34
21,67,26,24,35
84,61,55,59,67
83,37,14,85,62
87,41,51,68,61
71,20,53,22,61
10,13,33,44,40
47,0,37,55,8
29,32,25,43,72
26,82,25,33,6
76,89,36,23,11
9,1,79,45,0
59,87,36,80,50
54,86,49,69,64
35,81,53,42,60
66,43,26,66,24
67,87,59,80,78
12,61,15,26,38
55,82,29,12,38
37,88,23,40,37
11,4,60,13,66
56,42,4,7,46
53,53,42,21,17
71,2,31,42,41
66,46,55,38,56
85,47,84,57,73
87,83,61,42,9
60,77,11,54,37
11,50,55,88,57
41,59,47,73,62
30,52,47,65,6
36,14,4,79,55
56,66,72,28,5
64,43,15,11,23
18,71,60,5,44
11,8,10,43,72
46,69,11,5,76
53,52,24,79,66
46,73,51,60,15
21,59,30,51,67
46,23,85,61,73
56,25,60,58,7
73,78,71,84,47
44,45,23,25,2
87,14,14,19,64
23,67,1,52,64
38,13,27,18,17
27,65,50,49,21
76,12,33,3,4
21,61,7,54,7
85,4,49,27,9
75,59,57,69,56
4,48,23,70,75
64,9,75,33,42
17,37,33,52,29
87,14,29,76,79
43,61,42,70,9
78,47,80,48,34
62,7,27,21,82
19,84,74,86,50
6,11,67,26,78
82,70,13,35,12
86,61,17,0,1
36,4,85,62,26
4,14,85,6,56
14,9,45,49,66
41,34,80,75,30
79,27,42,28,65
14,28,87,88,14
21,62,59,26,11
84,47,72,55,12
3,28,30,2,10
71,9,25,57,59
35,73,34,8,13
63,51,37,68,70
40,75,72,24,54
39,27,82,72,40
0,51,20,26,30
29,52,64,25,40
81,40,86,47,2
56,47,24,9,67
83,81,72,41,55
69,70,78,5,80
76,56,18,24,40
47,71,63,38,1
22,58,70,64,45
1,2,88,86,61
6,57,32,47,29
55,27,85,46,49
89,64,78,36,66
47,64,31,36,39
41,82,79,30,84
12,16,78,3,19
2,67,12,66,10
22,33,23,9,12
73,46,74,32,82
52,30,46,77,46
26,67,14,13,70
85,2,27,54,52
20,10,66,42,71
75,35,88,18,84
47,25,33,9,11
10,19,2,52,57
37,49,23,30,66
11,20,62,81,60
76,28,6,35,33
89,77,29,20,74
39,45,30,46,70
17,13,57,59,15
22,29,68,16,75
22,58,18,43,85
31,62,20,76,2
44,24,19,66,62
38,78,15,72,4
28,37,11,87,67
63,31,65,81,41
81,4,57,49,3
53,74,44,52,75
65,15,66,20,19
58,25,20,17,48
87,56,36,48,11
72,67,63,68,26
87,9,78,37,70
27,18,77,0,66
80,6,28,69,58
24,82,22,52,55
69,53,39,51,47
81,19,78,70,7
58,51,38,65,68
58,20,15,72,72
66,18,41,35,48
70,1,45,2,29
80,87,21,53,65
58,73,10,50,28
71,1,11,51,30
7,32,54,54,53
5,31,57,22,62
74,76,57,45,83
61,13,87,13,26
20,0,39,49,54
44,55,62,82,64
63,12,73,50,42
49,57,43,75,79
8,43,86,20,8
47,9,82,9,69
41,42,48,8,40
54,67,61,87,66
50,2,89,30,73
14,27,49,43,52
12,82,53,76,79
66,84,29,27,8
1,55,41,62,11
23,88,13,74,78
28,62,87,16,77
34,24,22,41,75
12,18,81,52,8
74,17,61,3,64
31,32,34,56,76
51,62,25,34,75
71,29,26,20,14
3,46,36,52,17
57,0,8,1,23
5,9,48,73,8
6,29,15,32,18
4,9,72,30,30
74,85,80,69,73
18,62,69,35,2
38,0,28,77,11
42,71,6,2,36
66,46,44,8,22
19,67,73,12,40
46,12,86,25,70
87,79,38,89,78
17,51,47,62,68
37,16,22,89,15
67,26,25,61,86
49,31,9,46,52
60,16,39,3,18
83,41,9,56,9
40,65,1,64,73
26,72,25,42,43
82,50,54,61,54
37,86,10,10,51
38,19,80,51,34
10,85,20,17,52
13,46,43,13,56
65,5,31,77,19
63,73,41,30,49
66,67,17,78,85
26,4,73,56,31
89,8,59,85,88
80,35,72,82,29
6,41,28,27,0
49,3,57,3,27
14,71,33,13,48
55,32,14,21,83
30,0,89,82,37
20,32,36,32,10
38,6,12,21,84
56,67,83,72,86
57,49,31,28,36
89,82,73,81,66
19,72,25,38,56
33,39,61,50,22
8,86,9,80,48
40,63,56,62,56
72,60,84,43,67
34,36,48,74,65
1,73,68,87,79
11,24,48,61,74
12,3,43,29,27
60,9,32,53,64
71,54,81,70,49
17,83,38,29,76
14,50,29,16,83
54,78,88,38,31
79,13,36,84,20
40,71,1,62,58
22,1,11,22,4
26,45,22,53,54
47,51,15,68,89
2,7,32,36,6
35,47,89,47,64
69,82,64,26,17
81,2,60,47,3
43,40,69,16,31
11,39,23,23,11
5,10,74,79,39
7,32,27,4,84
46,74,64,53,40
30,81,14,31,65
10,32,79,37,26
77,87,15,31,69
32,80,35,56,36
3,14,53,33,31
10,47,71,81,2
1,38,42,7,73
16,1,89,48,61
63,81,15,86,4
34,20,37,64,62
0,1,78,49,19
73,77,58,85,46
30,33,12,15,47
48,46,87,88,72
41,33,15,28,18
63,1,23,40,65
6,59,1,18,89
26,50,42,29,19
86,88,50,33,82
65,13,58,41,87
13,37,86,85,73
49,14,75,39,32
74,73,37,53,26
65,39,3,43,81
88,32,50,76,84
60,2,44,15,88
81,50,77,76,17
81,34,37,38,3
66,20,81,21,60
76,62,73,6,29
16,25,10,26,26
20,60,20,49,4
19,88,11,13,48
25,3,73,31,24
8,7,78,65,78
84,14,43,36,51
23,88,85,16,72
35,81,34,55,80
87,30,82,5,69
65,43,64,15,89
71,61,50,5,40
40,76,38,28,64
16,7,75,20,29
74,55,76,89,21
66,44,4,89,57
7,13,78,68,29
4,72,28,82,86
33,86,43,33,86
43,83,27,16,41
43,71,39,85,88
19,41,8,4,50
13,23,37,69,2
39,9,49,82,32
16,54,81,42,79
87,14,23,18,2
3,14,58,49,7
26,84,69,26,1
24,48,23,27,30
73,55,55,4,27
19,84,56,36,13
27,35,58,42,8
0,72,62,29,69
86,86,58,7,25
35,86,11,3,84
65,29,24,56,54
29,6,71,23,10
43,8,73,69,56
4,10,59,21,11
38,89,7,63,88
4,49,5,62,27
43,20,16,64,27
50,42,68,31,61
89,22,8,39,3
28,44,16,15,32
77,81,80,56,71
18,46,79,47,20
24,21,64,28,3
24,47,13,65,3
24,2,39,58,55
34,87,82,40,76
83,22,38,21,69
9,62,76,39,64
56,30,87,28,23
80,13,57,43,21
72,33,65,36,12
80,50,35,16,32
12,41,62,17,83
86,24,77,58,68
9,41,86,88,79
80,41,69,28,55
60,59,6,86,61
78,77,35,29,9
45,63,65,67,77
53,53,1,54,12
29,54,71,35,29
31,16,75,24,60
39,37,42,34,70
40,65,4,24,14
22,29,25,35,80
41,59,62,63,24
29,39,24,62,37
33,21,83,77,30
87,15,29,48,64
54,6,31,57,44
54,8,14,74,72
69,38,43,5,73
75,78,57,65,11
42,59,6,67,27
37,15,86,60,52
6,15,22,3,32
84,21,88,86,38
39,44,72,62,16
30,31,42,6,84
21,51,86,64,73
5,16,51,38,54
13,84,45,45,49
37,57,82,28,89
51,64,89,87,84
62,38,89,60,51
58,17,87,9,83
20,6,76,22,74
5,84,38,59,22
66,14,36,10,0
84,27,47,42,19
13,84,65,8,15
36,59,6,81,44
77,8,7,34,55
83,72,55,61,64
29,17,23,40,32
8,49,72,63,7
35,78,12,62,72
89,78,38,13,58
78,21,37,15,58
25,50,63,41,85
83,6,1,72,82
28,55,29,5,62
8,38,34,58,51
42,8,63,83,77
13,11,67,75,39
26,14,33,5,51
68,6,7,72,44
12,81,23,17,47
58,2,35,58,61
72,14,10,74,25
69,42,14,84,2
45,69,55,49,80
46,69,2,17,50
6,51,88,70,61
59,14,35,44,24
8,19,23,58,30
17,44,8,1,66
72,46,89,57,38
53,37,14,11,11
20,61,13,78,66
50,3,56,54,89
67,20,22,49,20
82,86,6,23,86
43,56,43,89,16
35,5,53,66,64
58,2,69,18,3
44,33,29,32,45
87,26,51,6,89
10,64,48,75,3
58,67,73,55,24
49,64,56,68,78
38,50,17,72,89
79,18,32,36,77
15,74,69,48,51
32,1,5,78,50
62,74,60,3,89
24,64,12,63,56
16,61,73,54,87
28,86,85,67,60
52,27,2,32,26
76,2,23,61,75
57,64,31,54,74
84,29,43,82,62
41,21,70,67,47
15,21,25,87,42
71,23,32,47,22
21,53,59,62,9
76,60,44,45,1
29,88,43,29,70
27,54,17,77,48
3,32,60,7,35
38,48,6,41,89
14,1,82,32,27
45,24,86,69,82
31,77,40,33,87
34,75,56,29,6
25,37,35,59,48
75,13,85,56,77
28,12,41,43,36
72,36,84,28,36
8,20,45,38,65
8,73,49,50,5
26,46,33,85,63
50,72,50,25,24
22,36,33,45,30
42,49,36,59,30
29,69,73,42,13
21,70,80,80,89
20,62,35,3,80
11,21,5,13,75
55,37,53,23,38
28,5,70,72,86
49,76,40,40,60
40,63,81,16,48
55,42,18,46,70
28,85,78,62,39
78,13,29,30,85
1,59,6,84,54
13,85,23,62,57
17,64,43,65,11
39,68,26,61,39
53,62,47,74,75
43,64,52,41,59
76,33,79,62,33
8,34,39,52,18
86,80,73,24,51
0,48,34,17,49
39,71,64,4,60
42,88,35,43,14
23,46,39,60,66
68,59,81,68,45
15,85,27,86,16
61,47,65,12,50
73,86,74,19,14
0,59,21,75,29
63,73,27,11,75
44,15,8,43,48
70,24,30,68,20
84,87,60,71,33
52,15,1,29,80
76,24,65,14,59
61,36,53,26,35
75,78,4,4,39
22,76,10,54,22
72,63,1,68,17
25,8,83,86,35
85,83,70,43,41
73,2,39,29,11
28,63,87,36,6
7,43,23,37,4
77,11,48,53,0
1,7,26,5,15
44,86,62,9,72
25,58,33,34,33
71,29,52,21,54
25,89,57,64,62
64,19,81,26,54
31,9,48,81,82
18,22,37,19,66
27,89,29,4,32
19,25,81,42,44
74,67,29,20,19
81,63,61,1,60
15,79,12,54,84
68,70,66,39,26
55,34,69,62,43
30,43,65,47,41
40,9,0,47,55
43,49,60,43,48
0,8,43,72,81
23,70,69,83,57
32,12,5,8,13
88,5,64,67,21
8,81,5,66,44
87,84,76,37,87
27,48,58,83,53
16,86,24,87,80
36,10,66,45,11
61,25,2,34,26
44,4,5,8,45
15,85,77,8,80
12,88,31,5,70
76,6,83,86,78
32,81,31,63,50
0,54,0,0,85
9,86,27,84,76
9,0,54,9,41
48,60,80,81,51
54,72,52,61,83
43,47,51,45,24
3,86,54,83,64
71,28,51,46,85
59,1,82,83,62
68,20,56,50,46
83,8,49,65,84
85,47,62,52,86
20,44,64,78,25
13,54,23,79,75
36,80,49,16,13
46,23,81,43,45
70,24,74,18,81
20,24,42,74,78
12,0,70,1,34
9,83,5,5,39
4,76,64,3,53
71,50,67,34,15
53,18,49,69,31
23,30,78,22,26
26,73,36,9,34
32,85,46,46,43
24,5,69,56,61
37,34,32,20,0
49,54,82,57,88
58,64,58,62,26
59,64,18,8,51
81,74,61,5,89
2,64,33,10,16
64,60,44,25,30
87,73,85,50,20
34,70,49,49,31
18,74,30,57,76
57,16,65,4,57
53,61,3,70,67
5,54,2,75,73
79,8,42,74,1
29,80,47,35,46
87,26,66,2,17
39,24,25,81,1
4,33,79,0,16
78,21,49,33,86
66,78,38,36,48
3,59,49,88,69
46,77,43,45,43
86,66,43,9,44
0,38,25,89,63
38,34,58,21,73
76,47,4,8,58
79,47,55,11,17
70,37,74,26,75
1,38,32,62,26
27,35,1,6,67
20,57,5,38,53
78,73,48,55,24
26,64,25,26,45
28,42,24,80,66
69,22,56,6,40
15,43,73,89,3
81,74,42,87,11
27,69,37,81,72
68,47,82,63,78
54,49,64,82,73
55,56,34,31,21
76,81,50,5,15
31,71,14,12,28
79,43,11,15,64
43,20,19,51,36
1,34,19,16,55
29,12,76,51,41
42,0,67,10,52
87,78,31,34,23
21,0,12,76,79
22,44,52,10,55
34,18,59,75,15
30,73,0,21,44
3,33,50,56,79
22,58,50,44,15
35,87,57,83,44
54,70,30,12,21
17,68,35,65,52
65,12,59,34,28
80,43,32,46,33
16,28,53,34,59
3,71,44,6,67
40,6,79,8,26
71,83,5,37,34
44,27,39,64,63
83,33,40,52,72
65,78,89,29,45
3,88,87,75,24
68,83,23,35,88
62,28,11,12,0
77,9,48,21,27
46,7,22,59,55
67,43,81,2,51
21,14,61,3,68
11,50,48,8,75
48,50,88,60,24
76,10,38,51,23
71,65,72,3,12
50,36,2,79,70
30,89,51,75,18
66,65,53,61,80
88,62,7,4,17
2,35,41,1,24
50,82,88,84,74
38,54,29,42,20
30,36,32,74,88
67,20,35,35,58
19,18,47,3,21
32,62,73,41,32
48,11,26,21,60
56,68,7,22,25
35,79,54,47,0
0,11,19,88,1
39,23,35,82,87
14,59,84,13,48
17,69,4,75,19
45,88,73,56,61
29,86,3,83,50
88,72,16,28,89
14,18,67,26,82
44,41,45,87,34
79,34,7,2,2
64,26,83,65,5
77,67,88,46,59
27,64,83,3,66
19,22,1,77,11
1,52,11,24,35
59,65,77,59,16
29,27,25,81,39
17,30,25,78,73
43,84,82,73,45
5,82,84,20,68
7,13,56,52,12
39,19,15,0,10
55,62,85,18,77
81,20,87,87,50
27,11,12,29,26
16,6,35,74,27
46,27,33,6,27
49,27,82,11,84
82,74,9,13,17
40,5,63,2,40
85,38,4,9,19
4,45,51,19,6
42,65,16,39,47
13,38,48,38,73
17,71,11,14,71
10,86,39,82,21
84,63,5,4,84
62,12,79,40,21
81,49,29,79,41
71,86,31,72,73
42,29,43,5,21
5,83,1,19,36
14,59,31,3,54
77,45,86,45,15
70,79,56,69,89
85,42,28,63,9
4,0,26,58,71
8,65,72,26,7
40,37,86,45,73
87,79,5,4,31
57,17,34,58,39
44,30,7,5,72
19,0,83,68,23
0,52,36,60,11
48,7,32,26,19
89,55,25,60,50
37,15,88,48,55
82,43,36,30,55
78,39,23,20,82
83,4,88,88,0
62,45,37,32,1
72,70,82,83,28
86,2,86,51,85
88,26,66,62,81
78,14,84,66,62
50,2,66,31,9
43,17,14,42,5
58,4,64,24,64
10,33,36,80,17
16,70,33,88,78
68,2,81,10,59
50,82,47,17,77
89,10,35,17,72
14,10,37,20,84
77,16,71,75,16
27,85,41,18,15
2,34,41,30,85
1,89,52,25,48
22,20,80,32,39
86,87,46,45,32
38,15,86,0,17
52,20,78,70,58
44,59,44,57,32
52,23,29,20,79
50,66,5,29,5
53,87,24,68,29
7,77,4,34,37
21,86,4,30,43
22,11,34,1,11
12,12,44,87,26
53,82,64,16,42
2,5,78,68,39
29,83,83,12,84
12,36,28,25,60
85,52,76,23,32
73,88,62,26,2
41,20,71,8,69
29,74,39,26,62
40,89,75,0,60
43,88,88,48,68
64,56,46,18,24
12,11,2,29,7
29,85,2,88,83
58,51,54,36,43
47,20,46,12,73
27,50,45,84,51
36,84,51,66,54
13,36,25,52,63
6,31,31,78,20
8,10,67,21,36
17,52,6,88,71
53,87,82,2,54
32,85,86,82,19
44,25,23,32,49
23,26,62,32,11
65,51,78,28,7
49,72,69,68,66
12,80,4,10,17
7,80,8,54,30
41,47,6,68,86
69,32,8,61,42
53,48,8,5,87
33,81,86,6,44
63,62,78,53,69
65,31,11,8,68
16,65,54,81,32
26,10,43,82,59
89,6,64,11,51
1,72,12,67,37
77,50,76,17,6
73,76,9,8,3
63,19,34,36,29
43,12,1,84,50
53,76,64,0,42
32,86,76,48,78
83,78,48,88,68
4,87,86,51,18
43,69,33,7,50
35,51,10,22,88
9,61,20,16,53
11,60,9,23,57
82,78,23,60,16
48,2,3,82,56
58,12,37,27,41
31,39,83,44,37
78,6,84,60,79
34,40,53,87,51
53,74,46,81,12
26,21,72,3,84
54,24,3,16,70
12,21,88,58,48
78,88,81,83,89
73,15,2,69,12
82,87,88,85,11
26,6,75,14,30
25,62,5,85,45
75,55,78,81,63
36,57,30,6,78
53,68,40,9,47
15,52,73,67,3
71,14,68,66,65
73,42,77,53,58
58,15,54,36,56
82,67,79,12,34
25,28,51,26,71
19,41,35,66,41
44,63,47,38,70
7,80,62,48,86
20,68,79,49,71
22,85,69,26,44
15,69,0,35,51
57,21,3,9,24
7,57,8,74,50
56,71,60,51,23
85,62,58,40,18
36,8,60,6,26
86,40,7,72,44
50,21,13,33,37
64,73,43,69,22
30,74,30,20,20
54,40,31,32,53
44,30,19,84,20
31,75,55,19,76
85,58,24,60,25
84,80,13,67,4
45,87,54,5,62
87,51,88,22,29
5,27,51,83,49
47,34,78,62,8
30,67,50,35,37
61,69,73,7,8
20,64,35,7,17
10,48,37,70,40
63,39,71,61,75
36,30,86,7,23
48,6,75,14,45
74,69,20,82,61
84,88,19,78,69
69,47,58,0,9
35,81,29,34,34
30,53,78,56,83
4,41,82,80,12
61,75,34,15,89
45,87,25,89,69
17,67,81,16,40
5,17,25,85,31
58,1,37,66,81
71,43,2,31,4
49,63,41,61,66
55,78,43,75,26
58,2,69,12,65
28,66,85,73,52
8,44,63,34,38
65,40,34,48,88
68,18,24,31,18
79,12,84,10,77
68,67,36,5,10
7,77,89,5,17
31,52,40,81,88
43,40,67,81,9
10,80,16,59,68
43,84,46,52,72
28,60,22,1,80
16,53,22,68,10
2,68,14,37,33
63,27,39,78,32
21,5,23,85,64
87,55,58,5,47
83,39,32,72,58
45,84,14,81,15
16,19,41,57,33
8,15,48,48,5
69,60,6,42,13
43,89,13,54,86
20,41,12,77,86
89,73,27,76,78
81,44,3,5,60
71,42,73,87,73
10,50,80,0,59
13,74,64,15,3
36,45,56,16,46
2,31,16,83,2
16,40,31,3,69
38,31,54,38,37
79,55,31,58,42
15,72,39,34,82
58,50,45,36,4
89,22,25,23,19
2,29,1,62,89
72,58,45,54,6
65,89,86,86,86
74,68,16,57,23
2,35,80,65,12
3,63,80,66,58
57,13,62,48,19
80,25,40,40,42
82,66,48,56,51
49,42,16,67,45
58,2,81,57,20
49,47,36,42,14
72,7,50,9,78
25,72,29,88,16
5,10,49,72,3
0,0,7,27,83
31,54,59,14,77
13,82,73,61,86
38,16,45,85,15
2,65,26,30,53
68,63,15,20,88
16,61,34,3,84
61,28,62,2,33
71,38,83,58,2
45,30,77,50,27
13,84,19,86,22
43,85,46,69,34
61,52,10,38,58
15,73,25,55,75
78,68,58,75,34
22,16,74,5,79
75,45,19,43,89
16,58,82,39,0
55,11,74,51,25
13,37,66,40,69
35,31,49,51,28
86,54,79,27,14
53,2,69,27,64
15,13,20,13,4
36,34,11,8,27
82,43,10,85,59
72,54,86,66,32
10,52,53,5,84
3,70,67,85,39
2,64,39,27,4
67,89,35,86,84
73,44,4,37,13
72,78,6,89,9
57,31,30,50,25
31,71,47,67,54
74,75,54,63,8
13,56,22,53,77
75,44,69,11,25
86,43,13,3,24
50,8,69,59,71
27,6,39,88,12
71,74,86,25,65
40,69,68,3,72
6,73,70,34,45
74,41,16,10,13
48,8,82,75,22
14,77,6,31,83
57,34,46,54,13
45,69,3,2,46
55,9,34,44,48
63,21,47,86,48
43,88,21,15,2
82,77,20,47,82
44,40,71,63,51
36,68,71,4,56
37,64,71,49,77
15,49,13,60,22
69,16,68,77,22
52,51,37,85,39
63,8,7,15,73
52,66,48,1,12
9,25,21,77,50
45,53,4,40,45
74,73,73,74,40
38,3,70,87,1
16,42,63,41,15
26,56,20,69,65
69,3,28,68,43
12,84,3,12,74
52,37,67,71,25
22,82,44,56,60
79,8,51,68,10
12,10,40,0,37
14,52,18,20,62
30,24,89,83,36
21,42,51,7,70
34,50,10,18,24
15,19,46,23,83
44,55,7,65,63
2,82,38,37,39
49,87,77,29,38
55,73,86,78,13
72,42,26,46,81
55,3,4,23,55
2,74,26,50,29
38,43,12,64,62
21,88,28,88,53
33,43,56,57,68
2,80,45,60,87
28,15,70,24,55
35,4,78,52,6
82,70,7,72,16
84,80,80,23,58
42,49,0,45,65
1,73,19,2,80
22,9,2,58,45
76,20,59,41,60
87,47,48,49,76
75,61,53,39,34
21,22,69,16,43
86,42,42,56,0
22,0,9,44,35
65,43,5,32,12
49,71,28,60,49
1,31,52,77,48
46,29,48,31,10
70,15,12,65,1
41,23,0,27,80
9,37,86,74,83
81,76,56,67,13
39,6,8,73,76
11,28,14,7,36
57,53,15,81,57
86,9,10,88,60
30,84,44,8,84
1,50,65,39,76
77,11,45,22,57
82,6,47,79,13
22,43,46,3,21
21,31,33,36,89
48,15,25,42,65
65,56,89,17,23
74,40,80,25,44
30,36,27,38,78
19,18,28,21,52
51,78,72,85,24
57,66,76,89,14
1,19,10,50,55
47,14,3,44,58
25,59,20,42,22
36,9,86,87,86
70,35,65,27,50
61,60,53,82,70
24,44,9,39,47
42,37,23,28,0
49,84,35,9,24
10,59,81,74,52
74,17,25,65,12
83,10,66,43,16
57,18,8,71,3
4,21,22,74,54
31,1,42,22,15
34,22,24,37,60
29,65,46,24,34
4,33,56,59,51
74,47,3,49,27
9,59,65,27,29
54,74,87,29,43
46,0,48,84,87
68,60,27,65,41
68,29,77,39,33
16,40,69,33,37
13,64,6,43,4
11,8,28,89,71
56,69,29,86,18
29,2,5,25,49
80,69,12,72,85
43,8,48,27,55
25,65,24,53,14
41,31,2,0,32
28,7,51,83,21
11,75,28,23,7
25,34,25,44,72
29,84,53,50,13
1,30,50,13,43
37,33,89,0,28
5,42,75,51,78
43,66,74,17,54
45,37,68,70,41
15,75,26,86,1
19,39,34,86,36
78,75,24,23,45
43,76,64,82,60
74,16,5,88,30
79,29,82,17,60
56,32,34,80,25
4,28,20,26,20
57,11,18,86,38
68,61,81,67,40
83,13,39,15,35
21,25,54,35,67
23,9,80,37,88
72,74,6,9,46
74,67,49,40,32
24,82,48,89,30
53,79,40,20,84
30,63,67,84,65
51,42,62,51,57
86,79,61,38,81
25,64,29,2,86
3,46,76,83,5
21,7,6,16,65
74,22,79,5,12
32,74,40,0,75
22,78,51,56,40
4,50,27,82,27
41,57,31,50,46
45,38,46,44,39
83,35,68,38,45
58,1,40,67,13
23,46,46,46,9
55,72,48,17,44
24,30,3,80,57
76,10,65,46,44
89,55,17,56,19
2,14,38,26,73
2,41,21,76,43
14,29,49,73,24
34,3,69,41,2
15,35,66,7,72
64,66,8,15,78
43,0,72,64,46
36,50,41,61,46
21,9,7,25,58
22,57,77,23,50
31,57,45,60,53
16,87,41,34,32
73,1,3,55,64
38,13,22,32,66
8,56,29,29,86
16,1,76,67,76
22,38,57,20,60
66,22,5,62,38
24,19,10,59,62
26,66,57,18,27
63,54,83,29,46
5,85,51,0,14
79,51,48,82,86
13,87,19,43,2
61,81,18,30,6
88,56,76,10,89
9,84,28,5,26
34,55,10,66,33
78,6,10,32,81
86,13,43,18,16
75,29,56,52,26
42,56,26,56,85
3,22,33,76,35
39,69,35,14,36
60,59,62,33,20
45,35,79,41,62
55,63,15,5,43
6,17,69,77,24
5,64,36,24,42
24,77,65,34,88
83,44,34,64,0
89,61,65,75,88
41,84,63,60,89
18,54,87,46,22
50,54,88,58,61
42,83,58,56,64
43,55,49,62,63
5,39,38,21,47
9,76,63,55,69
33,12,32,42,22
53,39,55,19,79
37,64,77,10,65
34,6,0,47,83
22,56,50,43,7
54,73,7,17,45
75,31,47,49,0
34,20,81,72,37
79,0,79,19,14
55,15,6,89,41
21,77,71,21,10
31,6,47,18,89
62,26,84,49,39
6,21,8,18,34
65,53,23,44,73
80,85,61,74,54
24,18,83,44,17
28,13,64,63,48
76,69,6,47,78
37,55,82,28,70
64,41,26,64,9
48,67,48,84,55
46,76,40,74,69
19,74,71,75,80
4,24,84,13,52
32,52,8,55,3
27,63,78,13,71
68,50,80,12,83
52,64,45,5,9
83,28,5,0,78
67,9,83,44,26
80,64,85,84,34
16,64,23,16,68
47,41,4,49,42
10,62,79,77,47
22,27,14,49,62
43,47,77,37,65
27,61,45,60,54
88,59,63,43,32
40,35,1,6,66
55,22,43,29,76
86,80,84,42,76
73,8,23,14,63
1,8,1,45,52
72,81,83,30,63
22,32,40,67,18
24,86,80,51,72
41,71,20,89,16
79,87,70,48,72
81,51,77,28,2
50,15,67,76,71
86,61,35,62,56
76,81,0,55,39
51,72,65,82,19
50,9,64,13,2
38,80,60,86,7
29,40,36,9,75
87,17,30,57,28
48,79,49,78,69
58,74,76,88,8
11,42,64,48,19
88,24,58,48,68
24,49,1,2,67
65,41,76,28,87
24,23,50,55,35
32,77,20,60,71
86,19,57,79,42
41,59,39,19,79
71,29,44,20,79
31,74,13,84,8
58,40,17,79,40
48,68,44,56,48
75,49,17,44,83
39,2,66,49,45
72,46,69,20,68
64,24,77,47,37
87,3,74,14,37
66,32,62,3,4
70,87,25,7,63
32,52,6,62,19
51,33,21,48,16
72,62,30,24,50
81,27,17,42,38
61,0,12,57,66
10,75,6,56,0
82,56,20,76,27
15,77,27,59,14
64,53,64,76,5
25,28,47,44,59
27,72,11,35,12
20,55,59,54,40
14,26,72,49,46
18,19,50,29,47
41,78,78,25,26
44,14,1,39,8
34,63,56,9,39
60,48,77,60,12
43,44,24,63,36
45,59,69,62,35
15,65,28,81,57
28,36,19,57,10
63,2,45,1,72
70,81,22,22,67
29,89,30,33,9
22,61,68,29,30
84,89,55,71,19
59,29,66,10,16
76,11,85,33,23
47,20,5,59,34
54,6,45,54,51
37,46,11,77,33
0,2,6,75,1
17,53,46,73,12
5,83,6,31,81
58,73,0,41,1
23,16,89,47,51
6,80,75,9,46
41,17,74,28,19
11,24,63,45,48
11,71,55,34,86
64,46,22,45,72
7,80,73,56,32
23,72,32,79,62
3,57,67,66,66
23,49,41,69,12
46,42,32,1,32
87,37,45,78,13
74,18,77,53,42
35,39,36,11,58
56,58,89,23,10
89,13,77,82,83
86,85,6,58,62
48,87,34,55,58
19,26,59,78,72
20,0,65,25,68
82,85,89,20,9
1,79,69,6,60
77,42,32,17,1
26,16,51,80,23
13,38,12,69,55
82,17,34,1,65
1,57,12,48,76
59,46,22,71,5
49,44,53,66,83
43,31,12,23,21
42,74,76,49,80
8,39,46,82,31
31,57,44,34,72
13,52,37,66,14
74,16,68,2,24
0,47,18,35,85
20,74,12,33,77
41,32,84,3,86
24,53,27,2,74
22,45,72,23,5
3,58,60,10,80
52,89,49,20,4
68,28,73,85,10
18,88,87,12,47
28,6,74,37,7
83,74,43,52,47
40,37,10,71,64
62,65,15,53,67
57,22,25,55,57
89,64,67,14,75
48,89,68,62,42
79,15,3,39,0
4,76,78,28,21
58,25,76,33,79
21,28,4,84,22
74,70,26,59,3
87,11,40,50,35
30,65,59,69,25
63,24,48,63,52
22,60,55,8,48
13,12,83,12,77
40,11,78,23,45
58,49,67,69,8
16,33,63,8,65
3,84,10,34,15
15,6,3,0,63
14,72,26,75,82
58,78,16,8,62
10,66,76,23,22
43,71,36,82,86
38,16,70,42,47
70,46,44,25,6
87,18,89,61,4
6,8,19,72,28
66,15,20,50,67
4,7,82,63,48
40,73,3,20,42
49,36,77,85,36
33,81,66,4,77
79,47,87,23,73
1,45,29,77,35
17,53,2,59,20
21,1,24,10,12
80,44,78,34,79
27,88,48,70,32
73,31,66,36,89
18,85,45,63,83
57,34,50,0,62
56,49,1,77,13
42,26,43,17,13
43,49,33,3,64
81,25,51,46,54
37,79,14,45,14
66,73,83,35,85
17,68,2,35,87
42,43,42,24,73
56,36,9,23,57
37,10,4,66,38
64,6,23,81,54
61,3,52,31,43
46,62,89,54,27
24,14,78,55,56
26,0,78,66,23
24,27,84,62,63
70,69,7,83,6
68,51,80,30,61
13,47,73,60,15
89,37,33,43,1
24,30,36,72,31
75,63,64,23,14
34,85,59,32,85
3,3,68,53,52
22,64,43,39,67
67,0,59,33,13
26,41,8,32,27
72,60,26,89,70
56,81,77,25,30
45,41,6,38,29
4,28,75,65,34
34,70,18,35,31
58,81,24,44,44
45,83,56,15,39
31,78,25,66,79
43,87,37,45,82
46,39,64,30,37
87,14,16,80,25
41,5,44,22,21
61,39,88,15,53
42,57,32,44,79
19,12,67,52,12
29,84,6,63,80
13,27,80,61,16
5,28,17,43,89
60,67,72,58,79
6,58,35,11,59
78,18,54,79,67
13,36,28,86,11
63,66,61,40,9
53,57,73,59,42
65,85,36,69,65
1,24,35,3,54
32,86,51,11,45
6,88,46,12,19
6,24,22,31,76
71,38,57,58,74
8,8,42,74,15
51,84,89,11,65
89,30,64,72,75
89,64,62,47,53
47,88,40,6,67
66,82,47,24,47
30,4,65,36,37
75,7,54,46,48
32,10,84,82,87
81,38,59,74,18
13,60,20,20,37
29,16,78,12,86
2,56,7,33,89
11,47,8,32,46
6,63,7,56,17
43,86,74,26,48
61,42,87,25,38
77,22,54,80,48
82,89,14,19,34
23,84,26,87,82
14,71,70,63,18
79,23,15,56,46
51,73,53,87,46
3,30,4,53,89
71,15,29,52,24
67,42,6,22,19
48,21,55,86,74
39,42,75,32,28
14,56,81,16,31
61,6,71,24,61
71,22,34,25,54
2,20,3,89,16
43,69,35,15,76
6,83,46,31,33
82,84,34,78,89
30,21,56,27,75
1,15,27,58,72
44,77,80,5,56
33,63,69,39,23
56,58,63,56,55
72,24,75,15,25
36,60,29,52,45
48,2,41,75,49
25,14,67,41,11
50,28,88,36,55
84,13,15,87,63
50,10,41,35,10
62,66,13,29,66
57,19,38,37,0
22,28,27,7,45
17,9,54,44,18
19,85,61,72,77
23,16,53,80,5
7,15,24,82,65
68,21,61,63,73
20,59,59,6,69
20,43,75,78,63
37,40,34,12,49
16,5,18,9,71
55,70,83,58,17
16,51,13,70,4
51,83,83,61,28
48,62,13,65,24
41,24,3,6,44
65,84,55,69,16
70,25,68,16,34
73,47,10,27,21
0,55,38,4,34
89,65,29,54,0
28,19,47,3,43
46,47,66,21,23
52,82,83,80,77
4,80,79,29,20
36,27,51,64,54
11,86,25,58,82
85,4,13,48,57
19,55,47,73,52
0,77,0,44,2
7,50,15,24,23
46,53,12,65,82
58,81,5,76,54
61,73,15,21,66
48,42,61,8,20
80,42,69,43,9
79,46,37,77,88
70,22,8,88,58
27,52,3,8,34
14,80,47,1,3
30,77,36,75,34
59,18,12,81,1
72,41,24,74,6
25,12,70,88,18
43,59,74,48,16
0,24,32,81,19
67,87,73,67,71
74,79,61,69,73
81,76,67,58,38
21,81,22,2,81
48,19,11,8,3
1,46,52,16,66
24,52,60,54,39
72,31,33,1,80
18,22,21,85,72
52,20,52,83,54
67,9,69,9,86
59,9,46,32,10
77,13,16,75,43
40,23,59,77,57
2,25,4,62,10
36,20,83,84,31
39,46,37,41,31
5,51,35,5,11
74,34,80,60,22
6,87,41,86,78
53,13,1,35,27
84,77,11,22,72
66,69,53,74,11
73,1,24,68,32
18,45,64,7,79
25,56,55,12,59
14,74,88,28,7
4,66,7,35,89
55,4,22,56,8
82,44,4,68,65
46,40,49,55,35
20,2,6,1,26
53,20,62,39,9
34,0,42,25,46
29,32,51,55,63
63,89,59,87,33
8,67,62,25,18
80,2,36,8,64
51,81,43,25,41
20,67,16,1,25
50,84,34,48,39
26,71,87,85,8
76,5,5,35,18
83,88,47,1,15
80,5,24,74,79
49,46,72,60,1
65,9,24,83,76
36,34,43,13,18
77,42,35,15,2
35,85,24,77,29
36,34,48,60,40
12,10,59,84,63
25,84,1,8,57
14,25,45,33,76
7,10,30,59,15
77,20,31,81,74
42,62,52,21,58
87,4,68,23,0
11,2,28,81,69
35,60,88,66,40
5,51,57,58,27
69,16,6,36,62
28,0,82,44,57
23,46,41,65,53
87,39,65,2,81
58,45,41,63,6
38,27,38,56,45
31,8,59,2,84
52,36,63,57,43
38,54,38,15,85
68,68,85,80,1
12,24,48,54,62
58,73,30,7,79
2,23,23,87,56
61,62,41,66,44
50,7,37,1,46
12,33,51,22,66
18,52,9,53,71
30,25,79,15,84
58,16,21,71,82
6,8,29,19,86
41,32,60,56,57
11,32,86,40,14
42,84,35,17,77
82,8,87,76,81
68,15,54,77,12
8,36,22,74,28
47,28,23,4,64
47,4,84,60,22
64,26,50,35,57
16,79,31,28,64
11,37,34,64,0
30,56,80,6,77
39,45,27,80,69
51,47,7,25,29
70,74,70,57,16
54,32,83,48,85
29,85,71,7,41
36,35,39,10,59
1,26,76,57,32
0,16,67,2,11
5,87,57,24,45
61,43,57,88,49
20,58,74,80,9
41,72,33,88,8
17,78,11,88,54
65,39,44,54,60
60,79,74,75,78
74,83,20,27,56
30,53,14,76,40
18,56,76,47,48
18,40,87,45,53
0,86,25,33,49
31,71,42,3,53
16,44,76,86,72
76,66,19,44,23
60,45,74,5,65
34,6,4,64,31
47,52,74,49,44
72,60,28,47,63
15,27,85,26,55
89,46,65,14,67
18,24,89,78,27
62,56,21,7,37
26,15,49,8,55
78,72,70,60,89
73,18,26,85,7
53,49,56,61,69
59,28,53,36,72
7,29,62,36,28
80,84,75,26,39
28,81,21,19,1
6,4,16,84,74
74,15,19,36,83
68,77,27,75,15
78,80,26,57,6
26,21,43,42,40
85,84,74,14,82
78,19,80,47,29
16,25,62,21,59
88,13,7,1,48
68,29,38,52,48
53,34,30,8,68
61,42,13,81,36
59,89,44,53,5
85,26,40,18,62
53,10,39,41,42
41,83,76,14,62
31,71,76,57,54
48,62,75,44,71
27,13,70,56,31
72,27,16,22,7
66,17,63,45,65
71,61,87,26,9
44,38,80,28,58
52,65,62,54,66
14,65,46,9,41
52,9,35,53,6
81,43,53,82,80
56,85,48,37,45
48,49,29,9,26
17,39,63,83,82
53,36,38,57,70
21,40,83,27,1
22,38,32,26,68
89,14,52,46,88
54,34,8,32,77
83,60,68,15,72
28,44,34,47,6
35,81,12,89,87
26,15,84,28,35
10,64,59,71,29
9,22,14,45,57
3,46,13,36,77
69,0,55,69,20
64,64,65,34,55
56,62,77,39,37
39,7,28,41,50
80,34,13,14,0
43,43,70,35,23
54,65,80,76,21
72,68,9,19,85
59,27,77,63,56
8,61,84,8,84
43,21,84,41,50
30,83,46,39,65
56,44,56,87,35
84,19,10,51,41
78,58,53,39,30
65,25,35,28,28
8,68,72,56,14
66,69,56,4,7
30,35,82,34,57
45,8,0,35,81
77,26,85,9,8
10,18,40,47,31
6,1,68,10,4
65,50,27,59,81
56,68,24,65,64
24,21,14,76,43
7,12,64,33,73
36,69,65,25,75
76,52,55,83,54
83,73,33,47,19
39,72,7,8,14
48,2,17,32,33
74,46,72,41,29
80,24,46,29,32
16,50,53,45,76
23,71,55,2,3
38,55,70,89,7
83,22,24,17,85
84,67,40,68,51
37,22,48,25,50
71,68,47,58,46
87,39,84,50,2
15,76,70,45,66
50,35,23,78,45
13,82,79,27,14
11,30,71,81,88
17,69,61,35,84
41,79,28,41,39
3,9,12,24,24
4,78,13,42,75
73,58,72,82,1
28,79,67,39,64
50,30,81,73,83
68,80,19,42,86
65,21,40,47,25
29,16,10,8,70
74,40,5,13,11
75,68,28,88,64
33,75,57,42,42
83,65,10,41,76
38,81,61,46,28
56,77,60,57,73
40,25,37,70,33
28,5,74,49,38
65,56,77,71,75
40,84,76,16,23
26,23,59,9,54
80,9,69,73,1
52,46,41,5,46
57,83,43,38,9
27,23,55,55,61
14,66,23,21,76
15,83,27,25,4
53,43,10,61,57
57,38,15,62,30
53,44,84,89,35
57,9,72,72,24
22,10,22,83,22
25,1,8,86,85
15,14,83,77,56
59,20,39,44,27
18,79,17,63,4
76,58,75,87,63
32,35,7,19,88
21,69,82,81,60
40,88,38,62,7
12,75,13,49,20
1,53,37,37,54
23,8,25,16,26
30,1,45,52,50
48,24,50,40,4
34,72,75,9,67
5,2,49,87,63
83,44,8,74,50
12,16,86,44,28
31,5,32,80,2
18,41,48,70,61
72,3,75,52,80
25,82,83,88,16
39,78,9,82,29
22,79,4,57,46
5,40,75,24,59
57,60,61,74,35
79,53,35,72,87
43,50,28,70,12
36,62,8,8,24
5,63,72,30,79
18,70,51,51,82
69,23,14,64,48
25,29,50,15,14
33,47,47,58,1
41,6,69,26,59
20,67,66,54,41
51,0,9,59,47
29,44,0,40,13
29,64,5,13,67
5,24,46,45,86
61,64,76,43,2
62,26,3,56,76
40,18,77,47,43
68,24,0,41,20
21,59,58,32,10
17,73,34,80,20
24,40,67,89,7
27,49,19,24,71
78,16,83,24,11
79,73,36,83,67
85,65,81,87,58
54,40,62,31,21
88,43,8,70,5
43,34,53,60,59
30,11,54,81,6
20,25,69,59,41
0,58,22,8,63
89,73,11,57,8
72,27,63,26,74
25,16,74,32,21
85,23,8,24,50
75,67,45,12,80
75,37,88,38,82
38,78,68,15,68
31,65,71,84,41
10,18,72,0,75
71,45,36,1,76
58,19,55,56,35
50,16,85,46,79
31,60,12,21,19
54,29,62,62,31
10,18,79,22,73
75,26,78,81,39
12,72,56,28,50
5,80,69,71,14
64,49,56,20,76
56,82,31,4,71
1,4,63,49,62
42,72,66,25,40
62,6,63,67,47
85,75,48,83,79
88,55,59,25,37
36,32,60,55,50
29,15,21,58,2
48,11,64,57,64
19,40,58,52,35
75,33,10,31,54
50,68,69,6,72
33,22,15,17,9
46,67,30,59,13
27,87,23,83,34
9,18,34,83,44
79,14,84,28,52
25,77,64,55,46
65,2,54,1,16
54,4,62,80,3
4,83,24,68,6
33,30,12,40,65
50,44,2,69,36
59,74,87,52,69
24,85,61,5,23
60,81,89,43,17
21,1,57,54,81
13,39,15,72,9
21,46,28,19,87
12,16,6,58,19
64,85,4,27,6
11,78,36,60,24
67,35,13,27,4
48,8,68,76,10
43,54,73,21,47
60,24,13,17,71
26,60,22,87,80
64,7,18,78,21
57,83,6,6,78
86,36,12,89,85
83,87,47,33,26
15,18,51,64,66
35,77,67,20,7
75,47,70,45,76
45,30,60,52,81
43,34,81,38,11
81,78,11,72,80
22,89,41,18,86
54,10,16,37,25
15,42,57,54,42
20,6,21,53,58
58,48,16,5,64
65,21,47,40,22
37,23,44,65,82
33,82,42,86,72
38,79,11,72,37
76,59,32,28,58
29,25,10,55,26
13,30,40,72,42
66,78,6,24,56
61,38,21,3,8
17,36,15,75,33
65,31,9,75,2
49,40,51,26,53
83,0,49,85,34
75,87,18,23,70
54,46,11,89,50
18,19,59,43,16
11,81,27,78,87
14,60,51,34,41
5,10,29,19,83
36,17,79,44,9
89,61,66,26,43
66,17,82,32,21
83,76,46,59,32
24,47,42,42,44
77,17,64,3,86
22,60,28,68,25
75,40,24,82,15
36,68,11,26,10
66,17,76,68,42
70,16,25,71,14
39,65,80,29,29
54,54,26,16,24
82,86,88,63,13
40,24,41,67,45
88,82,10,21,37
15,31,30,88,10
6,82,47,7,3
72,37,35,37,74
82,71,17,73,16
89,32,48,69,4
56,88,73,18,29
72,79,8,80,84
88,60,67,58,37
30,83,84,31,85
33,77,52,73,76
88,29,86,71,50
75,29,32,53,9
27,61,66,47,84
86,65,8,65,18
46,7,5,28,34
11,39,15,61,17
49,12,37,42,15
74,3,36,62,50
25,39,22,52,13
79,88,68,19,59
53,2,7,20,45
4,49,54,6,22
8,68,74,0,59
63,43,62,52,6
66,56,26,54,44
2,56,63,60,1
48,81,37,46,10
54,39,70,85,18
15,3,87,1,36
77,80,79,31,39
29,79,31,76,42
16,7,50,42,31
28,58,57,45,33
60,79,89,8,73
76,0,53,7,16
56,63,45,17,25
71,58,46,36,15
61,70,67,10,85
34,45,76,62,19
72,54,45,58,48
23,32,63,59,2
79,38,40,3,74
60,1,45,54,26
85,62,37,64,5
34,44,53,56,27
62,21,21,19,42
4,85,72,37,82
82,43,24,15,44
32,19,11,14,7
7,67,86,80,67
74,27,75,16,57
77,66,35,28,36
43,57,45,3,11
84,4,42,67,63
46,27,26,20,10
44,12,44,55,80
18,53,36,74,66
26,15,8,12,57
50,7,64,11,1
24,19,52,38,38
77,6,36,3,44
19,89,35,14,39
10,58,31,66,85
56,55,27,58,3
82,62,34,42,76
66,54,73,2,72
48,68,38,27,68
44,11,4,77,20
45,53,53,31,78
1,87,19,62,46
68,22,88,76,14
56,67,32,10,79
16,6,36,12,3
82,44,6,68,69
61,50,16,69,70
35,10,39,62,41
36,21,88,18,52
89,4,62,69,33
65,40,42,46,36
65,66,28,82,51
38,86,42,41,60
63,52,75,58,84
12,82,89,9,70
75,86,65,43,32
82,60,60,86,52
2,87,74,71,81
33,81,70,23,20
46,5,83,8,57
82,47,46,16,3
46,52,22,67,35
77,23,63,86,21
20,84,54,26,57
82,67,6,7,21
70,31,87,24,11
48,52,61,83,61
3,81,51,56,85
41,32,76,60,23
61,79,58,26,1
56,37,60,23,49
77,54,3,81,1
71,14,36,50,26
66,33,79,22,66
82,43,10,46,25
76,31,61,52,32
50,69,17,46,37
54,88,48,13,28
32,86,11,81,41
11,62,22,68,71
18,6,65,77,22
47,64,27,75,65
42,30,56,55,15
76,53,26,71,58
34,73,40,80,12
55,87,1,89,6
59,69,4,1,70
4,46,19,15,34
57,45,29,81,67
2,36,69,60,29
47,74,22,18,64
7,76,72,45,14
32,74,57,41,32
3,3,37,38,70
80,8,18,69,73
64,46,7,33,7
54,6,62,17,69
55,3,73,65,26
55,70,2,9,22
5,26,59,19,28
89,73,43,14,62
72,13,34,41,40
19,4,82,50,32
73,15,57,0,84
64,32,42,54,81
83,88,11,64,23
79,0,11,25,86
49,52,70,77,72
65,13,86,71,18
88,47,41,68,63
22,57,10,39,84
43,66,60,70,78
59,13,21,27,17
76,56,83,23,88
32,75,4,73,62
71,69,19,1,65
54,4,20,78,50
46,46,5,26,59
2,25,54,19,1
44,70,22,21,20
82,36,26,48,53
45,13,36,65,22
31,30,70,83,53
2,10,82,2,68
31,0,63,9,48
89,2,25,60,52
3,71,29,43,62
62,6,3,56,79
2,60,89,63,36
55,56,55,77,30
54,54,31,15,15
31,15,68,55,38
89,3,88,24,66
35,69,64,0,86
32,39,71,18,66
72,69,18,55,67
29,78,50,14,88
19,71,37,21,62
2,24,8,18,77
15,54,27,39,19
83,55,67,75,74
65,38,63,48,39
78,18,0,82,40
16,63,28,2,11
85,80,19,72,45
54,52,82,14,28
53,89,68,19,81
44,40,4,0,89
48,89,85,84,85
67,88,48,16,6
89,62,36,13,71
41,63,21,71,69
8,55,87,62,82
26,5,76,76,43
5,22,27,7,4
58,72,83,1,52
26,51,62,20,55
30,31,28,8,72
69,46,46,45,10
83,28,73,46,54
75,40,73,40,43
61,81,6,34,40
56,37,33,20,77
65,6,75,85,50
58,54,70,46,13
26,62,76,54,70
6,14,13,74,11
80,36,68,73,17
50,18,65,33,50
85,4,44,57,66
6,73,57,76,49
12,35,37,3,35
79,44,35,61,63
62,64,23,48,66
25,20,18,15,36
9,21,71,85,30
7,81,31,44,36
47,32,65,60,18
76,6,36,7,11
9,43,4,14,74
65,7,36,19,34
50,45,58,65,13
52,5,10,12,78
17,54,41,20,43
10,17,23,25,42
23,64,47,40,10
84,39,7,21,68
21,62,29,53,84
81,0,59,68,65
83,6,39,84,87
70,47,60,57,33
33,34,55,39,18
38,37,72,22,63
67,17,15,6,46
57,36,69,49,32
32,25,69,85,85
9,45,10,14,22
39,60,57,46,59
20,64,64,57,28
77,13,39,73,43
17,51,41,5,8
51,88,15,88,20
34,47,62,5,38
75,76,23,43,75
78,0,9,49,24
46,53,28,3,66
89,75,12,33,34
0,67,8,27,58
45,86,76,24,13
17,38,35,76,58
27,66,48,38,51
56,49,19,86,14
74,70,77,59,48
51,7,20,25,89
21,79,75,79,59
43,73,14,76,53
38,88,87,52,77
21,80,73,15,64
55,78,1,15,52
79,78,12,26,62
17,7,23,75,31
37,10,21,59,7
5,35,0,37,86
41,68,62,69,43
36,32,51,89,73
31,84,28,68,36
70,67,45,79,37
72,20,53,51,53
79,18,52,15,3
6,80,2,42,11
80,44,18,72,43
50,78,45,65,37
1,2,49,85,10
31,48,48,40,60
6,67,66,75,7
3,27,65,39,33
55,33,65,76,55
55,52,22,51,83
40,80,34,57,69
23,62,86,53,55
83,25,87,65,34
48,33,45,41,8
44,27,8,84,24
19,76,4,87,2
11,56,10,25,56
8,40,56,18,46
30,49,27,66,19
41,24,55,31,68
21,57,87,63,20
62,78,0,62,4
42,66,52,80,88
23,61,65,81,1
74,15,26,47,38
52,73,38,46,37
89,52,25,8,71
37,41,38,21,39
14,9,7,7,14
23,55,20,60,13
25,0,21,68,6
46,21,24,33,53
6,9,4,47,14
40,57,21,73,29
30,36,66,81,31
50,6,1,77,39
57,74,66,79,43
15,70,11,39,55
26,27,15,21,75
42,82,55,50,82
69,28,68,85,65
26,57,11,45,36
21,50,83,14,0
57,4,69,27,42
85,79,59,74,43
89,38,83,4,11
89,57,65,80,47
33,18,39,27,68
68,89,88,15,14
18,72,76,39,64
45,88,27,29,48
40,6,0,50,81
59,76,44,22,69
55,29,14,48,84
83,47,71,41,84
46,31,63,25,0
81,75,25,40,11
33,3,79,49,4
88,1,20,31,10
22,17,88,6,76
48,49,44,74,2
13,23,76,76,78
40,49,21,46,41
76,34,16,14,44
56,50,53,76,39
73,85,48,60,71
2,68,58,24,74
42,33,8,41,31
66,36,37,68,23
84,73,30,3,25
6,0,53,23,18
67,15,33,38,63
49,0,4,38,57
64,64,74,29,22
88,57,76,64,53
89,49,88,5,20
33,70,55,50,69
55,30,49,72,22
26,2,65,12,71
67,76,64,41,1
76,79,26,62,54
39,53,24,53,32
58,0,73,44,28
2,79,21,79,47
8,69,9,11,70
59,42,80,16,82
88,86,66,50,42
79,69,81,42,33
23,58,88,16,46
47,83,15,70,37
16,14,75,20,84
25,16,61,15,15
67,39,5,69,23
13,27,9,83,70
27,72,32,0,36
26,21,36,18,5
89,4,39,58,65
33,75,59,29,83
68,69,30,2,37
7,39,89,54,74
28,18,83,33,79
58,43,17,71,42
4,80,44,73,11
7,77,52,33,35
79,0,31,61,2
26,56,57,18,11
68,12,85,7,33
16,9,64,3,75
34,24,1,57,76
73,0,80,86,52
38,84,22,52,61
2,71,13,7,5
57,7,75,15,87
33,71,50,35,0
71,18,20,14,70
64,40,1,18,82
36,76,10,4,44
1,80,70,82,25
9,19,46,13,26
46,88,68,31,29
6,47,84,25,4
87,41,31,12,60
43,29,77,52,89
85,52,18,45,7
75,48,69,60,32
44,70,78,71,8
43,33,79,78,32
59,19,44,86,60
67,82,64,50,51
31,43,8,45,42
28,11,63,29,53
76,47,6,88,52
0,79,28,82,85
85,20,76,19,39
47,35,23,66,89
21,50,11,1,15
0,3,12,64,75
65,71,68,79,18
4,50,61,80,78
86,89,0,4,83
35,26,83,59,80
27,13,0,35,77
9,73,65,17,46
51,13,24,28,50
2,17,6,54,59
0,19,77,87,12
50,56,36,48,1
19,9,89,21,84
55,43,27,39,65
34,72,85,87,85
19,9,20,25,78
51,20,10,40,76
89,53,46,15,51
70,64,30,66,22
67,81,17,12,26
1,65,7,60,86
73,79,14,22,21
11,12,14,16,12
49,50,50,68,39
0,25,9,43,70
89,57,84,8,25
6,78,35,86,39
55,14,85,41,23
3,39,49,43,55
55,27,24,76,82
81,46,31,6,78
38,11,5,72,89
32,45,75,19,69
71,49,56,40,72
86,53,25,29,0
2,41,72,40,54
51,44,0,5,56
67,54,17,63,44
81,84,33,83,76
4,30,74,12,60
42,83,45,69,37
34,44,12,73,84
85,73,26,3,43
71,2,78,60,68
65,4,70,79,85
87,78,25,71,70
89,65,83,82,3
29,6,79,36,3
89,67,65,31,28
38,44,85,37,65
86,35,3,37,39
48,14,15,58,1
56,69,34,20,76
30,26,3,9,19
41,25,62,32,23
52,15,54,71,7
15,38,7,84,82
60,14,20,27,4
10,68,80,20,12
30,53,48,5,60
14,1,52,71,35
76,5,57,78,15
9,6,85,74,49
39,68,89,20,3
47,50,79,62,45
88,46,75,25,14
46,76,38,82,52
21,19,35,67,0
55,52,0,79,67
40,86,20,0,18
76,18,51,14,32
12,72,0,60,41
61,50,9,1,80
19,21,9,4,1
11,8,40,4,35
10,69,2,39,57
65,5,12,37,16
51,83,62,64,27
21,24,57,39,14
10,11,77,39,21
8,87,52,89,59
88,63,79,79,78
71,60,58,59,49
57,24,27,14,0
23,7,12,88,20
46,57,15,78,13
50,23,18,1,81
53,20,73,12,30
9,18,34,18,67
78,82,70,72,61
74,77,16,12,75
40,64,55,65,68
67,83,71,37,36
68,59,73,38,34
88,22,64,57,66
58,21,82,7,25
66,60,8,20,43
86,42,40,22,61
65,55,13,9,46
58,6,35,82,72
72,76,21,85,79
61,66,29,40,12
2,16,78,8,20
63,6,76,61,50
52,34,54,72,48
18,70,13,13,68
83,52,63,57,57
43,3,9,32,45
77,86,61,11,83
29,0,61,11,29
23,64,5,35,51
44,3,6,73,17
8,89,41,40,12
23,83,63,67,80
37,28,63,72,58
42,7,6,28,59
71,46,17,83,11
1,73,45,17,4
20,28,81,46,42
40,33,50,37,53
85,6,85,56,36
11,77,62,66,35
53,2,38,1,86
28,40,66,35,51
74,24,1,43,68
17,40,28,75,62
32,80,62,87,56
8,54,49,3,68
63,87,44,28,84
82,30,75,43,22
79,45,54,0,12
21,46,36,53,27
43,47,54,31,86
58,73,33,88,14
69,50,67,27,31
57,63,89,64,25
38,21,44,6,70
11,85,40,53,63
13,27,21,19,14
1,72,5,70,80
36,80,5,56,13
59,71,54,6,68
86,65,62,45,33
19,61,17,36,33
6,9,59,13,14
49,5,61,10,36
48,4,42,49,64
39,82,23,45,81
30,89,46,33,70
53,1,38,69,63
17,11,51,75,0
49,83,23,42,86
10,64,86,72,7
76,23,85,28,58
9,85,76,56,34
46,0,8,23,22
48,16,7,34,59
77,64,51,64,7
10,69,18,83,21
59,36,69,14,35
68,89,83,47,58
6,35,28,48,76
26,6,39,56,29
34,2,54,76,35
49,51,46,59,39
4,74,85,25,40
48,34,74,68,33
75,83,27,9,69
39,67,32,8,53
10,44,66,76,8
6,5,73,23,28
84,47,0,74,4
3,5,19,18,53
60,55,87,44,80
3,10,83,6,68
51,58,22,42,49
42,77,65,20,82
21,2,82,74,55
16,62,66,24,44
32,24,10,1,9
13,19,54,21,6
48,61,59,71,55
61,88,51,31,2
44,52,55,31,0
69,15,24,5,19
85,23,72,76,45
78,72,8,6,3
75,69,76,1,47
18,31,4,3,48
25,60,45,87,14
85,12,10,35,25
50,22,54,50,8
44,46,88,33,17
46,75,76,56,27
86,45,82,35,37
17,86,39,35,17
73,72,88,60,50
35,50,62,34,8
55,65,21,75,81
47,34,15,20,32
11,60,20,58,29
43,40,19,24,66
84,63,73,22,6
34,58,86,69,79
68,13,62,79,1
42,51,71,31,70
3,65,40,43,62
25,59,79,47,79
82,65,28,80,87
59,51,79,44,35
78,76,25,89,30
15,75,29,85,34
79,82,35,37,83
79,17,60,4,52
72,22,16,8,66
18,77,26,16,27
44,54,88,76,27
15,5,15,16,49
51,67,12,54,67
16,23,55,59,4
25,46,49,12,58
44,39,44,48,42
6,58,49,79,61
55,36,0,64,24
71,4,75,74,9
24,65,37,68,10
85,30,62,42,15
82,62,84,47,36
65,43,30,8,16
60,0,17,85,49
3,38,14,47,44
60,84,43,21,37
70,44,68,29,66
81,23,67,60,59
34,45,9,65,51
87,15,34,76,63
37,84,39,47,36
50,81,13,45,78
70,30,54,55,52
31,44,50,47,9
30,48,31,79,35
55,46,36,76,82
52,78,88,28,14
3,67,15,69,34
28,63,82,67,16
73,57,71,2,43
77,62,32,20,31
22,5,33,52,4
17,14,0,63,57
10,7,48,1,80
39,68,23,7,12
82,50,5,72,86
38,26,23,17,55
81,45,47,64,86
73,50,6,57,26
29,42,40,32,31
60,79,14,77,27
33,45,83,88,68
64,6,72,73,30
46,61,86,63,88
59,75,0,55,4
17,21,16,20,38
19,89,17,11,5
4,53,76,5,48
29,28,8,15,31
53,28,35,86,48
37,75,89,79,9
78,59,71,88,48
68,66,28,62,76
1,38,61,84,64
20,56,82,82,83
68,40,40,70,53
44,72,19,20,74
6,10,87,21,63
60,32,4,81,65
61,78,0,38,60
79,1,60,37,52
73,70,55,80,59
63,70,20,20,5
51,74,75,33,24
10,84,65,76,62
52,86,40,31,88
75,71,0,23,38
55,71,56,63,8
24,35,35,46,46
65,58,41,12,23
71,88,26,79,28
47,13,36,53,77
15,56,83,36,8
89,80,68,18,29
88,69,9,39,16
15,83,70,58,46
35,80,8,40,74
88,26,28,74,82
31,52,39,32,8
39,1,60,0,30
2,46,0,56,24
54,43,87,54,73
82,22,26,16,68
23,13,13,68,47
3,21,76,24,47
40,46,23,54,11
22,35,73,73,33
53,9,47,56,54
20,52,5,25,37
26,87,83,72,35
16,87,57,14,87
45,4,85,57,39
12,66,75,34,4
61,64,73,38,75
74,52,77,19,63
75,34,70,80,81
87,89,30,89,67
39,28,10,64,69
28,64,30,42,70
70,3,10,44,7
33,48,53,22,5
21,41,11,17,79
75,63,46,74,16
31,7,70,64,70
26,5,25,7,20
20,55,7,38,77
58,71,16,19,2
32,81,6,56,21
82,43,8,16,30
28,80,7,70,15
42,75,61,7,57
67,61,81,47,81
85,33,21,55,48
86,36,72,76,24
65,84,45,80,28
81,22,30,8,69
46,60,75,12,77
89,3,89,10,70
3,36,50,24,12
36,38,45,53,65
56,24,71,74,82
7,40,73,75,20
50,60,82,24,6
40,84,31,9,23
74,47,25,51,74
54,39,13,61,42
75,21,77,87,73
70,81,61,35,18
32,17,25,39,83
63,85,10,62,61
20,89,47,52,23
11,62,19,70,5
31,31,50,42,23
85,47,20,35,6
87,29,71,19,13
64,68,19,43,80
58,30,62,34,24
44,46,73,36,17
60,58,6,76,6
33,77,31,6,48
50,17,77,71,87
72,55,26,5,72
19,17,34,47,65
68,61,46,3,46
60,8,11,61,45
88,17,53,3,52
0,18,84,22,72
89,9,3,40,69
73,86,82,62,34
84,1,29,20,18
24,20,1,60,56
75,70,17,13,11
67,87,52,81,72
30,46,6,46,66
44,80,5,85,6
3,84,23,50,16
70,50,52,41,9
51,61,30,25,32
78,86,13,26,71
11,87,43,3,65
6,47,31,81,37
62,81,72,5,1
34,77,66,39,16
14,46,11,15,79
29,16,52,6,0
20,24,1,22,88
7,47,31,28,62
88,27,75,79,72
11,72,19,75,79
20,35,64,26,27
42,16,23,52,80
25,34,16,33,25
60,33,66,8,17
36,50,33,79,4
38,68,50,31,25
51,42,39,24,33
10,69,11,63,84
22,78,1,88,6
55,34,3,7,29
21,67,41,53,46
47,41,28,78,7
58,82,62,51,7
63,56,35,12,15
27,15,15,45,44
82,25,15,65,7
6,20,54,17,34
4,54,69,12,3
26,74,0,89,11
26,1,33,46,54
71,8,76,29,19
24,9,34,10,52
23,72,63,71,77
52,48,20,42,46
35,8,74,47,58
2,76,59,22,81
7,68,47,5,41
66,86,14,30,43
9,28,4,68,68
60,22,83,88,20
21,0,8,10,8
67,47,25,34,58
4,87,61,27,58
28,72,39,63,61
6,70,54,26,26
24,43,67,1,87
65,58,44,9,73
77,49,72,10,76
35,89,72,54,9
68,38,74,71,30
4,78,37,14,64
46,76,9,74,24
87,81,48,48,38
65,81,76,79,78
8,55,45,8,57
55,5,39,61,41
88,46,58,68,59
28,35,76,29,31
52,34,58,25,2
17,37,7,31,34
22,14,80,20,52
6,61,20,82,57
50,69,3,1,47
41,74,82,73,89
36,83,5,82,32
45,6,68,32,36
12,50,49,68,79
85,21,21,27,66
65,32,10,54,21
53,81,2,33,32
13,88,14,28,49
55,80,38,41,52
77,53,40,21,70
32,34,29,81,21
68,67,83,75,51
9,36,70,40,67
48,5,44,57,45
55,60,36,37,72
31,80,41,7,76
84,29,30,24,40
9,70,8,61,87
88,17,83,22,42
2,66,58,3,61
74,88,57,33,29
76,55,41,69,23
7,17,61,77,82
87,80,73,76,87
12,86,47,26,54
27,39,23,59,72
46,71,54,87,11
11,5,70,66,85
24,33,24,10,45
16,83,68,37,60
50,2,8,18,36
14,72,9,3,39
50,25,85,36,71
50,65,18,74,85
22,48,56,25,53
0,40,46,41,72
25,36,22,40,3
73,4,88,44,18
87,51,76,32,0
9,45,48,70,82
18,88,13,88,31
73,16,77,65,87
42,8,77,49,12
79,53,83,18,16
84,2,68,6,8
76,16,29,42,74
51,13,74,63,78
53,56,86,71,51
29,50,11,54,39
54,89,76,1,51
28,34,34,38,82
38,52,42,79,39
0,77,46,32,85
58,30,52,63,35
73,87,44,67,53
48,51,4,20,9
39,41,79,13,17
57,69,30,67,76
78,7,87,55,51
45,69,14,69,64
45,89,75,2,86
57,14,4,74,83
0,43,27,11,34
25,53,84,58,11
52,38,55,71,74
88,55,77,70,2
55,10,12,48,38
78,55,46,82,84
86,13,44,68,28
78,36,73,67,8
79,88,44,48,3
37,63,14,47,56
70,72,9,21,69
17,47,4,78,29
3,34,12,69,1
56,46,46,69,70
66,76,29,78,4
0,12,62,57,68
40,52,51,36,88
33,51,76,17,69
47,58,3,67,5
9,63,48,37,29
41,61,68,79,59
19,20,84,21,54
26,89,82,36,74
86,59,85,52,13
21,73,88,42,78
3,44,53,43,41
65,25,53,51,22
69,24,22,0,8
26,12,70,72,6
59,20,13,62,82
11,17,71,45,67
58,11,31,41,72
14,77,25,48,43
83,34,74,86,20
6,78,54,21,37
69,55,72,77,40
39,81,31,36,73
68,41,39,81,43
6,84,33,45,28
76,44,10,0,21
38,62,64,50,57
53,6,56,42,53
51,77,17,78,24
62,70,32,38,32
44,82,15,34,63
4,86,25,30,69
12,34,67,60,13
51,52,59,33,6
6,61,7,11,83
42,78,51,59,27
9,32,66,22,58
9,45,34,23,55
0,79,5,67,29
35,28,4,2,65
42,13,40,66,78
79,60,32,65,85
41,62,76,86,65
41,83,45,88,18
35,71,28,61,26
60,64,48,71,55
27,56,85,89,44
89,85,41,56,35
16,4,38,71,81
66,84,13,38,65
20,31,66,24,54
8,78,89,8,26
39,66,28,20,12
43,38,6,66,32
49,19,24,38,66
62,62,26,40,61
8,22,57,85,78
22,39,65,39,59
7,2,85,76,88
24,75,38,26,32
29,84,46,23,71
84,54,69,70,35
67,9,58,28,6
52,48,88,32,9
33,3,60,44,89
2,9,57,68,13
36,61,56,79,79
53,80,84,13,4
10,65,50,71,73
10,60,37,85,26
75,76,88,58,68
39,79,37,2,11
72,75,57,27,18
37,14,37,57,70
20,4,88,88,3
30,65,57,85,27
2,23,88,17,17
5,15,66,78,87
0,38,85,40,78
72,16,50,88,32
81,18,57,46,54
68,19,6,34,54
8,57,43,52,77
66,74,81,19,70
7,25,51,76,21
86,49,33,12,82
3,8,46,79,72
17,77,46,65,2
71,9,39,47,82
62,89,68,28,5
8,26,72,8,47
10,56,37,48,69
34,74,50,43,40
72,38,43,50,28
39,59,23,44,7
49,66,10,59,26
69,36,49,9,75
69,42,36,50,23
48,81,29,45,75
61,59,35,11,82
56,19,43,1,23
31,54,47,78,89
29,38,3,7,17
83,18,45,18,42
24,42,55,22,84
37,28,29,3,56
66,10,88,72,13
65,23,76,30,37
37,29,46,52,28
40,18,39,52,25
71,54,28,69,29
22,17,10,82,69
49,38,49,78,37
8,53,51,51,64
59,34,47,24,74
30,16,11,82,23
25,26,21,9,22
83,10,21,26,72
87,85,7,6,16
0,34,26,66,64
46,46,51,23,31
70,42,20,47,14
46,38,57,13,6
42,48,77,29,22
84,26,75,83,16
78,33,21,42,15
60,24,24,60,0
14,86,61,8,78
2,6,53,19,58
44,1,50,20,83
16,16,42,21,44
67,81,55,54,62
56,16,73,48,26
17,31,26,56,16
4,33,36,37,16
82,64,0,71,4
10,47,13,36,54
72,80,50,78,53
35,72,7,59,28
24,56,16,3,3
14,28,41,34,23
46,43,55,17,39
26,53,56,36,41
70,82,30,13,78
72,84,39,86,79
40,10,82,11,61
46,83,44,2,25
10,83,35,81,86
82,33,14,77,87
23,2,44,33,12
66,88,65,0,26
23,43,59,28,19
87,6,78,84,49
53,31,44,79,36
9,77,53,11,72
69,14,33,61,58
60,49,60,20,84
17,66,41,69,0
6,10,53,71,76
33,36,73,82,10
4,5,45,31,38
72,8,85,55,34
15,1,76,5,77
33,31,3,14,78
48,80,69,12,42
40,59,76,16,77
52,76,82,72,48
86,80,58,31,37
14,76,37,45,78
80,0,65,4,7
54,80,20,76,12
21,30,76,12,47
74,18,30,88,38
1,62,54,87,18
14,75,51,12,45
75,61,74,27,81
27,3,45,29,78
7,44,14,77,35
3,39,35,57,88
86,36,40,11,30
24,53,17,42,61
1,74,11,23,61
55,14,11,68,13
51,57,18,72,77
77,13,31,10,47
80,21,54,14,39
42,24,0,31,69
48,64,15,39,38
60,59,16,18,26
40,36,60,50,45
78,13,19,20,5
21,21,43,3,57
50,50,38,51,6
7,37,51,55,44
7,53,6,88,37
21,19,35,42,20
31,56,53,1,64
39,28,48,79,51
57,12,72,55,7
21,63,36,31,5
46,0,16,11,59
85,56,35,34,59
89,74,5,17,64
8,53,51,70,47
7,62,28,63,77
17,32,79,22,52
26,5,52,87,21
64,61,18,17,47
31,46,42,42,62
19,64,24,79,75
32,13,86,11,22
56,31,35,52,77
51,21,24,10,52
9,71,73,42,44
0,44,53,82,59
77,42,55,80,79
78,70,26,15,29
24,33,66,34,40
45,69,50,61,88
86,32,81,33,82
19,4,31,32,57
74,5,24,50,3
31,84,71,72,47
64,31,13,63,84
66,64,51,45,27
22,45,8,69,42
34,57,83,11,27
19,1,16,31,44
2,89,19,36,47
33,9,83,15,72
15,70,45,50,12
49,12,54,35,3
41,35,16,61,49
10,48,59,28,33
37,64,5,62,15
14,50,7,56,53
62,46,46,82,75
33,6,69,16,44
2,81,20,27,26
55,0,32,57,82
31,57,31,39,6
4,67,24,50,84
42,9,3,88,65
82,16,44,36,73
54,56,14,36,83
6,54,71,46,57
73,40,81,4,67
73,74,46,57,16
76,31,21,82,1
4,4,48,5,64
67,50,6,54,63
5,89,14,72,40
65,44,68,23,73
71,35,34,88,49
5,39,34,55,69
48,20,4,41,38
34,81,17,69,13
5,18,7,68,44
53,30,10,27,25
19,20,22,3,63
85,43,77,11,80
72,48,0,22,17
27,8,43,59,31
40,42,48,16,28
5,80,71,54,83
29,71,46,33,59
38,34,12,76,74
4,51,17,69,78
58,74,33,33,6
79,60,5,50,1
42,1,87,14,38
33,66,22,58,53
59,38,36,33,74
24,22,81,87,52
89,2,45,17,65
79,71,26,37,81
5,4,63,88,37
35,38,9,47,44
67,77,27,13,63
35,16,34,1,55
31,62,75,7,54
4,72,50,77,27
58,33,37,64,71
46,24,24,29,80
70,4,86,22,18
19,82,12,24,79
78,33,9,7,59
73,86,83,75,10
74,53,59,29,85
66,7,74,67,15
56,40,60,83,36
11,73,44,27,19
4,65,74,3,43
43,12,45,27,29
29,73,3,6,72
76,19,17,3,0
68,77,7,12,85
20,42,20,3,33
52,18,54,9,53
37,70,59,23,15
21,66,13,59,40
24,56,86,32,42
28,73,3,89,44
32,2,2,65,58
49,89,71,22,61
42,49,69,76,18
0,61,81,3,25
56,37,48,19,44
68,85,20,43,80
88,49,34,9,1
43,10,84,54,83
21,1,43,73,1
75,15,18,64,79
81,47,10,88,68
51,9,9,45,40
0,82,40,33,20
28,10,56,61,25
17,59,45,12,70
68,44,88,6,76
21,58,20,87,35
14,48,83,76,70
46,32,58,44,26
71,12,32,79,13
67,81,20,75,28
6,1,51,28,14
80,85,82,10,89
88,39,9,55,50
45,82,58,46,16
17,4,54,3,66
15,31,69,0,54
75,56,31,34,64
84,25,66,63,28
22,44,58,44,73
7,32,20,12,81
56,6,45,61,23
82,77,83,58,57
57,42,45,81,53
87,74,20,77,80
13,35,89,88,57
35,35,37,47,11
16,8,19,84,26
65,22,5,4,64
45,47,29,3,35
49,0,19,43,80
19,3,45,61,59
66,30,69,47,66
53,11,20,24,45
6,37,47,12,56
88,55,2,24,77
75,86,52,39,84
35,14,25,55,8
37,13,53,49,14
29,27,33,8,35
34,48,16,78,14
69,21,28,6,18
50,44,28,45,73
23,28,17,33,1
36,37,70,50,86
0,65,57,20,18
86,75,38,36,82
0,50,21,63,19
4,1,8,51,71
52,58,82,25,80
66,63,24,25,72
87,60,46,7,36
60,57,40,37,9
61,41,67,40,57
56,86,74,59,56
47,81,29,89,15
21,55,45,54,35
81,0,9,65,43
67,10,79,59,5
89,86,28,50,48
66,31,71,7,71
0,78,31,61,26
59,37,27,50,35
23,21,52,66,84
79,50,73,72,16
21,72,11,20,16
67,33,47,54,47
68,89,75,67,88
77,52,85,7,8
4,85,78,31,5
79,80,41,2,67
14,87,66,81,9
77,82,78,71,43
89,40,51,18,32
42,2,57,20,74
48,68,89,2,75
20,60,36,77,53
49,23,58,73,17
27,46,51,50,77
89,42,68,36,73
33,86,50,56,66
11,83,3,56,4
79,30,31,66,87
35,24,9,1,87
12,61,52,19,51
46,37,83,26,49
8,21,6,39,34
33,58,84,88,28
35,63,42,62,18
39,7,14,75,61
11,88,18,83,42
49,11,20,83,16
74,48,53,27,17
46,33,71,22,5
31,46,69,32,35
53,57,37,85,52
54,8,87,58,15
63,39,65,78,3
44,82,27,0,46
28,48,14,10,76
67,81,7,10,26
32,73,17,18,89
70,46,59,0,59
19,5,19,72,0
13,29,6,75,50
15,82,4,80,86
24,58,84,41,58
78,58,28,50,53
33,30,53,72,35
1,50,84,20,20
22,39,74,34,17
11,14,80,84,17
3,87,54,84,56
85,40,56,24,59
13,68,25,82,15
54,14,39,60,13
50,1,63,20,44
21,27,55,9,64
18,51,16,55,48
0,81,14,7,72
88,51,48,71,21
40,24,23,76,34
10,88,30,55,57
25,14,54,84,3
68,24,31,7,20
43,80,41,21,52
31,12,18,84,6
88,30,17,59,7
12,85,28,77,64
73,3,15,88,66
45,70,3,9,33
64,83,19,38,73
10,37,39,76,65
89,14,28,14,0
54,2,78,15,75
26,85,15,15,89
18,61,21,18,0
8,49,41,62,30
81,58,0,16,61
7,15,41,59,53
61,64,87,51,27
7,46,46,5,84
75,27,71,17,85
20,18,12,56,74
84,44,65,22,43
82,73,13,55,84
68,11,87,86,65
19,31,25,45,9
12,60,75,64,82
63,45,55,75,40
49,38,71,86,19
15,36,42,9,3
26,13,52,28,58
53,8,32,45,57
63,81,89,15,22
23,77,81,40,13
24,63,73,81,78
77,54,28,89,28
63,27,5,59,18
17,34,41,44,9
82,33,2,85,53
8,72,59,29,10
37,33,54,3,15
77,57,45,49,20
51,15,89,52,48
56,19,20,54,9
10,62,63,29,3
33,0,8,41,78
23,87,84,55,83
49,55,4,44,38
89,69,0,47,11
3,23,0,84,4
87,65,13,52,19
47,55,75,85,36
59,42,65,63,26
40,36,66,13,7
17,38,6,59,52
36,0,11,50,25
56,5,42,53,41
19,49,84,26,15
82,80,64,61,81
15,23,73,78,18
48,67,6,2,26
22,6,69,66,44
55,79,61,46,72
18,66,73,19,23
82,20,87,37,18
18,54,65,43,47
39,22,73,18,6
32,10,17,80,11
0,80,17,20,83
15,40,22,18,36
88,84,47,5,58
36,1,59,69,54
53,30,30,84,66
88,59,49,65,1
67,87,42,83,43
41,70,17,6,78
5,77,57,4,50
54,17,74,10,34
39,2,71,39,43
15,75,2,19,86
9,75,2,49,45
84,16,14,53,15
7,75,16,33,87
35,33,6,72,6
59,58,56,86,66
7,83,26,58,3
11,52,64,15,83
66,66,63,32,40
21,32,6,54,30
85,36,11,31,13
89,55,60,24,1
30,3,0,54,0
65,13,5,83,1
40,75,68,40,80
47,56,55,45,58
45,12,40,43,48
72,70,31,88,48
60,60,38,68,24
16,63,3,84,34
14,14,47,36,41
42,44,59,12,71
51,61,19,38,50
29,62,25,41,82
39,83,41,57,73
15,62,73,51,10
55,8,87,57,78
60,29,49,44,18
75,31,9,75,49
51,81,68,16,21
64,53,30,10,36
15,31,30,24,35
52,57,16,0,2
16,86,56,86,60
82,66,23,76,53
41,26,72,68,70
41,47,89,61,19
35,46,43,50,42
72,14,17,21,69
47,47,73,84,53
8,66,85,1,71
7,83,19,64,53
75,26,30,30,3
89,65,43,69,17
3,84,62,52,2
49,48,70,70,29
13,37,6,48,26
72,72,84,77,15
73,73,73,18,35
21,84,45,25,77
46,39,69,89,2
88,40,84,81,54
74,9,18,61,45
27,38,77,12,2
18,56,2,83,40
24,85,54,15,87
26,22,57,89,89
34,84,13,19,11
62,83,27,28,27
4,57,61,76,66
75,35,85,33,62
78,30,31,55,20
31,30,36,29,13
75,29,79,37,57
85,75,61,36,52
58,88,30,67,69
38,22,57,47,4
87,13,65,71,34
30,46,43,62,39
59,63,11,74,34
80,57,80,85,76
66,87,70,85,9
6,37,40,85,53
1,3,40,7,35
9,1,32,76,22
78,38,57,66,28
39,25,25,55,3
46,72,85,12,36
65,29,18,22,44
46,4,52,27,16
38,31,59,4,79
19,0,77,60,51
88,1,32,21,2
64,17,20,35,33
57,51,58,51,17
87,52,0,85,61
70,25,64,76,32
8,5,53,72,20
19,60,80,80,2
56,28,86,76,85
4,75,75,46,19
41,48,59,13,52
70,37,67,8,89
32,53,22,63,86
45,6,71,45,49
54,15,51,16,79
32,63,66,20,89
66,44,6,72,27
13,16,39,10,54
22,2,32,38,23
16,83,18,27,22
67,25,35,82,60
59,83,4,65,28
48,2,15,6,33
36,1,72,10,81
40,59,61,41,81
54,25,0,9,33
46,25,46,4,68
63,45,79,53,31
86,49,62,81,50
57,23,46,85,18
77,79,49,46,51
61,8,53,50,11
28,38,58,51,65
57,63,29,17,47
62,19,80,88,45
48,78,62,59,1
28,53,16,67,25
60,65,12,24,46
23,24,84,52,29
56,20,35,70,54
16,72,5,8,72
8,29,6,75,53
1,23,67,37,33
29,12,61,88,35
59,49,15,64,79
85,9,3,62,16
55,59,50,44,54
56,24,9,21,55
85,83,1,59,59
84,0,74,56,73
33,17,34,16,73
14,80,16,26,47
83,68,67,25,0
68,37,32,13,27
18,64,50,23,10
79,51,30,38,74
62,19,60,80,86
51,7,27,86,78
11,39,3,63,29
51,4,73,87,10
5,37,14,33,58
25,75,83,81,77
6,2,27,58,82
35,55,22,77,38
42,11,51,16,13
17,85,66,66,86
25,5,27,8,78
62,9,53,22,84
84,0,59,32,53
58,73,65,54,44
15,54,0,43,59
57,76,27,62,56
68,86,89,45,10
21,78,0,4,78
71,74,53,1,24
76,67,38,36,82
15,88,68,61,62
61,70,72,63,11
39,8,65,69,3
10,46,40,66,84
31,84,15,80,71
69,41,13,67,33
83,87,48,47,64
45,16,22,18,31
30,79,77,74,41
64,88,61,28,75
64,83,69,25,64
76,22,33,25,74
24,15,7,37,78
76,88,28,40,26
11,76,12,79,50
13,3,39,64,32
7,35,83,64,83
74,66,41,55,71
24,2,24,26,20
65,85,60,39,39
51,64,86,27,85
53,88,41,55,44
53,39,18,76,5
32,75,88,24,89
73,69,88,52,44
68,8,70,53,82
0,83,61,13,31
19,36,15,64,35
59,22,17,88,55
58,44,41,14,50
72,5,61,78,75
55,22,25,48,21
41,52,82,2,84
70,69,43,28,31
60,71,26,45,26
12,54,86,28,0
53,42,60,79,79
48,47,2,5,59
89,63,1,46,66
37,75,41,4,71
15,10,82,51,78
28,36,10,53,67
58,68,66,27,37
88,54,67,31,34
27,34,8,20,62
50,73,76,50,82
40,74,71,67,56
75,41,68,49,53
57,20,27,86,42
25,58,9,58,74
13,80,21,81,3
64,43,83,74,88
50,9,50,35,38
2,30,33,64,14
14,73,44,17,70
6,17,71,16,7
25,65,24,41,22
10,74,40,61,30
6,34,42,58,24
67,78,32,26,75
11,84,62,58,1
79,19,89,72,30
1,22,29,85,67
49,54,73,13,13
19,40,65,76,34
20,39,17,73,54
38,77,79,62,72
10,64,65,78,0
71,34,7,28,67
58,26,71,36,4
49,63,61,71,44
53,68,77,38,17
1,7,78,63,23
41,26,51,70,66
27,23,74,86,28
10,5,60,49,64
30,44,29,89,80
69,0,8,51,80
67,59,32,47,7
55,61,14,38,84
0,10,14,1,47
58,80,61,85,18
53,72,47,85,13
54,75,57,66,64
39,27,24,47,32
1,84,44,37,15
23,60,20,86,9
58,66,21,11,15
85,83,38,82,78
49,19,21,3,30
31,65,8,31,30
64,1,2,66,12
62,16,76,11,28
58,0,15,32,49
77,71,8,86,88
39,87,72,74,84
1,76,39,64,60
44,46,57,50,2
60,24,66,28,47
77,81,61,43,27
32,38,11,65,81
80,68,87,55,15
50,63,87,28,64
67,76,55,58,14
30,52,82,65,63
27,61,12,71,42
6,44,14,69,19
83,84,33,75,68
61,40,29,46,54
73,52,7,65,17
30,75,80,74,70
37,23,33,3,65
28,20,45,22,73
76,68,68,66,57
40,13,39,35,54
71,79,87,21,85
72,12,46,68,48
13,57,52,76,77
79,57,55,54,75
27,18,37,86,66
13,6,77,85,68
12,43,16,65,7
7,80,66,15,38
28,15,85,75,30
88,62,60,13,5
60,52,40,16,47
78,0,11,19,20
32,72,40,62,46
89,8,81,61,47
78,65,52,80,2
4,86,54,30,89
8,56,2,51,46
2,45,48,44,14
9,33,34,28,76
53,77,54,88,13
68,12,66,64,88
67,84,63,88,58
30,67,18,44,39
87,75,46,44,37
51,40,55,20,80
78,33,86,23,57
41,12,4,45,29
29,85,67,16,26
39,86,84,9,73
80,7,89,2,66
79,75,0,62,77
4,77,6,2,70
70,21,12,2,73
31,60,59,15,63
8,29,13,50,35
9,80,38,26,70
81,65,72,49,11
80,84,72,83,22
76,34,48,74,46
82,77,11,35,78
6,45,58,81,53
62,78,74,84,37
12,87,22,37,21
33,73,50,30,15
26,43,78,23,35
71,77,47,4,59
59,25,57,8,21
48,25,84,19,5
18,9,0,81,1
7,35,86,0,77
82,0,57,14,55
1,81,88,80,55
42,57,25,80,25
51,48,79,6,44
33,44,43,51,43
85,76,1,86,87
71,16,46,17,78
29,34,78,45,52
74,61,15,84,16
32,70,69,7,58
64,65,10,17,22
44,69,21,54,80
60,53,66,52,23
13,63,36,21,27
0,81,77,63,28
31,70,42,47,62
1,29,59,45,67
86,45,27,19,28
22,36,19,75,60
6,45,5,88,55
13,6,89,9,62
58,23,83,77,53
74,69,57,47,88
22,37,17,16,23
30,63,42,60,70
26,62,35,53,58
0,65,75,28,22
30,18,19,40,16
62,53,14,75,53
29,25,14,5,34
58,76,89,42,66
70,68,15,10,22
38,21,52,19,32
10,86,43,74,21
64,89,77,70,85
8,12,58,15,70
25,65,61,73,82
56,27,1,88,42
63,40,44,76,52
18,55,62,80,55
26,33,13,53,46
74,84,81,76,45
79,89,4,34,23
33,60,35,63,17
34,45,36,46,21
17,39,24,46,52
0,9,70,34,40
35,20,59,84,42
68,24,9,75,26
61,28,3,28,34
69,22,80,63,5
67,73,13,2,32
21,23,82,7,35
30,22,15,43,55
19,60,19,8,61
15,14,51,12,19
54,57,16,23,13
10,4,9,72,87
61,19,43,13,42
54,40,86,41,11
39,46,26,57,85
48,87,19,50,80
85,33,41,9,63
60,17,68,41,54
7,40,62,3,17
79,89,80,58,28
87,45,87,36,52
30,80,57,67,68
43,55,67,25,27
37,41,81,86,86
39,73,31,69,80
41,15,1,46,69
4,82,15,56,71
39,80,83,72,54
26,67,67,27,70
54,23,64,47,39
62,68,34,66,39
6,18,69,59,53
64,12,60,69,16
59,37,29,20,2
0,78,89,65,46
16,55,49,24,30
56,14,81,72,55
58,24,56,44,54
55,86,66,61,56
49,15,0,68,33
38,2,63,68,80
50,68,6,16,48
20,33,5,72,83
39,27,46,88,81
37,50,77,24,7
52,57,21,54,23
24,6,35,58,24
64,3,4,16,36
11,81,48,66,81
27,25,86,69,77
29,2,65,73,53
28,12,7,88,6
55,3,46,46,72
20,28,87,81,20
33,79,16,66,58
53,11,44,54,54
68,45,70,13,29
39,88,70,19,87
42,24,41,78,56
1,15,73,26,59
36,20,51,10,71
28,84,29,78,49
20,82,11,20,43
87,3,30,35,6
76,69,73,64,45
66,1,30,54,75
64,84,25,85,85
78,41,29,56,41
74,69,38,68,78
69,54,59,8,80
75,52,30,71,27
84,35,44,14,50
3,66,85,60,78
54,25,10,52,7
84,16,83,39,5
70,89,82,14,68
1,38,70,74,30
32,19,22,19,44
40,0,52,16,31
54,69,8,71,62
78,50,3,39,19
37,37,40,56,65
30,68,55,65,62
52,79,54,60,36
64,26,47,61,70
71,70,45,28,73
57,60,11,19,70
63,35,83,52,74
57,55,45,28,4
66,63,63,46,72
23,41,78,10,43
69,30,21,4,50
70,3,71,17,20
34,29,19,24,36
24,9,59,55,24
23,71,45,76,25
63,52,43,62,1
37,23,73,43,72
34,78,44,78,75
37,85,9,42,88
17,63,3,64,27
71,46,59,5,63
32,12,17,1,54
43,61,9,69,68
29,63,56,39,34
62,18,85,2,6
66,53,70,9,31
88,80,62,86,13
89,4,51,54,47
88,38,72,3,2
74,58,30,43,28
87,50,67,40,46
50,39,59,69,46
82,16,88,7,45
43,70,29,77,2
34,31,31,17,27
66,14,4,17,40
45,82,77,35,55
13,18,55,61,5
45,34,89,58,52
22,58,25,1,10
76,70,38,1,42
83,46,46,7,25
35,50,81,87,49
67,60,84,60,38
22,73,64,39,85
17,42,48,25,61
24,53,2,42,72
39,21,76,39,39
69,24,85,51,1
34,1,69,35,77
11,48,62,3,55
74,73,44,15,71
43,55,67,36,18
79,51,39,87,70
37,0,8,3,65
47,32,57,28,83
89,29,26,39,22
44,9,72,3,27
41,30,55,67,75
12,17,13,53,66
78,36,3,77,1
53,27,22,65,80
89,7,63,28,23
89,39,32,20,34
57,50,8,45,80
21,8,78,7,14
0,30,31,73,77
39,4,72,47,15
71,22,26,60,3
74,31,22,29,32
68,11,7,74,0
67,76,57,83,54
80,59,58,29,1
6,11,31,1,6
0,71,57,74,6
50,3,81,16,44
87,65,30,86,76
86,44,71,61,78
35,12,56,16,72
7,49,2,81,17
36,74,67,57,77
31,59,38,63,18
73,63,60,87,82
75,88,34,77,66
78,39,55,34,71
38,10,14,26,28
21,67,67,24,18
63,89,28,57,50
87,2,3,62,89
57,10,28,41,6
38,66,15,47,61
56,41,36,20,50
4,39,61,6,39
49,38,3,59,9
73,74,89,7,47
29,65,73,32,64
75,7,82,59,60
46,20,23,69,8
67,86,72,52,58
33,20,56,15,76
85,25,74,78,41
53,61,52,73,87
46,78,88,67,7
37,60,43,79,71
86,5,44,29,77
56,15,9,3,31
70,74,8,31,7
18,51,26,84,8
48,38,76,16,3
46,59,15,3,65
44,59,47,55,86
39,83,3,59,88
59,40,22,14,53
48,89,68,35,29
45,36,28,29,58
19,14,78,38,33
19,72,21,1,27
17,36,27,45,82
9,42,73,16,43
0,23,8,73,50
38,5,48,55,11
29,66,45,86,18
14,58,22,69,22
61,65,68,38,20
45,29,13,88,23
85,76,39,13,34
83,73,33,69,27
69,39,65,47,63
75,10,75,5,72
13,30,0,15,34
41,37,77,35,32
57,87,18,52,8
30,3,54,27,1
40,50,19,40,52
18,57,53,80,80
77,45,81,24,54
68,89,68,16,83
36,23,18,31,50
79,42,33,30,41
44,21,67,89,80
40,52,29,80,34
24,16,30,37,38
83,40,47,70,29
53,68,76,16,27
48,47,4,60,61
77,5,26,79,3
43,35,24,12,41
59,17,11,70,35
9,13,42,28,62
26,36,82,14,24
73,13,84,48,82
37,57,34,62,5
85,31,89,9,79
88,19,86,24,48
33,59,88,20,59
2,6,37,35,38
37,22,33,34,80
12,44,10,21,0
38,23,26,16,67
30,25,47,38,40
22,44,60,29,62
60,17,89,64,61
28,8,72,30,3
7,56,89,37,67
24,18,5,39,72
48,27,68,75,20
41,28,79,28,6
33,49,86,84,77
66,52,36,2,45
37,81,23,44,46
51,44,19,15,15
60,60,43,68,87
46,37,6,28,22
82,35,4,34,81
1,42,78,84,49
56,76,16,86,85
41,75,35,27,20
33,41,13,20,7
85,76,71,87,62
3,33,77,86,28
47,31,29,12,30
25,7,20,88,65
4,71,11,82,83
29,81,17,83,55
35,72,11,33,79
58,79,72,26,71
24,22,57,25,58
25,13,0,77,23
77,31,52,7,58
64,2,20,67,51
55,14,19,44,13
70,37,1,61,60
1,56,64,27,34
63,41,61,45,82
77,86,48,12,85
76,77,83,39,46
28,66,69,13,78
60,43,48,52,6
36,6,35,43,82
42,3,62,73,5
48,34,14,19,64
54,13,26,42,39
6,42,67,5,63
11,87,85,47,66
15,68,12,17,55
66,39,81,78,73
40,18,18,9,6
52,30,79,25,70
72,8,61,75,80
23,59,40,38,81
4,41,85,16,31
89,10,42,36,44
65,49,37,24,62
7,21,34,76,72
27,2,55,54,86
85,25,18,83,73
45,82,42,71,40
16,42,59,8,36
57,10,23,6,67
7,3,50,4,23
87,31,20,83,74
24,6,77,86,55
69,88,51,33,41
15,36,33,87,63
38,20,53,24,46
75,63,38,42,66
56,10,61,53,10
49,44,20,25,77
16,22,3,63,22
32,32,19,35,38
66,56,45,55,3
14,44,55,45,33
39,72,33,43,42
35,30,1,13,21
44,83,8,48,4
18,78,23,17,80
47,75,66,21,76
67,21,1,72,81
45,50,13,40,30
62,42,15,86,52
59,13,55,79,89
17,67,18,83,9
28,27,78,87,23
74,12,29,61,64
23,85,27,7,48
16,6,77,83,73
51,66,70,5,8
0,23,15,23,56
83,13,52,62,14
73,74,5,30,36
76,52,58,79,8
42,48,62,43,34
33,71,54,51,28
87,22,50,76,53
69,17,1,46,87
51,13,6,64,4
11,64,54,89,33
72,37,69,54,16
53,11,70,46,65
11,50,18,45,22
24,44,61,11,78
24,43,83,20,47
76,30,26,7,53
51,9,71,63,65
31,19,6,58,70
56,43,84,80,37
20,71,80,53,59
5,53,53,21,57
70,6,37,58,9
16,42,82,41,72
86,34,78,55,19
39,29,49,18,5
51,7,69,53,9
30,48,19,52,45
51,18,49,58,64
39,36,22,73,69
24,78,81,42,20
71,30,82,21,44
14,86,26,42,14
81,71,2,23,0
48,68,88,71,24
3,2,37,67,44
32,48,50,46,42
57,72,83,0,38
8,83,48,61,76
49,63,27,12,4
74,59,62,34,31
12,56,37,73,37
23,67,83,37,83
1,82,23,37,6
38,56,79,37,18
7,72,21,89,26
49,52,59,35,23
49,20,39,34,61
45,57,16,64,23
54,21,69,72,33
18,33,73,65,58
63,37,70,21,39
33,89,67,75,71
48,40,83,44,23
73,7,84,25,9
33,9,11,86,74
37,41,23,33,3
40,38,22,70,54
0,1,67,13,67
66,81,33,55,4
2,5,28,81,34
24,66,69,40,60
3,36,44,70,51
69,27,16,81,15
37,61,59,32,65
30,29,75,22,69
64,79,24,11,0
32,86,72,68,54
24,56,30,50,60
76,10,71,45,10
79,23,64,37,37
16,14,15,4,59
69,6,66,60,52
88,13,7,70,85
36,43,68,74,18
54,19,66,7,48
54,66,48,70,24
48,59,85,70,74
28,42,12,10,54
32,79,14,18,73
52,25,27,48,84
11,25,18,3,86
20,36,48,18,51
63,80,83,32,41
75,62,49,65,89
8,9,7,4,67
68,70,76,14,86
17,24,16,64,3
86,66,14,51,18
30,86,34,84,19
40,58,15,55,32
75,10,22,59,23
74,45,57,13,89
57,5,24,38,88
24,59,20,19,62
60,75,63,86,55
85,5,8,49,3
88,29,8,10,26
31,3,23,78,88
68,82,26,33,60
78,35,66,81,81
29,65,56,14,79
36,88,73,8,86
51,33,41,45,80
81,86,34,14,55
9,38,13,37,28
41,60,76,2,39
84,10,79,66,60
8,47,44,56,80
51,25,54,81,83
89,16,66,0,40
22,31,43,46,51
55,4,15,34,87
8,43,17,0,82
17,55,32,59,26
29,34,9,15,12
27,58,38,89,50
75,4,51,6,69
56,55,17,0,18
40,66,45,77,83
6,28,84,18,87
75,76,31,1,18
88,4,69,58,4
15,63,89,71,47
5,81,67,76,45
8,58,27,45,29
53,49,48,30,23
71,52,72,57,69
87,60,86,50,84
66,71,89,42,63
87,19,80,37,10
46,26,78,42,66
65,46,17,61,56
65,16,73,61,82
9,44,39,84,72
9,58,57,44,54
32,65,38,74,80
19,65,57,89,39
32,63,52,83,26
83,54,53,28,33
70,40,55,58,52
33,21,20,58,62
61,38,35,82,0
48,22,26,77,45
33,23,69,62,1
48,52,85,27,3
31,89,3,61,87
31,26,51,50,75
18,68,20,12,57
15,88,4,26,78
1,35,61,39,63
68,20,79,86,69
31,88,23,80,58
81,6,31,18,30
9,74,8,17,49
31,19,40,20,18
46,42,19,15,2
56,68,41,71,10
71,57,38,79,5
17,11,43,2,71
0,36,71,15,37
60,51,48,28,46
36,19,38,61,10
42,18,75,51,89
45,18,39,69,60
35,61,57,82,35
28,89,15,70,41
19,2,62,3,7
15,83,75,37,3
29,79,26,32,86
13,34,34,0,46
43,52,31,59,67
16,5,65,2,25
51,57,9,82,80
63,70,16,5,73
71,43,71,36,17
55,15,10,74,53
60,9,23,4,73
10,62,9,13,17
88,50,31,50,85
67,51,4,80,20
55,30,67,65,82
6,37,1,70,77
6,29,56,8,58
86,68,48,79,14
38,55,62,40,8
16,61,7,54,6
33,83,50,1,10
79,38,13,50,33
52,28,30,84,34
74,60,2,14,40
89,31,68,46,44
50,89,23,7,40
11,40,89,6,31
45,20,13,53,41
4,61,47,36,6
23,44,53,87,25
79,54,50,2,55
25,77,63,68,20
4,56,39,57,73
25,75,24,31,38
3,69,53,45,40
86,61,38,32,8
38,78,70,80,81
64,85,82,56,28
18,39,83,39,20
44,41,64,77,67
38,89,20,32,77
31,28,26,26,37
17,35,34,84,46
71,23,73,80,28
52,45,50,14,41
43,45,36,20,36
15,85,73,86,68
70,35,1,27,83
11,71,20,67,55
0,58,29,85,42
22,16,0,23,44
21,29,4,68,38
86,89,31,31,4
53,62,54,31,55
48,87,23,20,19
55,44,18,10,72
24,56,10,26,35
82,54,40,30,68
51,27,57,45,21
60,14,57,70,59
58,78,83,75,50
84,1,71,10,78
84,3,75,80,86
33,40,19,5,36
62,80,7,89,74
75,80,77,80,3
42,6,11,81,25
47,5,41,32,52
74,30,23,9,13
16,49,22,53,47
68,0,3,10,9
86,21,13,5,50
81,6,20,45,8
0,30,62,9,31
70,66,7,44,74
55,58,16,13,18
33,10,37,33,31
53,89,88,47,84
14,16,15,30,47
16,81,77,36,57
5,63,0,11,29
43,58,77,46,33
45,72,32,85,11
19,58,49,86,53
2,29,29,88,37
52,52,10,61,31
85,49,31,60,81
50,82,66,23,8
68,39,68,46,50
19,71,21,40,35
13,39,1,29,65
60,47,68,53,28
28,48,42,81,43
89,60,57,54,54
68,58,23,69,50
73,51,54,41,16
2,53,60,14,57
34,9,46,2,19
4,77,32,76,29
89,25,87,57,35
87,46,8,42,69
5,27,81,62,7
25,64,9,48,58
24,63,24,46,86
51,70,81,62,30
9,39,2,68,25
22,70,89,73,30
64,72,71,26,24
26,70,52,68,47
54,87,77,39,67
52,33,66,21,16
77,13,53,81,83
57,59,83,58,58
3,43,26,2,66
57,34,52,64,88
47,41,73,66,9
51,83,62,69,16
38,89,6,11,13
33,53,75,74,17
19,87,33,76,43
2,23,20,41,65
79,44,76,47,1
12,12,72,43,0
69,29,49,38,60
45,21,75,36,35
57,10,13,86,72
8,56,1,64,38
84,14,16,7,16
66,53,86,20,40
79,4,40,27,42
55,21,10,11,61
25,71,44,48,87
47,68,4,19,68
82,59,55,54,59
22,45,77,89,13
1,25,41,53,3
82,19,43,18,38
31,63,72,53,1
87,83,66,46,85
77,5,74,8,43
75,31,1,5,34
81,43,37,46,29
0,78,42,23,64
16,18,48,30,17
56,69,89,9,77
85,19,52,49,37
4,78,81,24,39
53,80,64,79,68
52,33,81,3,74
58,40,23,89,49
44,21,75,4,29
88,70,42,34,19
62,82,39,73,18
19,80,76,38,84
34,37,41,15,14
3,12,49,73,67
60,88,52,22,16
16,63,16,89,18
77,39,82,58,0
88,40,58,67,30
42,80,10,74,21
49,67,24,68,81
7,79,8,43,74
5,73,85,77,33
60,77,4,38,53
38,10,85,3,73
33,10,50,33,85
9,71,64,41,18
27,27,35,5,61
1,78,67,45,18
44,56,17,54,11
66,47,11,33,76
74,17,78,29,63
2,77,46,46,27
63,1,74,21,14
36,81,74,75,27
23,9,61,47,61
0,4,18,24,19
47,45,39,67,57
69,5,69,88,56
52,79,20,82,16
79,83,11,41,89
41,4,32,83,73
77,11,28,7,58
39,68,28,36,70
89,8,58,38,15
20,88,13,41,47
48,43,61,17,71
88,84,52,48,48
15,58,29,18,31
6,52,14,89,1
18,69,84,85,68
51,23,5,53,31
6,32,22,85,29
11,43,1,78,58
17,89,13,82,44
72,65,83,50,57
82,54,83,31,4
1,13,8,26,23
62,21,61,57,38
0,51,30,88,61
36,31,15,53,21
8,2,49,12,82
62,58,78,11,61
59,41,73,11,85
50,78,36,78,12
30,45,41,83,74
55,60,18,34,21
51,32,60,42,29
36,16,22,49,4
38,66,80,24,41
43,0,52,35,40
25,37,85,1,25
73,87,59,63,76
89,7,68,32,17
11,9,74,65,55
45,38,74,29,45
52,32,15,53,66
33,82,48,62,34
23,34,68,38,52
89,84,86,31,43
83,37,81,36,42
51,50,85,28,48
69,27,10,28,34
2,85,89,58,71
23,84,78,4,80
79,9,74,5,74
3,3,79,28,87
21,23,15,72,74
86,88,13,71,23
43,61,16,81,83
23,62,22,89,67
81,40,41,82,72
32,51,44,84,39
24,63,12,28,73
69,43,45,38,14
20,56,3,78,71
15,38,75,61,22
89,75,25,59,43
12,41,9,34,20
80,20,80,28,25
28,63,82,51,80
1,4,51,76,52
82,3,48,83,86
39,71,70,76,1
3,11,66,26,71
80,35,1,0,38
73,89,85,32,69
52,25,58,15,40
44,9,22,6,72
48,13,89,41,48
78,62,56,38,23
20,50,46,11,88
33,55,50,2,80
54,18,57,0,28
4,6,72,46,80
12,9,60,43,84
21,79,39,14,25
44,49,69,82,4
10,73,20,77,80
65,74,66,68,22
24,87,38,84,64
2,28,89,61,40
36,89,11,8,18
39,54,63,66,69
25,36,74,30,12
37,46,56,52,31
21,3,79,18,73
6,56,42,31,64
62,38,71,7,50
1,42,58,71,59
89,10,36,38,29
21,49,6,69,67
17,89,9,36,73
62,59,40,47,50
82,0,0,79,17
45,63,11,29,83
59,66,46,59,29
12,12,21,77,31
14,59,66,73,2
14,29,24,6,64
26,69,17,15,86
61,40,68,13,60
8,6,5,46,72
22,13,57,64,21
72,47,89,56,27
88,48,72,89,62
35,48,36,40,46
53,5,49,11,45
57,37,7,24,5
33,1,25,56,16
71,61,80,62,50
26,49,58,40,12
82,50,62,60,17
83,86,41,11,59
1,21,20,54,26
22,81,25,80,45
9,14,75,49,19
20,38,61,54,20
81,7,71,57,58
5,48,53,29,46
26,55,30,89,32
21,3,69,54,40
87,51,73,75,12
81,54,23,23,66
5,17,9,71,74
23,26,10,78,43
33,47,60,88,39
17,15,69,55,38
24,26,85,81,19
67,61,55,77,64
18,16,40,13,24
12,20,57,88,58
41,68,64,33,75
3,87,59,33,26
59,64,54,41,49
65,0,45,67,34
52,0,80,20,61
81,67,31,15,17
53,57,89,35,80
65,83,50,33,14
48,68,56,87,9
56,73,52,29,35
9,31,53,67,35
68,14,51,78,55
80,17,34,62,10
48,83,82,66,69
59,60,59,72,48
65,41,14,52,52
6,26,31,1,19
5,25,46,75,75
0,20,44,5,42
85,55,67,19,81
17,24,30,15,5
2,86,0,26,15
29,54,13,17,5
5,27,65,75,78
25,51,69,79,45
38,14,42,62,76
24,58,16,27,27
70,21,68,4,21
83,63,60,25,21
82,63,52,28,68
35,55,20,86,56
17,48,35,85,86
39,72,68,5,70
17,44,80,80,37
39,18,87,87,61
20,82,76,73,78
60,72,0,15,57
21,71,19,83,77
79,7,69,84,23
46,2,50,7,42
48,73,21,2,11
36,39,73,28,54
60,30,85,26,46
70,41,44,31,27
12,80,37,88,15
21,52,35,55,57
40,21,78,44,81
20,52,14,83,15
83,34,43,57,76
56,82,50,51,38
38,77,10,84,44
21,68,82,55,23
0,67,1,84,41
20,76,1,36,88
12,53,59,88,68
38,53,37,50,23
71,53,5,22,73
56,48,68,41,44
63,7,83,16,37
4,20,63,69,13
37,65,46,28,74
33,78,10,66,17
45,60,1,34,10
42,32,43,4,4
67,36,62,88,89
56,41,48,13,36
50,0,0,49,53
77,82,51,88,55
57,86,32,45,49
78,44,88,0,53
40,68,35,88,43
28,20,9,13,81
20,48,84,9,57
9,10,64,28,59
74,7,69,20,42
40,72,34,75,83
67,64,57,87,85
83,41,68,77,58
28,4,67,76,9
83,6,78,26,60
70,68,2,33,82
18,1,54,53,89
18,87,64,11,43
86,32,87,53,15
66,72,25,37,81
59,63,79,8,75
83,62,10,32,60
6,53,25,12,69
45,26,8,89,25
63,85,6,7,81
4,25,5,8,70
45,37,69,76,23
65,78,9,87,63
61,82,55,69,51
77,41,43,58,7
60,34,62,58,71
51,45,62,36,30
78,77,49,28,13
73,58,25,46,67
11,63,0,8,71
28,71,14,62,3
76,85,83,77,63
61,82,58,13,27
66,74,12,67,61
44,81,34,51,29
17,31,28,17,68
41,8,54,13,21
89,36,35,32,0
61,89,78,23,36
4,82,14,63,18
32,78,46,8,42
78,35,59,21,30
89,39,89,60,35
6,82,34,76,0
86,16,54,2,80
80,53,0,65,15
71,22,37,60,9
18,8,84,24,85
83,44,0,47,17
6,70,10,64,53
53,50,44,88,63
64,1,13,46,61
51,12,16,21,63
31,8,32,14,80
77,56,15,54,29
25,37,34,48,39
72,78,40,58,81
74,42,72,54,45
5,10,42,32,13
68,8,2,71,31
2,88,61,5,9
37,71,85,21,14
25,9,0,86,47
27,67,88,52,89
15,86,28,37,0
62,78,29,40,49
21,23,25,60,60
37,38,39,56,9
35,75,15,57,78
30,58,12,68,35
38,1,6,33,68
30,7,40,0,84
18,59,25,12,15
14,28,47,3,45
70,32,71,61,42
43,28,16,76,17
69,34,24,33,87
15,71,37,10,66
22,39,35,66,35
69,57,54,68,75
40,40,71,58,10
36,5,44,62,5
17,82,29,54,87
31,89,75,63,58
66,62,42,5,65
6,78,2,57,87
61,53,31,32,63
85,78,22,57,18
58,66,61,87,73
61,84,36,89,26
57,50,82,48,47
32,69,52,28,83
41,58,52,37,21
13,59,61,75,65
61,39,73,45,88
56,11,46,14,79
22,67,17,74,7
84,53,43,1,47
14,77,56,40,85
69,36,47,20,35
15,50,43,34,8
47,86,53,55,79
0,12,29,39,74
28,40,44,37,56
6,48,4,43,43
20,48,51,85,38
29,41,77,75,34
63,3,16,55,7
9,66,60,61,22
80,14,41,5,27
27,31,22,53,29
1,43,60,29,36
45,55,22,61,79
25,82,18,25,27
34,0,44,67,23
64,85,88,0,8
79,35,56,18,50
76,68,35,76,11
84,31,33,33,53
30,60,64,50,40
3,7,62,79,37
51,26,51,11,26
19,66,58,27,8
88,29,21,23,82
86,79,81,79,21
41,69,73,55,47
15,33,62,23,8
81,3,69,80,30
64,41,57,69,76
78,82,34,84,54
50,78,82,87,38
18,51,74,4,52
71,65,30,11,32
73,77,47,47,62
42,67,42,28,11
73,7,64,28,38
30,43,21,48,15
28,3,52,53,9
38,14,12,29,35
59,24,54,7,44
25,10,69,37,80
32,30,48,89,4
78,67,34,86,19
3,17,26,24,16
57,60,65,87,65
57,86,59,1,45
3,42,68,82,32
7,0,89,59,64
72,27,77,40,47
53,71,41,64,25
56,53,68,27,8
46,55,26,37,1
45,87,36,55,6
20,25,75,28,51
20,44,47,57,1
27,16,89,19,88
10,7,77,27,9
59,60,64,8,5
51,64,48,80,53
5,48,79,16,41
1,89,89,69,52
57,19,89,59,10
43,60,88,57,48
8,33,52,36,19
48,4,52,18,56
28,39,79,27,48
35,68,73,85,46
73,53,29,31,64
26,24,56,66,24
11,46,83,40,8
66,69,43,12,28
1,70,55,16,27
38,27,6,80,34
58,8,41,64,89
20,10,39,40,78
18,86,18,73,27
21,57,11,40,45
56,16,87,35,71
9,61,20,39,36
72,3,81,39,65
53,22,41,23,66
73,40,7,69,75
21,48,86,12,69
16,18,44,86,12
46,74,36,47,34
29,47,4,64,16
11,74,24,34,4
24,52,18,32,51
72,26,78,65,48
55,82,65,79,31
23,78,66,48,86
63,49,19,60,69
14,50,50,37,61
33,74,68,31,85
80,78,74,32,52
28,20,12,53,20
59,66,20,49,5
29,55,55,20,73
85,74,79,86,1
43,18,63,5,44
79,27,0,3,34
27,46,34,42,22
32,89,43,17,75
38,89,58,77,83
83,28,89,7,17
26,7,81,9,88
35,15,89,25,40
13,75,77,47,73
35,10,60,65,67
3,67,52,79,57
56,79,78,63,30
59,81,17,89,17
56,47,78,6,5
3,78,85,54,47
33,82,65,9,25
55,31,55,84,56
76,34,75,19,34
78,43,77,41,84
11,75,79,83,16
54,85,77,8,85
60,30,80,74,79
19,44,87,80,71
84,68,17,30,74
32,70,60,21,59
6,88,75,57,50
23,47,84,87,13
80,82,56,26,41
75,10,3,79,81
23,11,83,9,84
9,63,5,41,2
7,9,87,74,27
34,49,51,73,69
81,26,20,81,54
50,37,29,58,71
88,79,78,35,54
80,54,64,15,32
7,51,83,82,2
47,54,87,58,9
49,25,54,88,19
14,70,79,37,21
79,37,47,0,57
63,59,14,56,69
31,35,34,54,82
52,50,61,21,71
7,81,85,58,46
80,71,8,83,30
49,37,82,18,61
72,71,21,12,41
4,60,14,89,39
45,56,10,29,44
64,83,69,33,51
27,61,56,12,5
70,50,65,76,3
62,13,28,15,64
88,5,48,1,71
47,9,45,50,73
78,75,66,49,85
52,79,70,52,52
18,53,26,14,28
75,78,12,85,48
61,52,25,9,48
10,5,77,65,30
88,6,54,10,19
43,8,22,29,18
50,59,48,65,79
8,21,0,43,14
79,33,37,55,30
62,52,26,53,47
79,13,12,12,77
83,88,49,58,76
72,36,80,78,1
3,21,68,24,33
44,57,8,10,67
12,61,3,56,61
60,47,8,43,66
25,54,61,77,10
76,44,83,70,29
17,30,74,2,40
11,66,22,34,13
57,78,43,3,51
57,25,9,39,50
34,56,10,85,1
30,10,72,89,7
38,55,1,45,25
58,20,44,49,54
19,65,81,43,58
58,86,33,39,43
79,13,51,37,25
78,81,17,22,13
21,74,65,70,59
24,36,39,49,60
8,47,0,79,77
26,54,18,78,18
74,12,22,83,33
77,78,14,59,63
26,36,10,2,38
22,0,82,4,27
49,39,24,3,32
72,80,56,80,36
15,56,51,15,1
60,11,41,60,46
56,47,29,35,24
65,70,10,66,80
29,43,56,20,34
37,58,76,65,63
30,3,41,62,68
53,19,52,4,42
49,80,73,3,18
87,4,39,19,79
78,73,88,59,58
76,89,38,38,80
41,88,53,15,36
18,32,86,18,72
52,71,82,53,17
74,25,85,25,34
14,85,28,2,42
8,24,80,34,49
20,80,59,19,25
77,6,87,4,3
78,85,23,28,41
24,55,15,29,42
9,71,8,7,35
48,11,12,2,62
72,23,55,66,44
15,65,50,65,27
79,10,36,15,29
35,28,25,48,24
67,89,0,88,85
32,52,17,89,50
33,14,56,87,24
53,36,38,12,55
31,10,57,2,71
40,82,31,89,62
12,70,21,25,5
82,55,69,63,29
33,7,48,18,58
65,16,10,13,80
51,86,71,56,13
20,33,49,48,8
6,65,89,56,60
12,39,84,16,4
26,57,63,40,65
40,60,84,10,0
71,88,70,19,61
76,73,75,26,80
62,41,33,31,8
22,84,11,56,8
79,49,84,12,14
70,14,54,27,74
8,36,60,49,0
54,14,48,5,53
15,0,41,79,61
5,38,64,59,2
7,89,80,7,12
8,18,26,57,20
86,72,53,35,47
84,60,24,48,49
49,54,54,56,23
58,66,75,64,15
72,60,75,48,73
25,66,5,31,8
26,12,57,46,66
6,88,82,64,34
47,16,78,67,61
23,22,74,22,28
28,62,27,14,29
45,27,37,71,4
48,89,17,51,18
75,88,89,42,83
85,52,47,75,58
3,67,41,12,2
55,68,22,7,25
9,23,69,86,84
68,65,44,64,84
45,64,18,1,24
30,73,64,57,65
55,26,20,36,65
66,6,63,85,10
41,41,69,52,74
44,57,64,6,72
18,81,29,81,63
20,20,36,74,66
53,78,18,84,25
6,1,26,85,15
11,58,8,87,79
47,76,55,22,19
10,53,18,18,85
16,69,19,54,66
45,37,10,37,60
49,54,77,63,69
7,77,34,76,80
30,75,6,27,40
33,33,88,38,7
1,73,54,70,3
4,46,45,71,36
27,79,57,87,1
53,2,80,59,21
6,41,43,81,43
64,81,29,78,40
86,20,22,33,18
34,54,1,73,77
13,63,23,78,60
12,47,73,52,23
39,76,26,10,50
26,77,40,68,21
50,35,61,83,78
15,13,45,50,18
32,2,87,32,19
76,49,5,87,21
57,53,89,13,12
23,89,3,33,64
22,18,76,34,87
3,22,27,49,67
46,68,54,19,83
35,72,46,51,80
11,74,77,39,63
84,24,44,79,43
46,23,52,26,52
86,76,74,17,87
11,13,32,17,55
87,44,60,22,85
72,42,69,64,52
62,20,15,70,1
40,78,46,77,65
50,63,60,73,79
69,71,38,55,22
89,16,47,61,51
36,74,74,31,31
24,0,85,89,55
31,35,29,89,88
25,20,82,38,15
55,16,87,81,77
46,64,20,1,76
13,28,55,23,24
21,27,70,1,80
56,23,66,88,0
85,53,34,31,16
54,84,57,6,74
86,58,23,84,74
58,4,8,1,83
34,3,64,88,40
9,69,73,75,84
75,76,67,62,44
32,85,1,2,71
38,29,88,53,80
40,84,39,75,75
81,33,2,18,30
26,29,74,34,46
1,46,10,30,4
54,5,6,41,13
24,46,8,27,33
11,14,39,81,72
26,54,34,2,87
63,17,2,17,65
8,43,26,88,73
1,69,14,45,11
71,6,82,25,81
8,27,63,80,7
21,88,0,17,28
14,19,58,68,20
63,27,49,39,86
9,33,35,24,43
46,4,68,60,1
19,58,82,83,56
70,40,64,87,44
35,71,55,14,42
24,68,6,44,56
58,11,64,87,47
5,50,44,69,83
61,67,35,2,17
62,78,37,24,49
33,5,59,13,84
74,16,47,36,53
73,32,10,16,33
14,81,83,41,28
33,53,59,41,2
58,57,38,20,46
52,20,68,7,58
22,55,10,60,22
85,36,37,62,44
59,53,85,48,12
6,54,49,86,86
80,32,33,62,9
62,81,70,33,19
36,39,8,80,8
57,46,26,49,17
85,24,13,23,18
40,22,71,72,29
89,38,84,83,23
84,50,87,89,23
39,45,39,84,87
11,18,81,8,27
48,38,26,87,26
46,60,0,19,50
78,47,88,57,1
51,39,53,74,24
8,22,81,88,51
24,36,11,64,82
81,49,66,66,69
67,78,81,1,70
63,51,24,55,49
89,68,52,38,51
49,51,8,37,67
44,65,41,11,67
60,61,24,47,57
55,7,65,72,17
41,53,72,12,6
45,57,77,45,73
66,49,82,27,39
48,25,73,46,71
14,44,82,5,2
41,36,76,88,52
65,64,18,65,32
53,56,77,21,11
11,43,30,12,1
32,84,16,43,64
68,21,39,47,74
24,55,63,69,45
61,48,22,3,35
50,19,55,21,13
80,14,11,60,6
53,23,18,29,10
5,81,62,73,35
43,64,45,48,76
35,42,7,80,18
82,39,57,82,60
49,36,24,78,14
8,60,34,50,61
17,17,42,58,34
48,8,42,4,37
25,48,27,32,63
71,61,65,79,39
68,1,41,66,7
8,84,79,6,2
38,15,23,77,49
67,16,51,40,19
78,8,63,64,9
45,41,77,87,38
16,82,58,7,37
63,81,53,40,86
62,42,25,87,79
33,6,30,8,60
4,39,5,34,29
8,20,11,29,84
54,15,36,88,42
77,28,77,36,68
47,41,19,47,39
8,83,51,64,9
59,8,42,16,14
21,42,45,17,11
75,66,24,60,77
70,52,18,80,76
63,60,39,77,48
30,51,52,25,24
58,25,33,32,46
68,47,62,65,16
36,50,60,1,12
65,59,85,89,70
35,61,58,34,21
0,32,3,63,24
33,14,67,31,12
21,30,84,55,0
69,23,45,83,56
29,17,13,17,73
45,71,71,23,32
2,9,45,85,66
50,20,11,81,84
76,65,49,72,60
79,13,47,13,58
62,79,52,19,67
66,58,72,6,30
41,63,12,1,21
29,10,11,34,86
79,11,74,65,84
68,36,56,47,25
43,80,27,76,81
48,59,74,29,53
70,56,25,88,76
25,48,78,49,89
63,76,19,28,19
41,36,55,10,31
54,75,49,3,76
29,41,83,28,17
82,0,81,55,64
46,4,10,35,65
11,40,45,80,3
35,11,77,33,77
47,34,65,1,60
4,66,66,87,71
49,16,3,11,17
87,35,88,29,1
12,46,47,25,66
53,15,62,76,6
14,69,3,88,14
23,9,45,10,29
85,74,55,8,12
47,64,63,15,36
18,6,8,48,46
26,27,35,25,51
40,14,13,25,9
48,23,85,6,19
70,83,44,51,16
58,4,22,47,20
67,21,13,47,21
13,75,69,82,4
23,10,0,69,39
88,23,36,82,33
54,60,15,65,68
59,56,45,4,33
1,16,85,47,70
78,71,83,14,78
25,18,43,69,15
37,59,78,0,71
6,18,48,9,40
42,87,33,15,55
14,71,65,62,74
39,26,84,5,78
81,17,61,73,75
85,78,51,29,47
3,76,33,42,24
24,10,83,44,0
5,0,24,12,46
82,30,26,73,28
19,55,50,48,62
24,17,56,56,39
49,57,20,20,79
7,14,2,73,12
72,25,35,31,37
29,20,41,36,85
34,81,82,46,3
12,7,19,46,85
82,9,34,55,40
41,24,40,85,15
0,13,51,62,33
18,29,3,45,68
88,19,6,34,27
14,16,10,1,81
83,52,88,51,71
17,20,51,78,41
83,40,30,35,22
75,47,47,65,72
40,64,66,51,46
48,22,43,3,8
14,47,78,56,68
9,36,0,5,62
34,16,65,10,51
65,89,37,66,28
12,50,19,81,65
15,3,5,28,3
29,26,58,68,27
58,82,36,36,78
11,80,66,71,31
26,55,54,32,60
1,4,43,89,88
24,72,36,44,57
1,31,15,48,69
40,42,85,72,59
44,57,16,45,9
68,75,84,25,68
70,60,42,85,52
48,35,2,76,72
75,59,82,39,67
18,54,15,78,78
54,53,83,53,46
72,15,20,41,33
23,45,82,13,71
9,19,61,77,58
26,62,34,85,89
79,52,51,22,86
24,71,54,71,58
9,4,54,3,43
58,40,56,20,19
54,49,14,72,48
36,83,60,61,2
45,64,60,0,28
22,1,15,75,42
32,79,5,32,65
30,82,34,88,89
62,41,33,41,72
34,37,78,35,41
86,72,12,53,85
38,37,75,49,88
68,38,10,63,60
25,4,49,60,78
45,35,1,40,79
40,62,78,80,77
77,77,24,44,83
54,7,73,64,15
65,44,20,73,47
20,36,36,18,2
89,29,84,28,64
83,81,19,26,62
82,26,73,72,33
31,78,62,35,61
59,12,78,75,45
10,49,87,57,81
60,88,6,66,84
11,59,52,50,88
47,10,61,30,30
84,10,68,51,53
85,86,11,64,15
9,45,43,59,46
65,42,59,29,61
30,64,76,78,85
72,76,14,60,74
85,1,43,79,30
25,4,58,85,57
13,50,79,72,19
13,18,82,22,72
69,68,14,39,66
81,57,27,53,45
47,48,18,71,32
83,61,53,6,89
80,45,43,42,49
85,55,33,4,86
39,19,54,0,10
41,62,77,11,22
76,77,76,47,85
78,61,8,64,84
71,88,61,41,45
66,25,2,72,50
84,80,21,83,12
37,65,16,70,76
1,53,78,19,23
9,48,42,32,87
45,42,13,50,71
11,81,42,84,14
8,84,60,38,7
68,16,4,44,71
4,50,56,8,81
74,52,44,3,30
77,14,29,63,61
79,5,70,53,53
53,23,45,31,58
70,23,87,35,87
47,53,53,77,41
33,6,26,17,36
14,77,76,31,82
5,68,54,31,47
16,49,19,29,82
68,71,82,24,39
27,80,48,0,15
32,19,55,26,2
87,63,3,22,28
17,28,86,32,73
42,43,29,0,86
40,68,87,39,71
54,20,62,5,37
80,82,71,59,58
5,72,60,3,72
80,81,2,49,17
64,47,69,41,17
48,22,26,57,20
2,64,20,86,64
59,80,11,25,69
82,65,81,7,37
40,51,45,80,69
65,82,59,54,65
15,23,61,55,17
83,59,61,12,15
37,18,68,66,48
45,51,70,42,67
24,88,39,46,51
27,24,32,6,63
75,4,77,39,37
29,66,29,19,6
58,70,84,16,72
66,70,0,39,12
84,75,58,42,1
11,62,8,33,7
12,7,52,6,76
68,44,24,31,81
61,10,89,10,46
37,61,23,4,44
18,23,26,37,33
51,46,80,38,47
57,66,80,67,14
84,6,22,17,1
16,21,4,72,59
55,76,58,53,51
16,49,14,25,57
6,85,17,55,87
74,80,9,60,13
27,84,14,50,16
78,80,44,3,55
70,56,70,6,9
19,34,51,7,57
71,80,68,0,86
58,1,21,71,67
59,79,77,82,41
17,15,55,74,83
10,70,74,3,17
34,0,74,58,19
53,68,13,77,61
16,23,9,30,6
25,4,74,17,26
70,68,50,48,6
2,35,88,77,47
19,11,71,29,75
8,55,3,23,15
48,73,55,44,89
76,50,82,86,63
11,29,35,46,19
50,35,86,86,13
38,59,85,53,14
19,55,46,50,75
79,82,38,82,14
84,45,64,8,20
28,50,60,40,48
47,15,70,31,76
57,7,50,61,69
60,17,34,40,7
81,41,30,57,3
68,65,63,83,26
16,78,20,75,84
42,23,24,63,66
59,84,74,87,37
40,42,4,29,25
68,49,78,16,75
42,52,11,29,49
67,12,83,47,37
2,51,42,18,8
83,6,58,66,69
23,66,67,7,26
11,50,50,54,29
29,69,64,86,39
2,28,51,21,17
14,73,29,60,48
63,2,55,64,53
24,17,6,24,54
61,57,78,11,16
89,62,62,85,87
8,67,25,83,5
14,76,14,15,21
13,81,49,13,70
55,50,20,81,71
52,75,83,17,57
15,11,88,29,32
72,8,34,2,0
24,46,4,74,2
33,70,42,74,54
52,23,75,35,13
61,66,76,84,72
36,14,34,63,10
75,83,52,69,3
73,48,37,31,51
27,33,9,33,48
83,46,51,7,49
56,68,44,22,89
89,10,58,8,28
66,19,27,45,17
66,1,8,80,40
24,44,6,82,56
13,75,61,77,36
63,45,46,71,86
20,54,30,77,12
7,28,36,28,86
63,51,84,36,61
0,53,68,24,6
14,46,76,70,7
75,20,49,28,82
69,52,79,41,49
3,52,14,19,28
51,60,23,37,3
33,32,52,58,31
87,39,43,80,19
82,88,35,27,70
42,47,61,20,59
49,85,56,58,77
11,35,68,81,28
83,39,39,61,17
51,43,73,10,37
10,21,67,73,83
58,83,38,14,78
14,80,34,52,25
53,56,5,36,29
8,30,73,49,11
59,10,10,63,80
62,46,19,55,89
41,36,28,75,26
30,34,86,60,28
9,4,0,1,80
51,54,53,38,44
35,66,49,20,20
44,10,0,32,31
59,62,3,88,83
34,71,5,7,34
41,85,41,49,76
45,57,32,83,64
51,1,42,20,37
71,41,81,49,45
33,35,2,21,29
60,19,54,55,62
13,27,63,16,65
39,6,6,21,47
76,41,31,50,72
20,7,9,22,34
8,19,85,60,10
43,85,49,50,1
27,69,61,14,59
66,72,76,81,60
48,0,24,17,24
79,43,65,14,54
88,20,23,67,18
66,38,6,80,16
85,11,11,44,16
40,53,55,81,35
76,32,3,81,86
24,55,75,55,42
83,16,36,65,58
35,34,6,82,10
78,89,53,20,26
42,10,42,8,41
28,73,75,28,24
16,28,26,33,69
73,77,83,45,14
1,20,46,55,80
56,75,82,67,28
67,14,6,69,60
47,27,35,82,85
6,66,4,29,66
85,44,39,78,72
70,26,55,2,78
39,25,31,32,20
2,35,43,12,70
27,4,66,45,83
18,51,62,55,12
34,75,67,2,2
78,48,85,18,65
43,37,46,20,63
21,10,23,84,24
45,87,36,14,78
86,9,24,12,46
77,78,30,13,16
6,53,34,75,67
10,25,14,84,63
58,41,64,76,72
28,8,51,24,86
77,51,59,34,68
44,44,0,68,11
69,63,76,40,0
49,12,41,85,70
82,78,78,39,84
41,46,31,13,69
8,59,73,79,16
70,66,81,89,33
85,55,1,41,78
28,53,31,22,56
7,10,7,45,58
85,61,43,49,70
0,68,81,6,75
16,46,81,55,85
23,54,72,53,86
20,24,66,18,20
73,37,88,57,65
70,41,79,46,9
15,26,54,46,20
78,28,70,23,59
38,48,0,46,32
69,34,88,39,27
60,63,30,48,8
37,81,80,66,59
56,53,87,16,11
50,10,18,24,47
75,2,10,52,80
65,23,47,2,61
69,4,21,89,15
20,27,34,8,18
56,20,87,7,23
36,51,19,29,74
23,22,9,78,59
63,18,76,85,31
64,87,56,35,25
52,62,28,21,41
20,20,2,50,80
48,4,80,61,27
79,0,9,65,66
29,75,75,41,80
12,71,31,72,87
75,68,36,30,74
62,27,82,60,86
26,6,5,36,5
11,42,38,63,33
74,30,56,14,22
27,67,3,28,39
14,61,4,12,10
47,29,27,28,19
54,67,0,86,64
21,63,51,45,80
2,62,29,60,82
5,41,29,71,61
68,81,8,52,24
49,66,3,49,27
76,35,26,76,56
72,63,17,9,71
24,41,80,83,78
46,79,78,30,89
17,5,22,13,86
21,3,6,64,68
55,53,76,8,45
71,70,33,2,33
29,69,18,63,70
30,26,4,6,15
4,34,87,17,26
11,39,25,30,45
23,16,16,48,36
3,16,67,47,9
80,19,83,42,72
72,60,8,47,78
84,85,78,13,30
18,23,73,55,47
15,67,40,13,43
36,39,24,83,81
67,55,61,77,29
73,57,63,32,86
45,9,56,20,86
84,20,53,16,16
25,83,62,77,44
69,16,64,13,22
74,4,57,7,10
89,33,78,52,88
75,0,67,29,82
74,88,49,47,6
46,41,45,7,34
70,25,7,69,66
53,22,13,3,75
16,28,25,43,78
47,46,72,70,69
74,48,79,42,8
13,44,80,7,56
61,33,29,51,3
35,73,82,79,39
42,21,61,54,33
89,49,75,39,51
66,52,79,76,55
42,70,17,9,63
26,21,33,27,14
35,30,63,64,72
64,12,59,21,32
5,20,13,70,34
36,55,73,79,0
56,62,25,67,33
29,73,52,52,29
32,39,19,62,58
41,11,63,36,43
60,40,85,27,61
41,69,81,68,50
54,42,86,16,48
89,16,26,54,54
78,69,66,89,23
45,34,35,39,73
5,56,2,12,45
8,47,86,62,13
24,2,84,75,51
16,74,47,69,77
30,31,85,13,86
31,69,64,22,46
18,49,62,49,24
8,42,17,1,57
88,75,59,72,71
9,83,64,11,73
85,60,46,88,75
9,31,54,21,85
36,88,77,51,1
8,25,20,17,21
66,49,33,34,48
1,6,4,58,34
50,36,9,89,31
32,39,38,68,56
13,61,40,85,36
80,88,14,19,27
53,69,4,35,23
56,11,26,80,43
16,8,14,2,12
83,30,80,4,80
73,41,28,57,46
33,34,10,12,3
49,56,53,86,62
40,13,16,51,4
54,17,76,6,65
88,73,60,53,36
33,82,53,76,74
8,38,73,70,15
13,87,41,51,84
39,9,8,58,16
1,70,9,31,4
11,16,19,87,73
36,47,47,47,27
57,76,15,3,59
50,35,2,86,4
31,14,13,8,26
7,86,3,39,73
26,88,45,28,9
65,27,72,71,70
52,82,77,7,73
19,32,1,12,19
85,63,31,44,71
79,53,51,38,60
87,62,67,4,23
32,74,39,75,5
58,73,6,22,43
21,50,41,36,22
16,76,15,44,12
89,79,18,81,58
3,73,66,89,9
78,30,33,1,77
9,5,72,4,77
27,88,36,37,57
67,13,18,87,36
69,20,26,79,16
65,27,83,60,22
31,28,20,6,59
11,24,69,48,77
5,25,58,5,55
39,49,34,61,31
69,38,77,49,23
22,36,13,17,78
16,75,28,72,62
76,43,24,36,35
87,24,33,29,38
71,83,33,52,29
25,2,15,41,73
5,6,63,16,74
35,85,10,77,13
38,30,21,49,73
65,58,87,25,85
37,25,38,89,16
6,82,5,58,65
45,56,84,56,3
55,74,78,36,69
68,83,80,70,74
5,36,29,20,34
75,21,3,53,70
56,66,60,20,12
43,31,17,9,10
53,76,56,82,20
29,60,46,20,19
80,69,15,67,78
19,35,36,48,41
23,82,73,19,84
0,56,22,49,88
69,89,36,25,71
20,14,38,52,6
80,19,63,76,89
86,57,16,80,2
24,36,50,82,21
79,38,52,65,38
77,33,13,36,54
86,2,63,38,26
64,62,24,34,78
62,73,11,56,47
71,40,49,12,10
56,9,67,89,59
50,19,76,89,6
10,57,66,82,89
1,46,12,89,2
46,33,29,15,45
53,27,66,1,47
87,70,17,38,73
22,49,84,12,22
74,75,53,89,7
88,72,4,63,35
85,49,69,55,32
23,57,25,25,44
47,66,43,24,18
49,57,34,58,9
79,54,65,29,15
69,81,25,26,46
67,57,44,25,52
37,2,56,80,61
72,13,30,22,76
65,71,72,53,56
42,20,28,24,58
49,71,62,23,16
1,79,64,87,16
64,6,40,18,6
82,1,74,79,67
72,21,5,29,51
63,29,52,32,4
54,57,46,10,63
77,45,80,29,51
38,14,3,67,89
63,42,69,81,19
83,66,57,23,22
30,84,29,74,33
24,88,81,68,53
13,59,43,66,38
52,33,9,36,71
30,74,50,11,81
40,65,29,66,43
6,33,66,47,26
11,15,61,31,35
76,63,86,70,21
63,60,19,20,78
70,24,48,14,54
5,68,75,13,2
31,60,89,1,80
66,29,28,56,17
67,78,86,10,72
50,5,28,4,84
85,33,5,21,19
34,69,76,51,79
2,68,76,61,24
6,14,81,11,2
36,28,5,80,60
86,68,24,39,64
31,1,85,57,69
68,22,78,51,53
85,25,84,10,14
65,38,29,28,9
32,22,19,56,33
62,52,28,42,19
39,10,88,15,73
80,70,82,84,52
1,72,61,61,55
60,30,54,79,5
71,71,71,53,7
61,42,45,74,4
84,30,41,72,74
47,42,10,4,37
69,39,80,29,7
80,83,55,72,78
14,2,12,80,19
13,9,57,23,44
2,30,2,76,25
59,45,9,87,70
18,70,76,27,56
61,15,30,21,60
19,45,27,74,25
75,60,59,17,63
88,22,61,35,26
73,58,34,12,71
33,12,46,38,81
66,51,41,4,65
9,10,85,36,49
2,37,79,26,75
31,80,21,80,71
86,71,74,78,60
74,78,40,27,5
59,86,55,24,48
24,31,35,5,24
10,88,74,85,51
21,81,72,61,61
74,68,73,55,60
33,5,20,9,87
51,82,82,30,30
81,21,39,39,35
81,65,59,63,53
36,80,39,73,85
22,59,42,72,37
61,69,59,4,72
84,10,54,54,81
75,38,41,31,77
53,75,0,60,76
19,63,55,27,30
36,45,11,75,12
74,2,25,45,17
59,62,78,40,12
52,33,39,23,8
21,62,22,12,4
40,88,7,35,3
74,11,5,49,3
59,61,29,77,57
4,60,71,14,15
0,32,64,59,71
44,69,16,2,6
13,34,35,14,62
52,52,53,18,12
3,11,4,14,55
64,63,66,22,52
76,82,68,29,85
10,50,86,30,85
15,54,84,20,59
28,7,11,31,76
85,13,10,69,43
26,24,31,15,30
80,29,2,3,82
42,87,77,32,53
7,21,11,76,77
23,29,59,46,28
5,70,78,65,82
53,21,80,18,32
57,12,6,30,15
43,44,69,69,88
22,49,27,60,38
5,28,21,4,36
82,85,13,26,65
56,20,81,20,70
71,59,27,7,65
58,49,72,66,20
77,10,60,2,48
38,10,84,35,26
67,8,43,9,2
88,13,64,1,81
31,3,50,33,75
68,68,25,60,54
78,56,4,30,73
20,38,51,24,82
37,57,86,43,50
34,88,48,1,29
18,70,33,34,18
34,48,3,18,40
38,60,84,57,22
23,2,65,36,35
6,24,59,44,7
39,88,63,14,62
85,30,44,75,77
85,35,21,61,53
52,72,40,49,48
86,13,83,28,3
56,33,39,28,22
48,62,44,61,57
38,36,72,64,70
52,24,67,24,58
37,32,31,44,89
61,43,20,79,3
65,54,70,78,41
44,34,29,85,81
24,66,30,11,83
36,25,89,74,43
0,52,66,19,17
33,69,72,3,23
14,68,10,79,23
12,14,62,50,5
39,36,64,65,47
18,42,32,11,0
24,0,85,82,59
9,4,39,46,56
34,62,86,30,45
5,72,81,49,53
25,46,79,10,66
22,18,12,18,77
53,40,35,25,49
89,78,86,25,64
55,46,75,81,33
27,7,41,11,45
38,25,65,79,16
22,69,79,70,51
44,36,46,12,12
43,29,69,70,74
47,82,14,88,72
83,52,5,22,25
24,8,34,52,46
27,57,56,69,27
65,89,20,30,64
23,18,79,53,37
23,29,62,75,17
0,68,7,67,64
11,66,62,76,63
4,16,20,36,7
19,47,28,79,37
34,17,79,58,49
22,46,5,47,72
87,57,60,45,26
27,83,3,44,60
77,52,34,26,53
89,75,26,25,59
53,17,40,28,60
25,22,2,89,75
69,56,18,75,74
88,70,86,76,45
3,59,37,39,14
34,5,14,46,0
61,5,39,62,27
79,63,3,83,82
31,47,55,89,72
19,80,84,75,45
74,73,47,80,18
65,61,7,57,5
88,30,57,54,30
46,68,66,63,78
85,9,46,0,86
32,39,8,59,53
25,39,46,53,36
77,46,85,35,11
69,58,27,39,41
24,73,3,52,78
81,53,38,35,8
0,52,0,10,70
43,51,83,8,29
25,33,33,51,64
89,82,13,61,56
25,10,75,70,27
13,11,1,53,72
30,77,24,78,3
40,2,67,85,0
75,16,13,41,52
43,13,56,18,71
60,80,77,6,4
76,17,43,86,12
52,40,14,6,18
15,18,46,18,22
0,52,36,89,7
41,6,1,19,1
34,25,77,82,6
4,40,7,37,76
81,35,54,54,83
60,87,76,83,60
51,13,20,23,6
42,74,81,35,62
79,17,82,76,65
49,5,58,36,33
54,39,71,62,56
68,12,43,25,2
55,70,42,46,89
48,12,50,85,82
84,85,53,53,65
14,74,0,24,58
61,49,37,35,52
88,70,48,31,3
18,14,48,53,70
66,30,64,10,85
60,34,45,79,77
9,34,72,3,38
79,48,26,77,59
20,29,35,32,43
88,55,56,56,50
50,4,8,79,22
35,74,18,21,68
51,30,59,26,11
1,44,44,56,81
46,40,18,9,66
28,44,50,44,89
19,47,79,42,79
52,68,43,29,16
39,33,49,39,60
48,16,71,45,2
65,52,50,26,85
61,37,38,15,77
56,0,36,17,57
20,35,73,66,2
84,10,49,18,10
78,48,58,52,19
35,15,80,22,62
61,74,20,16,79
48,44,45,1,12
11,66,32,86,82
66,28,16,31,47
22,67,51,10,72
1,1,79,69,30
35,69,72,33,4
14,67,2,41,88
52,37,60,43,38
89,41,48,13,9
69,34,11,81,37
35,53,10,82,70
72,45,72,65,80
72,30,78,76,8
66,89,43,17,1
27,5,33,62,11
53,16,57,86,49
14,23,27,7,88
76,19,28,86,66
15,76,53,37,60
66,85,31,33,11
73,65,12,82,9
40,23,53,47,67
8,60,63,21,11
37,35,63,54,57
43,25,83,81,75
66,49,66,31,71
70,28,5,47,56
70,22,83,47,29
73,46,34,73,52
28,5,49,38,72
24,4,19,86,79
53,35,31,50,49
30,5,20,11,13
76,66,8,80,82
44,69,49,26,25
64,58,34,74,60
86,24,52,74,59
65,88,3,69,57
2,68,48,39,58
9,32,6,60,74
53,1,25,39,27
44,59,22,4,57
3,46,67,57,75
57,34,75,22,14
74,31,59,82,17
29,47,83,44,24
29,83,57,17,13
16,69,7,84,52
15,56,5,20,83
52,82,34,75,70
59,9,61,77,52
32,24,80,71,35
65,30,87,35,62
10,72,16,65,82
1,34,16,52,53
33,13,4,82,15
75,85,31,43,16
42,73,87,22,22
67,81,81,10,55
70,25,3,4,44
24,85,33,8,1
62,46,86,81,65
4,4,75,39,83
45,48,89,42,0
22,29,87,87,50
5,33,67,62,51
16,26,5,56,16
16,39,15,45,14
64,33,18,9,52
15,7,87,77,35
65,15,68,13,28
54,77,48,1,7
16,25,28,48,50
22,4,85,27,14
12,5,62,40,80
15,26,8,47,86
82,78,7,43,58
55,89,10,60,49
25,39,27,9,80
39,3,48,7,23
0,65,28,29,68
58,0,2,47,57
48,89,84,73,14
33,5,76,74,11
56,14,75,13,63
47,38,23,77,63
5,23,62,80,87
15,25,89,15,32
75,68,25,15,12
78,55,15,19,41
81,49,25,32,46
23,6,51,62,46
2,69,84,61,4
42,30,5,25,67
78,31,67,70,44
88,62,59,44,83
53,30,28,35,79
60,17,30,85,33
55,23,63,43,49
78,42,79,48,28
77,13,85,45,48
35,57,18,9,88
59,8,66,8,70
10,24,8,88,71
58,50,43,66,70
27,70,10,13,67
72,0,55,1,87
12,49,45,4,2
4,39,24,9,2
83,0,33,22,86
58,68,20,58,40
27,38,36,0,82
6,7,24,70,3
37,64,29,54,29
16,84,45,48,86
54,70,62,17,18
14,60,22,72,63
7,55,24,38,19
40,4,32,22,8
50,45,86,48,8
76,3,79,74,35
0,48,31,45,46
51,84,55,62,38
0,52,86,48,42
52,41,77,13,46
73,85,38,60,27
6,23,12,66,85
34,79,30,49,59
61,34,27,18,89
9,44,31,8,33
81,24,79,69,53
76,62,23,26,32
25,79,50,73,12
42,16,30,30,11
15,44,21,23,60
73,88,30,29,71
67,62,34,53,86
37,58,53,44,63
56,35,18,51,5
14,45,49,17,83
65,65,39,58,38
35,83,22,83,24
26,25,77,47,82
18,75,12,62,49
0,9,20,61,53
21,85,17,55,48
66,80,76,5,30
54,30,42,86,17
0,24,61,86,69
84,59,24,86,88
87,11,59,27,63
19,3,68,14,19
32,74,46,52,32
55,86,72,15,88
37,5,81,80,13
25,26,47,52,1
85,16,88,56,26
48,55,81,68,23
67,43,87,38,84
20,31,57,38,18
85,83,20,72,52
69,33,12,49,88
0,59,65,31,87
74,36,73,23,3
3,61,9,23,12
34,63,65,61,87
83,38,56,88,34
51,21,47,10,33
44,7,19,36,6
83,69,67,43,3
26,42,64,78,80
16,53,58,58,77
17,70,18,63,64
69,7,4,78,23
51,32,76,68,69
60,33,27,42,69
61,42,82,85,75
27,50,36,55,51
44,42,66,88,69
6,81,23,57,13
8,5,22,8,16
42,24,38,0,12
27,76,69,89,33
78,52,34,32,87
61,82,69,28,35
2,62,33,15,49
77,42,40,7,18
40,56,15,83,22
32,59,71,11,43
71,57,37,33,61
27,78,30,13,64
28,60,11,68,24
13,11,35,17,21
27,47,77,84,10
23,41,30,41,58
8,33,22,34,61
25,19,72,60,41
67,12,59,29,8
70,25,50,67,17
32,58,73,31,30
54,70,27,0,70
29,56,61,20,23
10,85,70,43,3
48,30,80,8,29
74,20,82,22,14
58,5,22,29,63
15,5,70,12,28
78,76,29,34,28
11,30,20,72,57
54,80,22,10,16
66,42,63,61,23
65,48,75,55,10
4,13,19,7,14
37,64,53,76,45
60,58,65,21,72
36,9,77,3,71
1,53,28,4,7
11,22,69,54,84
41,32,63,81,28
4,71,31,62,20
26,24,79,49,57
35,67,46,65,80
12,71,88,71,21
37,12,60,49,13
64,76,4,35,70
59,19,42,24,16
30,81,89,45,76
56,39,26,73,35
77,50,25,50,82
12,7,42,21,86
49,75,28,4,0
64,75,25,17,73
88,39,24,16,87
78,84,5,60,43
12,23,38,89,81
86,47,19,54,81
25,28,46,0,79
25,0,55,45,25
75,34,30,84,3
13,11,66,18,10
54,40,6,36,12
88,23,89,62,38
8,29,74,14,6
68,64,69,42,62
18,75,89,51,62
59,32,41,26,26
10,42,64,35,34
30,26,70,80,57
66,24,89,49,21
35,24,53,30,83
25,71,8,87,12
63,1,40,42,8
75,26,73,7,34
22,24,73,85,28
27,60,82,2,18
89,3,74,29,85
22,42,64,47,20
73,76,19,59,54
88,47,41,4,14
24,78,80,46,77
51,57,73,72,51
42,16,31,16,81
69,51,72,80,69
18,45,33,76,80
54,65,34,84,1
55,37,84,72,66
78,76,32,56,43
84,49,68,8,48
30,44,5,84,39
37,84,29,4,41
48,27,22,12,83
60,53,86,20,23
64,79,6,21,29
89,0,36,32,13
84,53,37,52,42
28,70,61,14,58
53,33,28,16,22
36,6,19,19,22
2,27,35,4,45
8,27,52,10,83
32,11,82,86,21
37,59,59,20,45
39,54,36,63,9
80,82,27,44,28
38,7,61,14,86
75,19,61,84,50
11,29,23,38,32
13,55,28,50,3
32,8,32,26,55
69,17,22,26,58
10,5,57,43,82
80,19,51,70,3
62,29,9,73,11
89,21,89,44,84
70,62,86,26,12
65,56,39,3,19
55,46,58,46,0
64,32,56,79,65
46,41,43,35,29
43,54,66,10,62
41,23,57,35,36
25,56,30,79,45
2,74,45,32,81
48,80,18,15,63
87,13,65,79,40
23,28,20,5,7
36,16,33,73,54
30,71,24,84,50
65,10,12,44,49
18,78,59,19,81
43,57,22,67,63
57,31,69,51,83
86,26,67,13,26
84,58,23,37,79
65,74,50,57,75
72,65,63,77,41
68,63,77,79,13
23,85,88,52,1
50,66,49,64,8
65,46,78,18,18
52,37,24,33,5
66,31,1,32,53
59,80,48,65,19
16,77,15,39,33
15,2,37,71,85
44,33,0,41,87
16,36,16,53,12
27,4,12,75,40
73,77,75,42,27
57,79,23,62,42
27,80,64,29,50
6,12,21,24,33
24,75,24,50,52
13,20,71,54,82
35,24,4,20,5
16,31,37,82,68
24,66,85,16,33
52,38,65,73,64
65,50,80,3,67
27,4,55,38,71
70,1,86,0,6
68,52,56,37,38
14,25,75,65,67
28,6,26,37,3
32,30,19,13,34
32,58,55,68,83
57,16,81,35,1
11,19,76,74,10
41,20,51,56,21
3,52,39,88,38
44,60,83,13,34
51,13,12,45,13
28,67,30,65,33
86,74,78,86,10
52,64,25,76,18
20,70,55,26,70
59,85,63,28,80
7,85,1,40,67
7,14,34,62,58
55,7,63,53,77
1,11,72,37,6
68,30,66,33,80
27,22,9,43,84
20,7,12,74,11
40,87,80,16,42
22,84,13,18,20
31,6,59,88,74
57,82,5,86,53
66,54,6,18,29
3,77,9,86,31
8,63,20,79,54
54,47,18,76,18
41,58,65,36,44
6,65,58,51,22
29,78,48,7,23
3,67,55,69,10
88,29,84,76,6
62,55,11,38,4
79,74,16,9,71
1,35,79,72,43
75,54,45,43,60
78,60,81,8,29
78,70,38,81,41
29,6,85,1,64
71,10,52,48,86
81,52,54,1,6
89,64,46,6,85
81,34,59,72,42
55,49,23,54,4
86,68,68,85,21
66,85,1,36,72
1,83,61,71,33
21,80,12,62,88
86,13,43,35,77
35,45,13,37,80
85,77,83,5,37
64,37,38,16,59
70,62,63,27,42
50,42,49,46,81
30,45,89,41,13
59,18,24,65,10
1,37,66,18,64
88,13,65,27,60
71,9,11,40,76
70,73,84,26,38
27,34,40,67,9
30,64,55,11,40
49,12,61,85,41
30,14,31,8,69
74,56,44,51,43
45,67,63,14,20
30,15,15,53,72
53,46,44,82,8
73,42,31,28,30
27,34,23,0,82
3,78,75,71,87
60,7,38,45,75
87,24,13,71,10
30,28,30,38,43
23,74,1,47,33
62,48,81,13,16
40,45,59,33,88
40,67,14,21,7
68,28,62,41,73
35,51,48,72,29
14,25,87,12,43
56,9,54,25,77
49,47,88,81,71
76,9,79,15,15
6,50,62,28,47
49,47,72,54,24
88,33,8,86,9
0,6,16,25,15
44,38,21,80,4
87,71,75,52,27
37,27,31,18,89
45,34,46,11,1
23,13,5,79,84
55,78,72,73,38
46,22,89,26,71
2,44,48,59,17
78,32,84,39,70
65,49,64,4,39
21,85,77,19,25
70,19,12,83,68
53,47,86,27,72
57,83,87,86,16
38,49,70,65,14
89,54,88,70,13
86,62,26,75,74
11,79,30,28,6
50,19,71,32,28
32,64,10,13,19
72,76,41,17,40
75,27,26,49,41
38,24,21,8,82
89,3,49,26,1
8,83,84,52,58
77,51,88,19,72
60,10,42,20,28
71,57,50,74,11
44,67,77,2,77
56,72,34,40,70
60,5,13,14,40
15,71,56,4,48
5,18,41,42,12
28,88,35,35,88
33,42,59,10,36
32,10,77,10,71
69,2,17,7,33
39,5,35,47,36
68,74,67,3,41
66,53,30,22,75
31,71,76,77,14
41,31,6,39,38
14,29,14,30,36
9,4,29,69,26
59,3,87,82,45
32,72,76,66,58
52,31,64,79,74
35,27,71,8,65
61,53,1,44,35
32,8,38,66,80
21,64,78,36,80
73,39,82,16,70
11,45,59,64,15
50,43,80,26,60
50,79,65,16,81
4,86,21,5,72
17,69,43,58,84
42,18,15,21,42
76,65,87,50,47
17,14,28,48,84
44,23,70,39,24
81,65,14,71,4
84,60,87,62,89
52,25,71,48,72
36,8,81,18,40
64,65,71,53,33
14,52,16,86,21
15,77,63,26,58
25,12,18,58,12
6,45,5,65,30
7,20,39,28,19
55,16,69,48,55
37,31,8,31,61
27,67,30,1,39
68,13,12,1,31
38,14,85,35,32
85,81,89,51,60
7,71,33,37,6
52,37,79,75,61
79,24,75,41,75
79,7,9,79,83
3,21,83,65,40
57,72,75,81,5
27,28,40,81,89
37,20,59,6,75
56,78,62,24,58
14,5,7,6,37
65,46,42,48,85
27,86,22,32,73
34,18,36,70,44
63,72,83,12,52
28,20,78,15,76
15,1,29,25,13
11,80,12,76,88
52,83,25,84,24
12,56,55,12,1
38,38,45,79,0
80,84,42,22,82
38,42,8,69,88
4,12,62,78,41
50,66,47,27,79
2,29,3,64,20
85,1,67,24,89
57,19,28,10,0
7,16,63,6,37
39,73,61,5,78
24,84,81,54,77
43,40,20,18,36
5,7,0,24,51
82,83,13,16,35
70,86,84,37,68
62,82,49,70,60
18,19,59,20,85
71,26,63,84,60
71,59,88,45,43
9,6,46,10,80
70,1,74,0,88
12,3,13,76,88
82,89,19,43,57
33,0,1,10,39
42,31,32,71,88
14,85,8,72,17
73,10,88,87,12
60,39,53,11,34
44,76,78,5,47
85,59,2,84,26
30,12,74,86,81
40,12,80,59,35
87,63,72,35,25
4,23,35,23,30
44,37,5,1,14
51,7,18,69,86
59,16,36,46,49
36,42,2,58,46
47,47,24,42,18
59,30,29,61,16
42,62,72,17,15
3,4,88,64,25
29,35,87,11,47
65,6,28,40,15
65,71,65,54,73
64,69,73,1,3
48,30,83,53,42
84,41,33,24,59
83,12,64,86,85
2,25,54,36,80
56,20,30,69,60
53,36,55,59,25
50,41,24,47,85
77,12,82,50,80
7,88,44,50,38
87,48,56,42,62
28,65,67,51,10
32,8,81,21,45
25,84,21,12,89
10,5,82,2,3
29,21,53,36,35
8,74,7,14,10
12,46,10,71,16
20,11,44,21,28
64,61,53,10,49
69,67,58,4,69
0,85,75,64,84
35,77,15,87,5
1,31,41,0,36
16,86,27,15,9
69,23,87,69,24
14,87,54,12,37
66,67,74,82,61
10,59,58,51,39
1,8,47,20,66
11,0,23,61,73
1,74,19,75,34
63,64,31,77,42
14,12,62,50,32
89,17,58,58,55
3,36,50,48,56
27,11,35,38,79
13,43,85,19,69
46,86,11,3,59
60,16,31,88,86
50,65,44,48,20
89,32,8,15,77
20,2,38,33,13
46,26,77,18,10
71,79,86,38,86
20,42,10,81,3
37,39,66,75,70
56,26,40,36,78
3,66,50,20,85
39,36,32,1,46
75,89,86,9,21
35,1,49,16,33
49,10,12,22,11
39,37,43,20,19
65,32,43,58,10
44,6,31,14,13
12,30,46,32,29
15,80,23,6,61
77,29,6,52,64
59,29,87,51,14
60,46,26,67,28
55,38,50,9,52
27,60,24,71,68
39,61,13,61,27
13,48,53,78,81
13,42,69,44,2
60,72,73,32,62
82,62,32,55,14
73,45,16,0,16
34,74,89,73,53
77,7,14,89,43
41,44,80,72,24
46,70,61,15,65
59,16,34,49,32
4,89,88,8,4
82,2,34,35,61
3,52,16,79,5
49,85,2,62,50
3,39,19,88,37
79,67,9,31,63
44,77,85,82,86
81,28,24,34,14
88,28,80,29,29
66,73,12,80,11
21,56,3,13,24
47,9,52,66,43
51,27,71,50,59
43,56,7,26,22
68,28,13,64,9
70,73,55,89,70
59,38,48,41,30
50,26,11,6,33
5,39,22,87,71
56,68,14,13,88
28,70,18,29,89
51,2,21,41,85
74,5,62,29,17
72,34,10,39,17
87,85,43,56,36
64,26,53,81,58
47,53,75,5,56
72,27,18,68,64
74,40,15,24,45
19,86,32,68,14
38,65,41,22,17
31,49,60,77,12
3,84,77,28,43
46,79,48,80,1
17,53,40,75,83
40,17,36,76,8
73,2,19,87,4
18,84,55,19,31
55,67,1,34,69
85,86,71,14,19
12,23,84,7,46
16,66,60,25,70
75,10,55,85,31
29,14,62,36,70
45,48,35,16,20
47,27,1,48,8
74,69,34,24,64
34,29,43,70,22
60,65,89,48,67
5,13,44,12,59
63,0,36,40,4
51,30,65,17,88
86,20,83,72,15
87,75,48,22,60
16,16,50,10,72
56,53,76,25,46
11,76,17,6,36
20,37,55,73,85
46,69,70,77,57
0,18,60,9,40
66,42,36,78,32
82,73,68,58,26
17,28,30,26,65
50,88,48,12,17
74,23,15,50,19
13,89,20,27,30
62,11,45,4,69
2,43,15,58,81
3,65,72,44,31
81,20,78,26,43
66,64,52,28,34
16,80,85,44,78
33,41,18,24,43
5,52,21,42,72
61,51,39,65,33
48,84,59,42,1
81,89,23,43,74
48,80,45,35,67
49,77,36,48,65
14,38,69,85,1
85,26,64,82,61
8,52,36,11,50
24,64,3,66,70
38,17,74,37,44
60,11,48,68,45
17,63,55,11,43
41,7,48,46,42
57,58,84,73,10
54,21,21,35,17
70,88,2,72,42
32,20,64,46,18
17,39,2,42,5
77,0,72,79,50
48,50,80,48,66
7,10,81,76,60
1,36,16,86,34
25,73,19,5,14
38,30,45,42,67
78,70,13,31,1
39,84,4,4,42
33,11,58,35,45
75,23,73,65,86
8,2,48,14,72
41,85,39,45,77
59,79,32,16,51
17,80,69,64,1
67,62,58,44,31
46,43,12,45,15
67,12,72,69,35
3,81,42,3,59
74,7,4,57,25
80,79,81,61,12
39,37,44,83,33
6,89,73,20,31
86,78,62,41,53
47,26,27,83,6
61,46,52,23,68
29,24,16,55,38
44,24,17,71,37
27,73,75,77,66
67,65,50,3,29
59,49,41,27,55
67,40,11,59,7
69,78,88,1,22
22,27,81,14,35
81,13,30,64,48
26,16,26,6,35
16,7,27,72,30
8,25,45,45,86
47,23,26,14,29
30,0,21,65,33
57,11,19,7,29
88,30,20,22,32
37,17,26,41,87
46,44,83,10,4
70,17,40,39,84
8,56,57,36,8
31,16,76,55,29
65,66,34,60,70
67,5,68,6,13
56,9,63,2,1
51,0,14,29,32
78,23,51,50,28
15,82,78,48,54
26,19,28,26,14
79,26,49,86,5
18,37,29,64,9
12,45,60,14,76
36,75,79,83,63
85,49,47,64,86
62,47,45,69,52
51,25,15,74,86
2,0,7,6,88
21,53,44,48,8
30,87,78,82,11
78,83,70,58,41
51,87,13,41,21
74,11,82,21,23
34,79,14,31,85
46,54,83,77,54
44,42,70,60,35
74,52,18,2,11
82,40,42,28,54
22,71,63,10,50
16,88,25,13,69
33,81,58,56,53
22,1,8,69,16
13,57,53,23,60
39,69,64,47,46
17,36,61,41,11
56,83,34,54,40
30,20,31,66,29
56,3,21,53,21
36,82,35,54,20
47,71,51,17,59
17,38,74,53,45
58,88,68,35,47
8,60,42,30,60
48,57,46,69,46
34,74,23,16,70
5,47,80,11,45
1,61,79,41,83
4,68,14,42,67
23,29,1,69,15
40,28,8,36,60
46,62,74,38,69
12,23,38,9,45
41,9,3,23,77
67,43,82,14,53
12,17,73,42,81
85,33,65,14,18
67,62,32,42,78
18,62,84,89,43
76,39,40,72,5
5,46,23,70,70
21,68,15,36,69
79,68,6,3,50
68,19,68,10,45
43,85,7,51,55
32,42,0,65,56
41,33,77,7,40
8,16,75,56,54
81,80,0,29,66
44,65,41,29,69
21,72,2,8,8
54,28,26,38,52
37,89,32,23,5
12,69,59,30,53
58,69,50,3,36
61,61,21,55,85
40,88,81,55,61
46,56,42,48,16
81,56,41,81,48
19,53,0,36,35
85,79,72,65,56
59,85,30,30,36
55,19,75,66,64
64,11,75,66,62
47,84,34,77,85
29,29,48,18,40
4,53,64,56,39
24,39,20,60,15
44,23,12,62,41
60,40,57,38,42
64,8,75,46,50
21,31,61,39,25
19,25,20,20,18
65,40,1,86,42
80,78,43,21,67
17,89,40,33,23
40,77,37,33,67
51,18,77,38,81
81,53,83,38,77
71,13,38,51,28
89,6,81,1,2
76,88,13,8,42
45,7,74,70,27
54,28,63,41,11
85,17,75,44,66
28,20,33,54,42
82,66,10,56,3
9,53,55,51,50
56,5,53,5,59
79,75,28,69,4
72,40,17,10,5
84,0,17,58,12
89,67,25,72,88
23,20,72,11,48
83,83,41,47,23
4,79,43,62,72
75,77,23,62,87
32,69,0,27,55
73,63,56,4,48
71,54,13,88,82
58,81,4,76,42
62,52,43,61,51
12,58,58,26,2
31,33,12,42,63
74,23,52,68,29
15,86,61,24,64
76,60,14,42,12
4,7,41,10,13
84,53,82,77,10
68,25,71,87,16
35,85,14,15,34
20,38,86,81,88
78,35,41,23,71
48,28,67,6,45
47,78,74,14,63
3,51,26,81,40
84,66,86,68,9
86,70,29,16,79
22,51,71,82,31
55,9,66,34,80
89,68,86,71,49
36,75,5,5,6
63,44,70,73,6
47,80,82,59,75
23,25,68,85,54
74,15,3,10,83
19,16,23,22,76
67,83,81,9,4
73,79,5,62,37
32,60,30,14,15
49,81,63,42,3
31,57,62,11,33
63,1,16,46,72
65,21,11,29,63
48,35,31,22,48
45,21,50,20,5
4,56,29,2,87
17,69,39,83,68
26,42,21,34,88
83,69,0,50,17
52,16,21,11,29
31,56,73,36,73
69,44,19,52,44
83,18,72,72,69
70,41,56,16,72
11,10,65,72,20
56,9,20,51,47
43,4,66,82,24
52,14,18,1,45
15,65,81,47,13
67,44,33,79,33
12,27,82,4,69
74,5,4,78,37
43,78,30,16,53
52,74,61,51,7
17,79,18,82,75
10,60,42,20,63
75,17,5,41,14
48,12,50,74,81
58,19,19,27,80
68,61,41,5,7
15,65,79,12,59
18,75,72,89,59
18,43,12,73,50
49,84,78,80,20
25,59,40,2,26
57,71,67,45,23
79,83,44,61,33
84,77,89,7,42
33,23,37,53,23
69,16,41,65,50
61,55,46,30,3
81,17,82,54,32
56,50,0,14,39
29,31,80,23,36
85,9,56,77,8
7,12,62,8,17
11,77,1,4,56
50,10,52,45,9
3,3,9,88,46
35,38,70,29,71
77,83,31,83,41
43,87,32,3,22
88,64,32,74,21
35,68,40,37,18
83,14,48,82,70
61,28,39,33,88
16,77,12,38,53
83,7,55,36,34
88,76,21,42,22
15,12,17,73,26
25,84,53,71,19
52,55,57,72,81
77,59,10,32,35
82,42,83,21,55
43,16,61,0,62
71,26,37,73,61
89,40,56,80,56
16,43,88,14,65
20,54,34,29,46
83,4,55,10,47
73,33,6,13,72
68,28,17,66,13
54,34,24,15,44
20,2,5,5,29
75,80,88,15,38
19,11,62,80,24
77,71,20,11,16
53,69,46,34,20
64,80,32,2,28
15,84,11,88,38
36,0,47,35,89
4,33,17,8,45
7,5,85,71,52
29,55,36,0,82
82,72,33,83,32
1,54,32,31,43
3,37,89,9,41
66,68,82,14,76
67,66,30,82,45
32,38,81,41,18
11,45,13,40,55
82,80,26,16,75
11,28,77,44,19
8,15,30,16,79
49,23,36,36,42
38,79,35,65,51
84,88,72,78,34
60,70,57,84,78
32,10,66,39,20
58,77,50,48,74
34,22,30,32,41
52,2,71,43,30
53,74,47,88,81
29,40,33,86,26
75,25,69,17,83
1,14,64,38,52
88,66,68,3,20
38,77,33,69,43
33,36,86,65,64
21,46,48,65,77
75,12,25,32,85
54,84,75,87,79
46,87,9,26,48
32,68,58,62,13
42,28,74,67,79
86,5,30,89,79
37,0,83,44,87
80,56,68,40,2
0,38,60,13,47
4,49,20,81,84
25,61,63,38,16
71,14,47,28,87
3,85,51,34,77
47,65,15,37,12
67,12,70,72,55
48,21,12,21,62
73,79,0,80,48
54,87,1,29,7
27,8,38,66,86
58,57,17,41,41
37,53,49,25,79
46,51,71,35,56
87,82,41,28,50
24,17,11,2,3
17,55,29,63,29
37,11,56,48,4
72,53,63,45,28
16,16,17,70,59
55,42,61,5,62
60,43,8,25,74
6,60,5,88,29
52,84,31,9,43
35,1,56,15,53
51,1,0,68,53
75,54,43,79,5
84,14,54,70,8
11,2,17,89,45
40,0,3,28,78
35,6,44,56,85
80,35,5,19,51
5,72,23,86,54
3,64,25,59,62
68,81,6,43,61
52,42,74,27,24
74,76,44,29,85
38,78,89,43,46
21,70,48,3,0
66,86,9,79,26
77,84,88,65,40
88,12,81,21,15
41,67,59,84,32
77,59,46,13,6
68,72,70,26,81
1,84,60,87,74
43,82,56,22,51
57,25,55,72,48
36,74,63,16,20
61,40,75,59,86
84,75,25,57,79
35,2,70,0,23
1,19,29,37,41
59,67,0,83,65
39,22,21,65,14
16,78,42,49,61
69,79,20,26,34
21,27,10,46,41
31,55,84,87,82
11,80,89,86,7
78,19,44,26,37
14,43,61,34,47
60,62,62,26,51
51,22,84,23,85
68,67,77,81,68
24,42,55,5,41
34,4,72,25,78
66,4,31,89,81
47,41,46,52,64
14,81,83,74,21
28,17,40,48,87
79,10,58,22,50
56,53,0,74,52
65,72,89,47,21
3,26,54,80,43
66,10,8,26,14
56,55,69,26,6
65,42,30,12,9
26,75,56,43,5
8,70,53,32,48
23,52,75,42,17
70,37,88,9,44
2,26,84,80,66
54,34,56,17,12
87,41,59,64,33
83,81,22,63,65
63,81,17,62,10
46,7,42,79,56
9,64,38,30,50
32,27,27,76,29
72,0,4,19,83
22,4,4,83,13
35,85,65,43,39
6,55,59,65,58
23,89,42,30,78
39,38,40,66,75
66,40,18,43,39
24,59,80,30,29
83,44,10,14,69
87,18,48,18,59
30,25,83,8,3
49,11,27,28,5
49,8,19,53,70
62,83,74,8,49
40,64,54,76,75
16,66,69,1,11
28,69,86,84,31
26,19,2,89,30
70,57,78,46,61
4,33,22,60,45
55,65,54,30,13
3,5,76,25,15
57,42,80,32,40
43,39,84,21,38
84,17,13,46,31
26,76,11,20,75
18,80,14,36,49
81,42,45,51,49
14,87,35,34,72
21,67,78,31,38
39,18,89,47,85
34,1,29,18,18
4,58,48,40,20
73,80,31,14,1
79,1,36,80,68
89,14,18,37,82
48,57,28,21,49
35,73,62,80,84
88,71,32,61,75
78,23,4,15,30
66,37,51,38,0
20,45,73,56,13
68,40,37,32,54
80,8,37,87,38
65,40,89,8,25
6,15,14,66,68
10,17,73,2,29
52,66,85,54,51
45,73,49,10,80
56,1,58,9,54
71,2,81,43,76
65,70,72,36,29
23,13,9,76,45
14,64,41,87,55
80,8,62,74,79
20,82,52,8,33
61,76,26,66,55
83,7,79,62,41
34,81,49,64,56
86,53,49,17,11
42,69,44,70,30
13,82,49,23,81
77,58,39,64,54
45,53,50,8,33
32,15,42,2,38
64,31,21,44,32
26,11,59,69,27
14,39,27,50,87
32,73,89,52,49
17,73,87,35,48
7,12,11,59,59
43,29,27,8,12
55,33,38,79,18
77,74,53,56,22
39,8,21,50,78
46,17,6,42,59
28,63,59,14,15
58,18,40,8,21
36,15,68,65,20
68,25,79,80,72
40,14,79,69,67
56,40,27,9,31
24,83,4,5,9
1,86,54,83,37
41,79,4,48,27
28,86,83,68,24
52,80,6,73,20
20,8,15,34,33
73,29,80,60,44
47,57,69,83,33
89,48,36,53,14
40,31,34,50,82
86,1,54,20,55
82,43,47,85,59
87,59,0,36,4
5,78,69,27,19
21,8,88,22,4
58,85,54,17,81
6,44,15,44,37
21,45,53,31,58
65,1,22,32,27
14,18,89,48,82
55,86,11,86,82
44,14,51,8,24
48,27,45,40,82
3,3,33,79,27
17,57,47,28,38
70,43,67,47,59
89,78,73,11,53
25,16,63,31,81
47,61,32,80,20
5,21,33,49,42
65,34,64,76,86
89,23,79,44,66
16,24,82,23,20
31,14,55,9,55
54,61,6,26,64
81,20,49,66,15
16,32,49,29,27
86,7,26,14,55
63,73,81,47,52
19,19,66,70,64
61,49,15,52,78
13,28,88,85,88
67,47,85,13,85
78,17,31,81,30
23,36,57,27,4
2,63,5,53,11
51,52,61,9,82
87,48,22,82,89
84,44,0,75,70
42,16,34,84,83
71,42,85,6,80
3,29,23,51,58
1,69,54,20,32
52,68,42,52,45
11,10,84,10,10
65,35,52,57,81
29,75,28,73,59
63,44,48,17,22
38,65,12,25,26
7,66,68,32,80
18,44,62,42,10
88,13,64,55,60
37,70,14,88,76
33,79,41,9,8
22,65,84,33,23
41,51,89,64,77
10,65,88,22,83
83,68,74,21,65
42,83,38,11,43
1,18,11,50,8
27,45,60,29,50
9,50,70,21,29
31,54,52,65,85
89,23,38,14,48
65,52,36,21,79
22,62,54,33,71
30,29,79,86,54
47,75,76,18,81
10,85,19,0,41
41,33,53,89,53
78,40,48,79,15
51,49,55,23,2
8,75,36,57,8
42,31,15,26,24
88,30,73,67,69
14,46,15,75,14
2,51,65,62,10
7,83,36,67,50
45,3,10,80,42
79,13,78,69,76
83,81,12,27,75
63,26,30,19,80
10,64,45,7,33
18,84,52,35,42
13,69,66,35,68
24,69,61,38,31
32,27,58,19,41
67,55,54,61,61
83,49,55,71,50
70,8,7,68,64
45,11,32,53,40
37,21,69,12,84
29,66,66,88,6
24,27,85,66,63
4,27,18,8,50
47,57,4,54,56
88,35,87,49,11
5,18,81,39,47
24,27,3,56,30
22,82,60,30,55
84,14,3,79,20
67,57,68,34,21
13,58,39,84,39
15,3,80,49,70
79,45,28,88,37
70,17,87,19,89
63,8,57,74,81
23,0,86,56,55
25,21,71,14,49
50,60,76,73,60
31,29,46,37,83
27,49,11,49,42
61,59,78,44,22
7,58,1,86,19
19,71,38,22,45
73,46,75,5,22
21,53,87,20,15
45,88,57,88,48
35,62,38,4,49
15,89,67,87,36
77,27,43,35,45
10,43,49,28,86
32,47,33,62,54
86,73,84,14,57
53,46,4,63,87
32,67,73,60,31
19,32,44,47,26
76,5,22,31,74
79,79,53,82,59
25,47,1,84,4
30,79,72,66,37
42,87,78,40,33
45,55,71,49,59
43,62,10,58,75
14,41,61,26,84
59,15,82,9,73
69,22,68,18,19
44,60,44,55,14
51,11,55,30,80
54,78,78,49,43
75,39,28,19,4
65,74,34,25,18
39,61,35,85,63
84,76,26,46,27
75,8,79,1,7
13,46,39,70,27
16,62,82,7,65
71,50,30,33,66
28,64,18,20,59
7,75,51,38,73
3,46,80,15,54
36,52,49,11,60
84,35,28,5,45
30,7,78,0,11
71,39,25,9,22
70,51,32,76,85
25,15,15,41,29
27,60,71,40,21
82,11,78,85,44
31,78,70,79,83
30,10,73,65,20
10,29,1,19,2
41,22,2,36,8
41,23,16,20,4
15,8,15,44,10
8,6,67,39,26
46,28,80,54,64
58,17,29,12,29
50,30,13,66,87
25,61,87,8,26
55,13,27,43,43
63,8,66,70,0
44,76,73,14,43
73,18,66,36,6
47,78,83,30,34
30,36,75,84,85
16,24,85,22,41
14,36,20,40,83
13,44,86,22,41
82,1,10,13,85
81,26,38,11,29
69,17,79,23,33
47,36,31,64,1
16,14,51,34,18
13,29,1,75,57
78,13,65,10,24
6,55,83,67,8
50,12,75,10,89
83,48,71,26,67
80,33,81,89,70
83,65,8,15,15
13,63,28,10,75
8,18,10,74,67
70,71,20,26,59
81,71,29,21,7
16,72,22,41,81
78,80,64,76,67
37,42,15,10,2
72,39,45,3,22
15,82,49,78,74
3,39,2,41,45
40,5,16,80,67
32,46,85,68,46
59,7,67,81,64
57,6,78,31,22
20,1,68,60,17
88,22,32,77,78
60,16,82,47,48
11,1,32,77,83
60,65,37,13,30
15,79,43,62,20
14,72,20,28,73
64,43,5,14,42
21,18,28,73,77
43,75,3,54,5
83,86,31,1,41
82,67,14,45,15
44,81,84,19,56
1,38,47,38,13
7,30,49,79,71
39,52,9,8,55
81,85,40,79,41
8,49,22,86,61
80,57,77,47,20
49,85,71,59,35
56,0,47,78,48
50,76,64,60,40
6,69,43,25,85
85,83,68,76,69
23,9,31,41,19
17,24,75,0,64
29,11,4,74,9
41,19,50,35,54
82,48,59,65,13
5,75,54,76,50
86,12,15,56,15
3,86,49,42,48
58,41,20,30,5
33,23,67,82,0
83,10,48,57,81
73,89,24,17,56
10,21,22,6,80
14,79,74,32,85
46,7,20,69,11
40,49,6,1,67
20,51,20,47,87
85,84,34,42,23
81,80,27,0,63
75,18,43,63,83
39,23,63,58,39
29,26,63,64,77
47,63,68,68,17
17,62,3,36,68
36,27,14,8,88
23,40,63,85,63
19,58,2,29,39
34,14,68,19,82
45,34,20,33,33
69,43,0,30,71
30,66,49,61,30
52,50,16,18,61
89,88,56,57,72
28,33,43,48,49
24,64,76,88,35
72,28,10,68,13
89,5,39,20,58
66,39,51,60,86
56,34,16,88,11
84,36,37,19,39
62,41,30,23,43
42,11,67,12,60
27,53,29,28,62
4,87,87,86,86
73,29,23,27,36
42,82,48,83,40
12,13,52,48,22
69,16,31,34,61
37,5,48,69,62
56,54,13,63,5
65,87,49,28,9
3,76,2,77,14
86,49,69,33,53
24,89,89,40,13
18,7,82,33,20
48,2,12,0,35
18,58,4,40,48
27,47,43,10,50
52,58,5,67,29
61,62,71,8,67
4,57,47,49,16
24,6,62,0,75
34,72,17,10,35
53,59,66,83,7
20,18,36,30,34
42,48,52,29,88
44,83,57,45,33
65,31,69,2,51
81,44,21,23,30
88,16,67,76,2
89,13,27,51,19
11,39,50,12,27
76,74,29,20,79
23,38,24,46,37
66,70,86,64,9
11,15,30,78,9
25,33,11,76,10
36,2,28,88,27
41,3,51,47,62
38,58,39,71,80
21,74,30,39,26
23,33,71,1,52
85,3,57,15,88
6,5,39,86,86
65,71,30,87,22
55,55,31,87,72
24,12,13,63,79
66,55,65,38,59
51,18,16,45,15
51,65,53,82,11
84,70,69,30,34
67,17,15,19,60
75,77,49,88,70
82,64,43,30,33
62,83,46,28,8
39,11,54,23,83
4,17,70,67,19
65,67,9,79,11
27,64,80,26,50
35,52,54,57,3
58,33,56,17,20
74,58,18,42,27
64,2,82,15,83
25,68,85,79,17
30,89,24,73,45
12,25,23,44,11
82,86,13,80,45
73,43,17,44,6
60,85,7,46,25
23,9,6,31,65
63,64,62,11,0
41,42,80,45,85
61,18,65,43,23
11,88,74,24,70
64,87,54,17,21
14,21,46,71,19
88,59,36,85,70
17,18,59,30,57
82,39,63,85,24
44,85,39,25,28
21,27,4,70,47
1,71,8,40,13
33,41,71,53,1
4,44,56,86,4
76,14,89,1,38
45,84,36,71,82
20,76,2,85,45
68,73,36,83,1
75,35,62,0,10
31,53,68,80,79
77,32,62,43,75
62,44,52,15,29
3,33,58,45,82
2,82,24,42,20
47,0,18,27,54
86,59,8,13,52
84,21,13,36,76
8,64,41,3,27
9,80,72,69,32
49,42,87,4,73
73,31,8,23,5
24,10,56,19,40
63,85,55,81,16
49,9,17,87,26
26,5,49,87,75
37,77,26,46,73
26,53,77,1,67
57,20,71,53,45
54,85,32,16,40
67,1,11,34,28
36,3,56,37,20
25,25,55,38,36
19,38,24,3,9
18,26,42,10,56
31,74,41,89,56
14,31,76,36,25
39,70,72,5,62
24,49,10,28,9
62,25,55,34,49
12,44,56,46,75
7,62,58,0,43
72,15,16,57,75
23,72,69,13,79
47,39,48,48,35
40,87,35,72,79
41,29,5,8,42
37,76,33,77,38
14,25,16,81,68
49,72,11,81,2
25,36,47,80,77
36,21,68,22,57
9,31,27,25,34
50,71,65,56,3
77,84,25,77,59
59,66,14,86,56
89,42,58,3,23
31,57,29,64,15
25,61,33,59,59
88,62,46,66,11
60,61,50,63,26
3,79,44,21,5
76,40,78,89,26
22,41,33,46,35
8,36,59,31,22
74,44,29,52,69
12,60,35,10,41
48,28,24,0,37
87,4,57,67,23
20,42,48,32,81
2,2,52,9,1
59,71,27,41,51
10,7,72,38,57
75,36,89,43,64
87,36,14,24,66
53,66,62,4,59
66,23,25,30,88
74,38,7,29,52
65,82,8,23,64
36,35,41,1,0
47,84,55,73,66
20,71,22,13,49
5,74,26,51,16
73,5,86,17,21
19,69,25,46,22
15,40,78,75,77
70,56,14,7,3
86,32,77,9,24
39,19,9,13,87
57,43,85,23,24
41,33,29,69,49
88,61,3,71,39
76,20,61,72,10
30,51,39,29,50
13,71,71,86,49
21,17,0,80,51
3,8,68,4,42
37,77,24,16,55
61,72,38,54,53
42,46,12,34,67
31,68,2,4,58
17,9,59,67,38
66,32,70,24,2
81,34,9,14,47
80,61,17,32,66
13,21,54,84,27
1,36,5,32,33
59,24,43,75,79
5,56,76,53,66
89,61,18,65,57
77,23,6,75,28
47,66,82,45,6
20,25,66,36,32
21,67,54,71,44
52,70,4,47,9
50,62,61,18,38
70,67,33,68,58
69,19,48,71,20
86,43,45,24,69
9,18,15,2,5
80,69,47,5,37
43,70,66,32,28
12,73,83,3,32
56,75,58,86,37
58,71,89,2,3
9,40,51,82,86
65,28,60,15,68
2,5,23,33,24
2,85,27,71,80
24,35,8,55,88
4,62,11,5,84
7,48,86,40,11
64,48,41,66,25
2,11,52,73,26
33,50,2,68,49
3,45,81,12,53
57,85,5,76,70
64,80,3,63,14
55,18,12,34,49
37,69,45,8,6
51,19,27,6,20
13,86,85,6,17
87,43,39,65,48
11,55,85,32,56
33,31,21,51,41
29,63,22,59,17
17,46,80,50,31
46,3,52,39,18
53,78,86,22,68
56,21,51,40,25
7,84,87,68,48
72,33,89,65,83
9,20,1,41,40
66,81,63,5,5
36,70,20,45,56
2,9,28,19,83
23,75,62,19,28
44,2,38,57,8
19,55,37,78,2
78,42,19,56,34
20,51,45,81,6
63,69,7,39,6
26,14,83,82,84
76,77,2,7,5
26,17,34,82,68
30,28,34,4,63
51,28,69,6,63
53,50,1,36,8
56,57,38,24,45
83,40,46,1,69
24,55,19,50,77
19,43,66,68,0
4,29,71,8,43
36,88,65,36,0
29,79,51,24,5
19,74,61,39,64
21,64,88,83,5
6,60,55,18,72
66,44,79,1,28
20,72,76,79,24
56,11,1,3,15
23,88,67,44,64
46,46,49,62,42
70,48,62,67,51
3,55,57,5,48
37,4,61,41,80
9,58,52,88,67
60,37,14,71,23
67,8,18,68,24
27,37,73,70,5
82,56,5,55,30
86,47,43,86,38
54,19,30,14,84
25,88,30,62,39
6,72,74,61,42
60,68,13,86,2
40,67,41,29,14
30,24,76,84,11
10,86,84,60,27
44,73,19,44,35
16,70,48,5,68
72,83,8,51,70
82,10,29,12,56
87,72,59,67,4
20,89,76,86,78
39,69,56,11,78
31,60,7,42,25
23,5,36,82,27
15,30,80,2,82
76,82,83,83,40
81,48,72,33,80
63,24,89,0,66
50,52,81,30,35
42,28,32,69,38
32,71,1,86,14
89,38,80,87,54
45,88,59,47,24
17,68,82,59,89
30,78,18,76,73
86,76,61,32,24
45,8,41,49,7
79,68,41,5,8
11,77,48,32,10
47,3,79,5,79
37,55,18,3,20
1,73,21,32,66
88,4,8,11,19
29,32,9,16,57
86,47,54,89,83
0,11,57,68,71
62,45,13,15,6
33,68,61,51,10
63,53,39,5,41
16,52,80,82,61
30,38,75,45,82
18,79,41,71,0
80,79,22,44,40
7,33,51,24,12
59,38,57,84,54
17,58,70,85,74
57,80,15,63,86
86,16,83,20,88
73,48,54,74,30
81,74,79,18,37
22,67,36,49,69
3,45,72,2,2
63,51,31,27,55
37,39,53,1,12
89,46,52,54,42
2,29,11,44,27
35,87,84,70,72
11,66,3,85,88
52,40,18,8,0
89,20,31,66,85
70,79,22,88,1
63,9,61,52,78
17,73,35,10,61
31,51,51,23,21
45,18,7,0,56
20,12,67,40,10
26,19,45,55,53
71,36,74,31,2
70,81,31,76,29
20,49,0,26,70
24,31,37,41,48
19,73,81,16,12
34,54,50,60,23
7,43,55,69,1
13,5,28,82,17
49,33,51,7,60
80,62,20,23,58
35,62,33,32,36
7,42,35,56,89
84,1,33,43,69
85,72,58,37,52
55,54,52,28,76
87,23,87,13,31
74,66,51,39,4
16,26,43,71,2
89,42,39,65,42
37,82,87,68,87
14,24,73,89,63
45,44,66,84,68
53,39,17,56,19
1,0,57,41,63
42,63,60,65,73
65,13,45,38,54
15,71,73,45,80
79,47,89,71,80
34,81,23,73,49
25,23,79,43,65
79,42,5,61,9
85,12,71,59,45
9,39,64,30,43
48,58,2,62,57
27,65,9,38,69
48,37,79,3,82
42,18,86,74,7
46,57,67,50,29
7,25,46,76,2
79,13,32,66,42
89,50,51,87,1
10,30,33,75,63
47,40,53,18,43
70,86,58,41,8
6,44,72,38,32
18,2,82,31,81
70,31,66,80,47
62,30,23,88,55
26,43,54,31,5
66,73,20,59,40
83,23,3,66,76
22,30,67,72,24
87,57,15,58,12
76,63,48,80,84
24,48,82,9,47
40,51,2,72,44
25,65,41,3,40
66,81,53,24,25
83,69,5,22,35
48,4,63,85,81
25,81,26,17,13
54,51,31,12,45
26,86,85,49,73
4,59,64,62,80
26,89,4,36,33
35,85,88,66,62
54,89,61,0,3
86,41,12,22,82
33,62,15,21,16
89,38,71,19,89
68,51,25,57,55
30,23,21,36,25
13,88,67,61,41
72,59,55,24,34
23,31,88,58,88
29,22,47,34,78
68,43,82,17,88
12,14,30,51,24
26,20,29,63,71
50,82,49,84,22
45,5,44,71,89
33,4,86,53,51
54,88,18,0,69
21,3,36,41,31
10,73,11,33,36
38,2,45,21,66
25,66,30,58,9
81,2,1,70,30
21,82,64,13,47
39,11,52,56,89
72,24,78,8,32
42,58,8,65,51
86,24,49,65,38
86,87,26,8,35
86,69,72,35,39
12,3,48,50,68
32,23,54,57,21
32,57,53,67,11
51,55,44,28,76
23,12,0,3,48
2,84,73,83,21
83,41,42,40,49
46,20,81,39,27
63,41,17,84,34
50,16,75,51,24
84,57,87,42,28
11,51,79,53,24
59,57,66,24,83
44,17,4,5,62
7,72,34,29,77
10,44,51,26,53
35,77,87,62,72
31,18,88,87,79
81,65,63,42,81
45,79,18,56,3
40,3,34,28,39
8,56,29,49,35
18,61,22,29,83
16,12,89,85,16
51,8,41,41,31
45,85,86,6,57
27,19,79,32,59
50,0,15,7,5
72,75,45,9,63
26,66,69,45,27
74,13,20,81,18
40,27,22,8,20
67,42,73,27,16
58,56,73,84,6
40,70,6,13,38
6,38,12,33,42
81,2,55,4,2
55,28,70,72,80
32,58,2,69,36
11,37,41,54,40
3,74,15,72,76
74,71,35,57,72
86,87,39,59,59
9,59,55,56,66
74,51,79,85,68
30,81,22,40,29
12,78,2,16,61
65,51,19,73,30
40,38,54,28,76
41,84,54,29,15
28,9,80,15,67
55,54,10,80,44
58,66,55,57,39
8,36,8,81,52
89,71,17,47,10
83,34,71,56,64
89,58,0,74,65
85,10,15,88,61
26,39,21,45,2
15,60,71,11,0
80,80,13,27,11
16,75,73,50,12
25,24,32,57,53
55,24,65,22,49
35,89,41,52,56
47,65,77,22,47
21,84,21,14,80
71,74,57,0,85
76,43,27,10,11
43,70,50,6,0
65,3,30,51,34
11,60,7,19,56
6,65,59,8,3
35,55,16,26,64
80,56,47,39,84
10,62,85,27,65
8,24,32,9,39
35,75,49,14,82
66,25,62,37,16
69,33,88,69,45
42,10,84,81,66
35,25,80,78,69
56,28,85,59,51
7,63,36,18,49
88,77,51,48,53
20,24,60,79,40
21,87,21,25,8
22,21,67,82,3
27,68,16,21,87
49,25,37,47,21
87,79,31,22,5
25,51,85,77,17
82,89,11,22,74
49,19,12,38,55
89,24,67,13,81
79,1,36,17,51
88,38,69,72,58
11,85,5,59,81
84,49,77,1,51
80,85,84,60,36
44,55,0,62,44
1,20,74,34,80
39,57,7,0,46
87,24,21,33,65
9,8,45,10,18
75,73,0,37,83
41,8,82,30,2
29,44,79,33,44
8,60,68,12,68
62,22,7,74,25
14,83,33,76,56
84,84,24,10,24
1,20,2,41,86
45,8,73,69,75
16,15,56,55,4
8,33,65,38,48
34,74,71,59,26
22,0,39,61,17
59,24,19,6,28
85,12,5,4,79
81,51,35,25,44
30,33,71,49,36
84,36,18,73,84
78,66,62,26,6
53,19,65,43,71
52,67,60,8,20
65,47,59,7,36
41,52,18,69,14
20,68,22,62,83
19,64,30,58,46
6,62,21,13,21
46,40,78,58,22
67,88,89,41,39
27,70,45,87,52
14,65,45,78,55
55,18,55,83,28
5,31,53,33,81
57,17,41,42,1
30,82,12,20,4
76,83,85,72,24
1,73,67,32,75
36,3,31,45,61
41,8,47,60,2
14,17,70,66,20
76,51,20,66,11
33,57,71,68,40
79,86,24,71,38
75,37,45,1,15
78,82,18,7,55
17,18,35,33,75
52,83,80,56,19
30,30,45,30,80
76,60,23,54,52
58,62,59,42,0
89,47,70,34,7
46,4,53,35,7
52,68,13,52,53
12,70,50,5,58
44,41,8,26,45
43,73,60,64,43
11,8,26,19,39
55,77,34,11,51
15,1,48,29,50
13,60,22,83,43
52,44,45,34,34
66,25,77,43,29
68,8,46,28,31
71,4,2,79,21
47,34,74,12,7
16,74,78,27,57
34,59,43,74,59
84,44,79,14,81
25,24,19,87,30
80,27,5,89,74
2,79,16,50,38
45,46,23,0,75
52,62,30,50,63
82,9,0,15,13
10,51,32,5,54
7,18,27,18,1
52,19,12,3,48
82,71,80,84,33
12,84,82,64,3
65,20,56,3,64
9,35,77,7,65
21,6,57,71,52
70,68,85,74,52
10,30,68,50,10
12,74,22,46,20
58,28,21,34,49
73,76,35,75,81
14,86,35,54,63
1,36,56,17,56
44,68,16,39,81
6,32,12,24,2
89,20,17,22,82
38,21,43,58,9
82,24,41,19,20
24,30,0,35,39
42,0,63,85,66
12,65,26,54,62
26,9,23,55,47
61,57,26,77,50
70,16,79,15,75
84,71,24,2,58
84,71,79,54,63
64,16,69,77,39
70,89,25,36,31
59,1,16,33,31
37,15,87,2,5
76,77,88,18,20
39,54,56,52,35
68,41,35,81,79
22,44,41,10,10
14,42,37,2,41
51,24,48,39,45
35,6,87,43,58
25,5,17,21,76
63,25,22,29,22
49,76,58,47,83
51,86,17,81,42
18,45,29,14,50
59,25,62,66,40
37,58,85,79,87
62,15,1,58,38
37,8,8,30,28
56,43,11,17,12
77,2,10,84,27
72,22,16,47,78
81,46,28,76,85
3,71,65,42,13
23,65,50,41,2
4,64,57,42,21
33,4,7,54,43
86,63,18,85,42
55,47,19,18,5
11,77,57,50,73
51,84,21,70,39
34,26,85,69,27
55,34,35,2,16
45,3,53,17,15
87,76,72,27,13
11,71,52,81,63
24,84,6,6,50
7,89,25,62,24
1,2,69,83,3
2,60,83,4,14
6,24,26,1,85
34,7,25,82,76
81,16,59,7,87
38,12,12,36,86
2,39,65,18,13
7,89,47,59,74
57,20,18,7,24
49,27,67,40,8
57,37,55,57,3
32,41,72,80,68
56,40,69,80,34
0,69,70,29,82
35,9,18,62,25
45,21,13,39,31
52,59,23,56,50
82,16,88,16,0
48,70,35,57,71
68,66,59,62,67
48,26,13,86,66
28,64,70,29,0
62,2,40,42,17
25,2,31,25,52
22,14,72,43,59
5,85,81,3,28
87,22,87,55,58
79,37,6,88,36
12,16,19,65,74
55,60,75,64,58
48,35,21,57,68
48,30,38,17,53
49,38,26,44,81
1,33,1,36,38
20,59,79,39,65
48,55,29,70,62
55,15,37,39,71
40,49,23,55,39
42,43,71,82,50
85,43,61,25,38
50,83,6,66,71
17,64,9,71,45
8,20,70,55,53
1,54,6,81,43
49,42,56,2,45
72,34,43,30,73
39,43,77,17,71
87,9,54,14,15
7,20,62,7,52
55,60,77,45,35
75,46,75,49,61
13,43,7,5,46
87,49,81,13,30
35,79,1,48,30
23,63,43,49,45
69,75,13,6,36
5,79,50,7,1
26,74,77,64,62
45,29,35,6,3
70,57,64,21,80
72,13,54,48,61
24,40,37,43,56
78,77,70,74,18
16,81,56,29,74
37,12,19,44,1
73,10,81,62,15
68,27,18,5,82
49,78,61,52,45
49,37,2,22,79
30,12,38,41,19
9,15,43,57,52
72,26,83,35,9
81,39,76,75,63
35,9,60,54,43
29,64,12,83,6
9,51,41,83,20
42,70,45,19,74
1,68,19,28,22
48,15,71,74,89
19,80,58,67,34
1,71,57,6,89
49,82,30,0,8
33,87,42,36,72
20,85,37,77,61
69,31,73,79,87
79,24,60,36,76
4,53,61,44,27
40,10,41,86,30
31,15,18,68,7
36,75,53,36,39
36,22,69,47,51
73,38,84,30,71
85,70,24,64,13
37,46,32,22,35
62,25,25,56,81
41,35,41,85,29
21,56,54,40,61
22,4,19,69,4
85,80,70,3,17
29,65,67,8,73
3,56,28,44,21
11,85,51,59,26
86,61,62,32,12
88,39,78,37,38
88,55,25,25,9
65,67,71,17,83
19,70,61,49,2
30,49,12,40,78
65,38,86,55,57
84,68,55,34,24
12,85,28,85,78
71,8,31,35,3
32,62,22,11,45
46,81,50,89,16
80,5,28,53,74
46,17,41,35,35
76,62,53,35,34
25,51,76,8,20
40,35,84,9,65
33,47,23,74,42
25,24,17,24,29
73,49,15,86,62
70,9,38,52,83
84,28,38,40,36
84,50,82,14,58
50,36,22,11,48
84,57,13,57,70
28,4,15,72,26
85,29,7,5,85
86,11,35,37,81
29,38,72,4,15
51,9,64,8,73
42,44,35,8,67
19,27,52,22,24
85,82,36,29,75
28,53,28,13,21
86,6,74,64,52
42,62,85,45,53
65,3,29,65,83
34,65,5,51,83
26,49,71,38,4
18,17,13,82,0
36,30,53,17,88
83,72,56,12,2
1,40,0,84,5
68,53,15,89,19
13,80,6,85,57
37,18,44,54,85
42,40,75,62,35
72,88,29,8,66
20,39,51,25,45
68,36,23,56,11
43,10,18,31,33
89,79,78,16,23
23,15,28,53,5
27,88,4,40,86
54,67,26,38,14
24,47,89,36,63
70,16,70,43,69
46,61,30,42,31
52,37,10,79,12
62,56,68,46,85
25,51,82,29,89
5,78,4,46,70
74,69,17,50,34
26,89,66,17,10
32,71,45,60,10
8,84,48,51,86
81,2,36,62,79
6,81,21,39,89
45,5,1,72,50
25,78,53,89,4
33,49,6,52,19
69,43,73,44,33
14,40,29,9,75
31,56,46,76,41
3,78,23,39,3
9,84,66,7,13
89,15,76,87,61
7,59,57,19,56
51,38,67,35,12
27,65,89,55,45
56,60,15,58,52
77,50,67,23,49
28,70,36,17,9
76,8,87,63,29
23,50,12,37,64
17,4,53,4,76
40,1,12,2,33
86,30,8,75,18
20,85,2,12,8
5,70,44,12,84
29,78,81,46,40
36,76,34,58,51
60,20,24,81,53
66,51,83,20,40
40,77,36,17,6
12,84,3,57,48
7,60,19,56,77
83,59,60,60,89
8,1,55,40,83
81,57,7,41,10
72,56,49,64,77
56,10,55,10,84
37,72,22,18,43
54,60,82,35,86
4,62,33,54,77
22,74,29,13,3
33,61,46,53,12
42,68,12,2,86
85,59,14,82,33
74,89,14,29,85
57,10,53,28,62
22,78,3,53,10
63,54,81,87,2
81,14,70,1,47
66,3,81,65,57
26,47,65,88,40
73,48,89,5,4
17,40,50,36,54
17,26,50,80,71
89,35,40,10,1
48,87,36,83,10
4,7,31,83,7
29,54,79,63,77
14,82,88,67,66
33,26,19,28,71
32,28,83,85,23
50,13,37,61,45
78,46,80,25,5
52,47,55,0,28
68,80,60,19,50
40,72,78,60,48
88,78,88,31,19
44,15,79,12,29
43,86,29,55,86
19,5,6,24,77
18,32,3,34,8
11,86,56,67,21
88,86,18,81,6
76,50,72,23,63
38,82,63,4,32
52,32,32,43,1
83,28,3,61,58
9,84,31,61,14
89,61,78,54,0
79,18,52,7,40
76,78,34,37,57
63,83,63,24,45
67,38,28,7,56
74,58,29,13,6
12,72,51,64,59
38,33,78,85,30
47,84,40,71,12
62,46,28,35,73
85,31,62,66,73
1,9,11,1,61
44,44,63,43,7
83,88,29,5,87
66,57,15,50,62
55,65,58,59,45
67,36,30,66,38
64,52,16,14,67
78,3,29,69,75
61,47,34,38,2
43,56,32,42,24
8,5,74,73,29
80,17,73,31,57
61,38,51,50,3
4,83,80,16,42
30,88,73,62,73
56,41,64,61,70
5,78,2,71,18
69,56,69,36,0
69,19,16,66,6
44,74,30,36,56
6,88,4,89,61
10,68,37,43,34
1,38,25,54,22
63,2,68,77,13
18,89,10,73,55
66,50,71,58,44
33,53,0,22,2
36,4,15,82,70
31,23,56,52,3
49,13,78,49,84
70,24,1,35,84
24,84,55,37,44
49,14,53,64,54
84,22,51,39,61
81,60,5,88,5
62,38,21,49,29
66,79,64,84,22
28,67,63,53,64
43,70,20,62,0
82,61,76,53,32
0,19,87,60,14
15,18,5,37,50
5,81,15,77,57
7,79,24,10,85
86,26,24,89,10
81,52,3,12,6
43,70,56,44,88
77,67,14,68,52
81,38,12,77,15
27,43,79,82,26
20,47,19,71,75
61,32,74,59,42
55,65,60,69,42
31,75,70,74,66
69,38,9,5,61
6,3,23,9,13
76,5,39,32,45
31,31,40,4,37
12,3,54,40,0
15,29,52,69,18
55,64,83,89,22
80,53,75,82,17
64,35,17,25,25
14,0,13,75,80
46,83,24,20,36
85,22,42,63,62
74,88,21,26,40
58,1,46,63,79
79,60,50,33,67
85,55,71,49,14
21,15,33,9,33
61,38,43,75,71
26,37,58,7,11
25,36,2,39,25
84,48,33,14,63
2,58,49,25,36
35,86,73,4,61
55,70,70,49,11
19,86,44,59,68
6,4,27,47,38
64,27,78,43,37
4,7,85,8,62
46,11,88,52,60
1,43,44,56,38
37,14,3,12,65
50,44,32,65,13
76,21,46,18,65
16,75,55,74,28
29,30,24,37,46
85,20,68,22,9
81,86,19,49,1
56,61,1,38,48
55,3,87,89,61
52,59,0,20,0
47,9,9,13,85
31,53,74,67,26
84,31,20,40,52
13,81,3,43,31
46,72,64,54,52
7,77,16,84,69
30,69,84,74,26
87,70,18,23,14
59,12,54,81,13
9,71,75,31,42
88,88,26,18,59
26,62,40,25,15
51,52,49,9,7
66,68,53,39,89
77,36,66,55,41
73,34,81,5,39
43,37,21,41,69
78,42,62,87,1
54,51,60,60,59
19,84,8,47,5
45,16,32,15,23
71,48,17,63,42
0,86,30,34,54
54,17,35,8,53
15,67,27,16,25
69,52,8,4,84
23,36,40,35,44
51,86,71,52,78
87,76,56,88,35
23,44,51,41,48
61,68,26,12,43
63,61,52,45,66
3,87,77,83,7
59,87,89,78,20
72,80,19,51,69
3,31,19,49,8
12,76,44,56,0
46,24,41,72,4
60,34,2,20,72
73,23,70,87,9
54,75,48,33,22
43,8,30,60,61
57,3,8,5,10
20,26,57,49,3
49,32,67,50,17
17,75,74,28,46
48,83,6,18,26
51,1,8,6,6
62,87,25,78,34
65,23,56,80,17
45,77,9,9,5
65,78,41,27,32
8,56,81,4,36
79,74,20,67,47
81,50,64,74,79
1,41,30,7,64
66,55,38,86,38
38,20,36,14,22
77,76,61,12,57
12,35,36,67,45
3,9,45,38,80
87,81,30,33,56
4,56,17,71,25
89,24,48,31,86
47,27,45,51,89
81,44,86,33,19
54,53,8,79,3
51,47,18,0,39
25,8,1,53,70
68,55,48,54,63
45,77,12,54,36
34,15,63,74,65
61,41,63,33,89
69,68,35,49,81
25,59,80,29,13
9,34,36,20,72
0,58,24,62,57
58,44,83,89,74
13,81,12,60,27
86,41,21,22,18
68,65,76,17,71
28,40,20,64,69
32,80,72,42,85
7,66,37,64,19
38,22,21,61,29
8,58,89,30,75
79,1,84,41,74
78,80,2,11,67
56,15,84,51,57
13,80,5,26,68
61,74,4,34,54
86,50,76,30,4
60,48,0,12,23
27,2,76,75,38
18,7,76,81,48
54,86,3,44,86
43,20,61,25,37
42,5,26,64,41
61,23,73,72,68
0,7,4,67,83
19,15,86,27,59
48,81,80,31,68
78,54,32,86,4
26,10,9,32,42
26,11,44,72,69
32,57,60,20,53
27,49,78,76,86
2,30,30,50,30
54,47,20,76,83
37,26,62,68,43
76,45,24,25,56
9,8,77,78,65
65,23,26,53,3
39,44,86,31,32
38,51,62,62,2
17,89,13,35,1
35,61,15,10,72
89,87,2,50,21
83,13,33,20,42
74,79,23,18,40
23,0,4,59,61
58,49,47,37,12
40,40,19,2,75
81,52,70,20,35
68,70,65,38,82
18,75,85,37,17
84,85,84,39,73
87,79,83,21,58
55,20,21,19,83
57,55,64,36,18
86,1,41,57,54
44,65,35,43,30
40,36,73,46,46
83,86,17,46,85
75,21,5,31,47
13,46,64,28,58
20,1,85,9,83
30,18,21,79,29
85,11,20,14,14
5,2,60,7,33
44,80,78,69,73
81,7,74,67,24
1,16,40,55,34
0,27,89,26,47
31,18,62,74,18
4,2,81,39,5
26,53,42,73,16
82,86,69,54,60
44,82,24,60,15
87,89,1,40,45
61,13,47,85,67
15,25,29,18,4
24,45,33,27,75
4,29,51,71,74
81,71,85,88,69
12,7,8,20,26
52,43,84,44,31
59,27,30,71,84
77,87,64,19,12
19,31,5,32,8
38,4,41,45,82
78,0,48,53,14
75,78,37,48,82
0,47,68,14,73
74,81,51,86,40
80,12,48,70,66
1,71,80,57,16
1,43,39,41,68
76,45,21,19,26
26,66,41,33,62
62,43,4,33,13
75,37,13,15,78
39,50,31,26,11
10,21,69,51,42
87,4,68,12,36
30,54,87,27,3
30,39,55,20,65
68,10,17,68,2
16,3,79,30,82
23,65,44,87,64
51,4,24,74,34
32,30,16,67,58
82,20,27,71,39
45,70,12,79,14
29,73,42,42,77
31,27,67,67,57
1,62,10,16,69
57,77,37,16,21
33,83,83,63,82
43,57,52,2,3
85,68,56,49,33
30,1,33,89,87
52,31,35,9,69
5,77,22,39,62
16,45,23,68,67
59,22,40,21,53
86,82,82,27,25
66,55,71,53,12
14,39,55,33,85
0,28,13,35,71
68,12,43,29,53
6,73,48,62,56
26,4,60,19,39
67,86,48,84,45
28,53,41,37,48
24,80,5,23,6
84,77,38,86,85
85,32,13,36,26
34,29,5,64,51
30,15,80,63,76
31,13,81,72,19
28,21,18,50,0
24,22,68,9,80
10,21,77,60,41
47,85,70,20,41
3,44,80,50,36
54,89,40,32,6
69,1,52,36,3
40,41,3,77,13
50,24,34,5,20
51,20,56,31,32
48,39,37,60,42
72,0,81,75,4
68,82,88,66,3
12,21,46,82,51
88,40,17,59,9
63,27,81,28,50
0,71,14,31,36
5,21,52,2,33
80,22,89,19,58
23,51,25,48,5
33,85,88,26,37
65,43,60,3,54
76,20,11,39,52
24,0,55,88,80
63,18,37,84,65
64,50,85,4,79
28,2,26,43,83
59,40,5,68,36
53,33,57,82,63
89,1,50,71,59
86,89,84,11,62
31,13,86,17,68
46,60,25,24,77
88,56,74,84,78
44,71,85,87,74
6,47,47,10,49
74,39,65,88,30
26,19,16,42,79
55,20,34,43,67
71,37,57,4,5
89,53,56,1,14
77,88,79,30,6
55,87,60,58,83
30,16,57,73,89
46,87,72,31,31
16,21,75,46,66
30,55,23,49,65
15,3,79,39,49
33,30,27,75,34
88,18,9,20,89
39,52,8,51,4
14,61,45,2,5
51,88,7,54,24
40,76,54,75,52
43,68,10,6,17
60,45,9,9,48
83,31,59,21,29
5,64,85,67,25
0,41,17,8,78
35,3,76,76,74
62,75,47,49,40
47,64,68,17,10
62,80,44,54,62
62,18,12,6,14
84,60,17,84,63
58,7,82,37,62
87,69,42,23,10
53,40,32,77,62
52,11,58,41,19
15,85,8,49,31
83,6,70,83,46
64,5,29,71,58
26,59,11,20,2
81,16,20,86,6
5,15,38,46,16
78,44,28,89,81
63,45,44,79,33
58,47,55,59,42
21,76,10,12,8
84,70,57,83,86
70,54,24,8,81
62,47,54,78,15
50,38,24,61,58
35,31,60,33,17
4,1,34,3,68
64,46,71,67,67
11,74,79,56,54
79,11,32,56,44
51,32,56,70,89
12,52,23,88,40
9,28,48,44,87
12,33,55,68,66
79,88,87,23,33
85,68,45,14,6
23,3,21,13,60
71,33,84,86,2
55,23,16,75,70
21,73,70,17,5
41,0,36,52,68
89,60,29,50,82
72,10,57,1,86
85,82,27,82,8
16,19,75,62,41
5,65,43,45,83
18,31,21,29,43
84,85,46,51,77
25,30,38,24,2
9,37,55,34,38
78,35,16,4,38
17,55,14,50,8
6,74,89,83,60
84,62,83,36,31
84,71,3,33,67
71,38,11,57,3
58,65,55,47,53
14,7,64,16,41
42,26,59,29,85
31,52,54,24,36
31,26,46,7,44
69,39,23,80,80
29,18,51,75,68
32,48,1,81,85
80,28,0,67,13
47,35,37,14,72
29,64,37,86,32
75,77,68,79,82
34,14,36,43,59
14,40,78,29,31
65,87,57,85,27
55,83,78,5,22
28,27,83,41,6
38,2,60,49,73
54,2,79,46,53
14,73,58,2,85
85,59,39,10,50
26,40,28,60,72
67,0,6,7,76
81,29,85,40,51
32,60,75,62,81
45,49,85,48,45
89,24,0,19,54
44,73,13,1,38
4,68,10,78,46
47,56,64,16,36
9,7,82,45,8
56,68,13,57,18
16,28,56,41,64
72,29,26,0,9
89,17,14,53,31
37,41,47,68,20
84,22,35,74,20
45,55,51,63,33
32,42,61,14,74
43,34,61,28,39
16,14,18,11,32
81,87,84,66,18
15,15,41,62,6
16,63,79,56,42
62,45,38,74,86
29,15,5,74,9
72,39,62,20,57
30,51,44,67,43
47,11,56,15,35
54,38,86,68,20
28,23,29,14,4
76,22,33,11,43
35,52,87,71,2
84,32,37,24,21
24,41,78,43,80
26,10,77,19,79
8,14,24,5,33
58,72,61,43,65
85,72,59,34,65
8,33,32,53,67
36,25,54,73,81
40,88,36,15,81
11,1,81,62,44
80,19,80,40,42
55,42,26,19,29
45,14,63,22,78
76,68,36,82,35
78,53,47,25,83
9,49,56,61,32
89,77,54,37,0
25,51,47,40,12
61,70,23,35,77
36,67,40,75,35
1,83,83,65,28
16,33,47,8,14
57,64,0,65,30
6,4,80,80,54
21,53,24,68,43
84,88,38,86,28
50,44,50,46,2
26,85,24,29,2
73,23,72,54,52
51,47,88,75,8
20,53,17,89,74
31,89,25,42,48
17,63,37,43,41
3,45,58,51,82
36,54,48,6,71
73,73,50,16,8
58,58,34,33,49
4,73,18,63,82
31,75,43,52,3
21,9,74,13,43
74,49,40,77,4
27,9,64,79,69
55,68,84,34,37
13,10,53,71,80
25,11,36,77,57
48,40,18,87,55
37,62,45,7,47
86,82,78,51,30
3,26,79,60,44
43,42,27,4,55
77,34,68,38,77
82,64,31,19,74
43,33,21,30,38
67,53,61,37,88
15,39,40,85,29
8,2,71,32,18
54,33,22,67,36
54,39,83,54,19
47,47,9,74,69
63,66,36,76,24
82,51,41,8,19
66,60,3,39,53
33,43,30,0,40
24,89,31,52,33
12,71,9,10,0
16,62,33,87,71
53,18,66,74,49
85,52,36,32,62
23,85,79,27,8
6,43,83,15,43
44,51,70,0,38
87,9,24,61,58
77,49,31,71,30
66,10,14,9,78
77,70,49,27,68
82,61,76,33,74
37,83,24,84,81
1,61,72,7,37
82,22,43,56,8
62,3,5,38,82
74,72,29,38,63
69,85,89,5,15
2,11,4,48,13
41,69,49,52,84
62,81,61,81,80
17,53,88,33,17
36,81,64,69,25
41,76,61,78,47
89,25,58,48,43
68,59,42,50,64
76,15,12,81,63
82,29,36,83,33
87,77,32,56,72
75,21,44,33,81
64,29,53,15,85
20,57,42,16,81
76,13,73,56,18
46,43,62,40,83
19,5,83,43,42
45,47,79,52,42
72,87,41,20,87
22,28,87,17,6
88,12,15,16,9
57,72,73,2,20
21,65,63,0,41
43,28,18,10,71
37,82,25,45,17
4,49,57,16,38
76,88,56,57,10
13,23,20,84,61
14,74,63,20,38
5,56,14,23,0
14,85,69,88,29
42,40,18,3,79
25,54,53,26,21
46,39,48,20,45
3,49,10,11,85
60,36,87,21,60
14,57,7,64,43
45,35,27,32,56
3,79,49,17,60
86,88,25,16,72
53,49,32,51,19
31,77,67,52,27
23,80,64,25,55
1,11,27,61,33
1,5,38,69,35
65,89,58,33,83
81,41,88,69,69
29,18,10,82,72
51,89,20,17,88
28,28,21,19,71
77,76,61,24,57
65,44,6,39,30
56,50,55,4,20
40,11,56,71,47
48,41,0,25,49
31,17,0,4,69
55,48,23,27,33
88,30,19,16,68
65,67,73,59,83
26,14,66,15,39
45,27,40,84,89
34,16,0,31,55
78,14,27,76,4
8,39,86,86,32
76,23,66,76,74
83,21,24,32,76
6,7,27,17,65
67,49,41,79,55
2,41,82,42,23
77,33,49,2,19
77,1,77,35,37
82,70,16,78,5
73,86,22,66,52
28,47,41,41,24
22,77,76,85,19
82,2,12,24,61
42,63,86,59,78
80,5,20,58,71
46,37,14,85,2
29,47,36,40,36
70,67,33,27,21
5,40,34,10,27
45,28,87,17,22
85,19,38,28,66
68,88,87,75,53
8,6,74,14,3
58,17,45,79,47
82,51,4,48,89
42,53,86,40,50
86,54,77,78,43
0,52,12,68,27
0,81,14,22,30
83,13,1,77,26
82,4,57,51,3
62,87,9,14,67
30,84,36,47,59
18,18,46,81,78
55,54,51,30,88
51,23,36,54,44
19,36,58,41,16
69,44,50,25,15
45,1,35,70,13
39,60,76,15,20
59,79,33,82,71
61,2,36,31,54
67,26,40,77,5
17,42,51,88,7
40,55,83,63,17
64,40,65,43,77
72,78,69,21,32
77,2,64,39,88
59,3,22,36,56
82,15,24,76,34
39,66,7,36,24
81,52,1,19,60
9,52,44,28,39
10,40,74,25,35
49,28,68,32,26
64,54,52,82,45
0,85,33,28,30
60,66,77,28,80
18,1,73,77,36
69,77,41,60,18
2,36,6,52,17
29,81,89,11,67
35,6,44,60,82
3,33,34,45,54
47,76,33,23,76
32,85,34,59,76
57,44,78,82,63
54,62,89,48,75
32,15,35,39,79
16,88,6,50,66
41,71,4,82,51
58,2,42,28,8
24,27,67,6,57
24,22,48,49,19
18,9,0,54,65
16,35,53,37,53
1,67,55,10,58
42,41,56,24,4
82,53,70,17,89
61,65,4,67,71
10,18,56,46,69
18,6,2,38,62
37,25,22,87,36
73,72,39,18,11
67,84,16,88,22
35,55,17,83,15
17,28,3,83,87
8,39,9,29,42
22,22,22,54,72
69,51,33,24,28
6,27,57,40,84
22,52,28,76,20
78,37,24,31,67
63,57,0,25,39
74,65,82,15,83
87,12,59,60,14
66,0,88,18,24
63,3,80,77,8
74,76,29,4,29
87,56,25,4,79
32,20,60,20,74
23,36,41,41,7
69,66,41,86,47
75,12,19,0,10
34,4,16,2,53
72,27,26,57,19
1,53,12,25,0
32,12,17,39,37
50,74,84,28,1
27,78,11,86,45
24,48,11,33,69
1,57,52,56,18
56,34,41,62,36
83,78,72,74,19
8,22,64,56,32
11,70,64,19,55
74,87,78,69,71
25,61,77,34,22
32,74,22,44,62
82,18,51,77,31
52,28,9,63,11
49,69,61,43,45
58,31,62,75,73
33,66,67,85,45
13,6,54,58,42
11,33,49,24,70
62,42,64,89,74
40,6,80,67,67
50,84,46,82,36
22,30,25,50,23
80,52,66,36,48
44,16,86,59,44
30,55,81,52,15
41,77,3,63,79
80,55,54,32,36
71,75,49,24,25
65,66,41,22,47
70,82,36,59,62
77,37,29,30,15
47,52,75,23,87
35,0,7,79,51
0,58,52,75,14
11,84,14,48,69
16,61,77,20,60
29,47,20,79,51
27,52,75,65,17
17,78,3,5,89
36,77,35,32,54
78,20,60,21,25
48,37,1,47,87
53,74,72,70,82
6,74,37,5,60
68,38,54,68,50
2,87,30,43,51
71,21,15,83,68
53,0,43,63,89
26,13,51,42,26
62,82,75,29,58
18,83,7,36,8
13,20,77,44,41
24,23,75,11,28
81,77,11,44,24
1,74,59,5,2
39,50,49,26,5
41,70,78,63,1
2,74,63,60,3
67,26,10,49,21
15,41,6,31,41
64,47,11,38,83
29,0,63,20,62
86,61,88,49,28
56,29,27,55,89
55,15,15,28,61
16,87,27,69,70
65,88,81,53,19
11,0,55,61,56
74,52,34,79,36
29,73,24,9,5
28,49,74,88,45
83,62,60,27,31
18,57,4,62,12
68,82,2,19,16
31,68,14,0,66
55,56,4,54,7
22,53,84,66,85
77,4,38,83,26
89,32,70,9,18
8,57,82,31,42
36,47,49,6,52
31,43,38,81,32
13,77,81,48,64
37,85,66,40,6
72,76,70,55,18
45,80,68,67,35
52,75,34,44,65
85,83,9,61,50
74,84,70,45,10
31,39,18,22,63
55,86,41,26,7
60,70,61,48,10
47,2,33,46,1
41,68,64,23,33
9,30,48,83,86
29,3,53,7,86
77,86,13,5,82
70,58,70,10,71
29,34,4,70,46
24,71,87,26,28
88,89,89,77,29
25,26,62,13,80
26,61,73,19,38
42,36,22,51,39
22,26,1,7,9
17,76,48,14,85
36,56,29,79,4
85,0,24,59,87
51,72,51,31,34
77,76,23,11,17
39,57,38,4,77
82,89,60,57,4
6,42,39,34,4
71,0,72,22,24
49,34,58,63,3
47,79,43,11,60
24,11,46,44,87
8,3,44,24,21
27,64,15,57,28
53,5,45,39,20
25,25,67,87,16
34,61,56,67,33
45,62,5,34,34
6,11,79,73,48
86,86,74,48,80
15,81,59,47,31
22,61,29,39,71
36,39,3,68,61
79,22,60,84,66
48,21,44,89,34
25,36,84,62,74
54,59,38,69,77
56,21,40,68,55
11,83,60,42,60
70,40,6,60,41
41,84,43,10,47
62,33,57,15,77
81,25,0,82,39
79,57,85,60,77
69,61,58,72,30
89,71,10,33,80
30,29,4,5,60
77,9,79,8,14
34,79,13,84,64
10,18,58,77,8
72,50,2,15,70
81,45,3,37,41
70,30,22,29,81
76,30,44,66,10
74,29,55,72,39
61,41,51,26,67
88,55,7,11,85
6,18,48,23,30
61,67,2,55,37
55,12,11,70,9
17,30,16,80,12
39,2,37,26,68
59,87,46,74,72
52,61,84,53,57
40,52,59,35,8
89,19,6,32,0
26,57,72,43,8
10,22,84,78,6
27,33,34,65,66
2,58,32,40,11
52,24,83,47,24
73,25,11,62,84
59,64,75,77,52
68,53,25,33,63
47,75,67,51,76
3,75,37,67,32
0,42,29,84,44
33,84,89,17,24
47,69,18,72,50
1,46,13,25,4
17,68,72,70,18
83,15,18,74,47
11,87,45,9,86
45,48,27,75,5
79,18,0,9,88
73,55,32,57,66
18,57,9,78,15
33,6,72,69,33
67,41,65,65,73
0,5,73,31,14
43,59,85,42,79
31,21,12,23,52
58,50,34,35,50
9,36,27,86,75
50,4,2,55,78
43,71,64,21,24
43,41,88,6,70
79,5,79,85,29
48,79,31,39,50
55,25,1,15,73
13,10,42,82,81
21,50,51,80,23
1,89,20,10,77
85,65,21,77,26
35,74,78,84,35
78,60,49,33,42
70,72,0,19,17
18,5,45,4,0
19,15,49,26,15
4,4,3,20,80
36,38,48,52,23
54,28,89,75,86
28,86,26,11,22
79,84,20,24,9
54,32,27,3,59
6,24,54,64,2
82,86,77,77,58
25,84,31,41,59
17,57,74,84,16
31,23,54,29,87
42,2,39,6,40
56,72,29,61,88
77,7,30,15,65
27,50,83,22,70
58,21,12,5,1
16,54,30,25,44
84,23,73,64,34
10,48,7,78,17
83,89,48,83,60
36,8,59,66,22
12,63,59,85,6
63,79,63,76,48
66,58,3,65,3
30,3,49,68,5
41,20,61,2,25
52,53,49,37,68
38,44,23,12,78
14,81,72,1,34
79,12,29,12,34
82,29,5,7,3
60,65,66,17,57
82,17,14,42,78
8,62,0,63,89
27,64,27,15,37
77,43,54,34,32
13,84,33,57,71
67,85,65,80,57
17,65,5,81,1
11,75,54,22,21
62,49,87,72,62
64,15,64,16,13
85,29,21,45,63
44,58,70,38,63
49,46,16,69,18
49,7,24,86,48
4,37,31,10,84
57,69,58,51,0
3,85,33,73,30
70,51,45,18,86
0,12,9,76,4
77,68,67,77,33
45,35,8,1,84
69,81,13,21,82
76,15,33,83,16
5,32,63,29,8
48,16,48,73,19
71,46,31,30,57
72,82,15,11,11
44,68,83,21,69
27,46,87,34,68
24,31,65,81,50
21,48,84,67,19
13,14,79,17,19
87,4,66,74,71
23,52,29,78,5
55,80,54,32,24
13,75,21,68,19
56,86,76,44,6
58,67,85,18,49
66,25,1,11,88
49,40,68,29,38
76,79,40,57,3
25,77,64,64,56
14,57,21,56,59
65,80,56,49,16
34,53,3,5,19
58,74,54,79,43
36,58,51,66,89
53,79,5,87,55
45,64,7,21,88
13,77,60,6,80
60,48,76,1,40
62,7,24,39,55
21,68,1,13,55
69,67,38,8,22
33,87,14,24,27
12,31,51,52,5
32,35,50,51,72
29,45,14,83,1
35,7,31,38,22
42,36,77,79,64
58,66,17,79,11
72,62,2,73,67
32,57,73,25,73
0,26,41,9,0
52,80,86,71,73
54,78,40,43,68
40,32,65,74,46
6,46,10,46,56
24,42,71,62,5
63,54,0,45,68
0,5,70,63,21
46,74,40,70,84
8,81,55,22,22
60,16,10,4,74
22,29,34,34,8
74,73,25,87,79
15,3,49,2,72
43,37,34,14,69
35,76,64,18,77
25,17,47,66,63
16,31,12,56,13
3,47,44,8,61
22,88,88,56,3
85,1,81,67,3
11,74,31,30,56
30,64,85,44,84
71,17,27,79,44
28,35,31,69,36
49,38,62,80,68
20,29,42,14,55
13,47,24,1,74
17,64,29,89,14
20,24,53,2,18
38,55,23,54,86
1,28,48,10,64
44,79,34,9,29
35,48,22,75,40
79,86,73,61,77
9,85,38,38,77
57,26,57,19,79
32,1,6,17,3
72,10,34,64,53
59,8,58,77,23
11,65,4,7,42
2,46,56,57,64
8,9,29,76,85
46,30,89,46,19
72,66,73,79,33
7,48,76,70,0
34,1,5,24,46
46,75,86,3,7
18,22,85,28,6
54,40,4,31,47
50,23,28,44,24
37,40,39,42,81
53,50,40,9,29
37,62,82,63,71
32,87,29,31,20
28,48,36,80,54
34,43,74,29,15
10,8,74,9,65
37,58,50,82,77
74,44,73,2,6
17,82,23,11,37
80,58,58,22,69
57,70,14,5,25
4,75,82,65,87
9,76,41,47,60
20,49,88,83,60
26,36,61,58,50
2,25,3,1,33
61,43,77,85,38
36,36,13,5,71
12,8,43,41,28
61,28,26,14,77
44,43,80,41,7
34,81,67,63,37
85,80,2,45,15
3,59,17,77,42
67,85,47,21,1
56,24,67,26,26
52,64,24,10,85
19,60,31,3,58
77,61,61,11,41
33,41,44,49,83
4,4,63,75,16
57,14,77,71,38
30,38,47,29,78
77,41,87,16,9
37,2,4,85,31
56,65,31,57,18
56,71,66,73,28
0,85,57,7,28
33,10,49,25,71
46,70,75,34,80
22,64,59,74,28
9,36,76,69,25
45,88,18,73,8
53,9,81,41,52
62,36,41,82,12
38,9,17,50,85
33,50,69,15,3
16,32,59,19,84
51,71,54,85,18
50,10,17,17,28
74,15,13,21,68
39,29,79,13,69
15,87,18,66,68
77,4,16,9,81
10,85,89,17,43
43,7,15,22,11
53,25,63,45,14
46,37,0,61,18
32,27,15,70,71
75,29,59,40,4
43,62,10,61,2
65,17,66,51,13
80,8,70,48,7
35,21,45,0,0
85,16,60,40,75
5,29,41,46,27
66,87,52,57,72
43,19,68,60,39
82,47,48,61,3
62,79,83,70,0
16,37,2,63,57
65,49,52,60,36
23,19,36,64,46
89,49,39,27,5
40,62,53,29,29
16,38,65,21,5
18,6,83,8,45
61,13,30,51,28
33,60,53,86,12
4,64,72,37,75
3,74,69,22,61
23,65,88,24,44
46,36,34,82,81
65,48,11,6,73
38,42,23,16,32
12,58,82,1,35
82,10,52,72,85
42,39,7,10,30
29,88,73,1,72
59,2,65,47,30
12,62,37,27,1
49,15,45,60,74
6,7,13,48,43
2,75,36,25,13
28,55,81,64,58
57,34,64,22,11
69,37,76,48,20
48,66,45,71,40
39,44,86,2,43
68,37,69,10,63
45,12,19,63,33
21,0,16,2,61
25,31,20,36,41
12,89,60,85,85
60,17,63,48,1
69,19,7,2,8
7,36,21,10,67
59,52,72,51,74
89,80,71,47,82
62,34,83,42,83
42,61,26,75,16
68,26,31,38,31
68,47,58,86,65
5,87,62,2,19
32,42,40,75,43
20,28,46,69,6
2,76,4,86,49
55,9,74,33,26
9,54,38,28,44
52,9,81,47,30
1,26,24,31,8
45,38,27,52,48
60,51,15,41,77
44,23,17,33,74
35,82,57,72,44
49,31,73,19,49
86,84,66,24,8
41,25,48,26,83
8,60,39,88,63
30,81,67,52,80
86,85,55,20,82
74,41,29,38,39
64,87,56,67,46
57,30,73,82,36
19,80,56,83,8
70,22,46,62,23
71,53,35,36,60
44,66,16,71,58
14,72,61,78,66
32,50,54,61,27
65,71,62,43,19
14,43,10,63,55
57,79,9,63,37
58,53,76,64,35
43,30,29,17,42
38,16,64,86,26
73,79,1,63,65
25,4,51,17,55
65,6,42,30,16
83,35,41,88,36
49,40,54,35,47
55,12,10,72,55
26,7,52,60,78
34,20,3,68,73
35,11,18,84,52
12,12,62,88,72
31,30,31,18,34
70,65,80,40,5
19,30,29,21,73
37,10,10,1,46
85,65,79,36,48
1,37,22,59,84
58,56,84,42,76
60,49,89,62,41
34,86,34,12,47
20,3,36,68,58
11,3,28,21,54
47,11,55,86,80
76,72,48,26,25
30,56,29,26,71
16,23,30,28,24
30,44,33,63,75
88,81,83,22,29
52,50,76,61,20
10,65,73,51,30
35,51,72,36,77
34,84,88,18,47
16,4,20,84,20
55,75,7,71,56
58,13,46,80,66
87,16,71,3,23
86,36,57,0,6
20,46,7,69,39
49,10,62,6,59
41,80,79,66,16
56,24,8,23,60
32,16,10,1,10
69,89,17,36,41
16,26,58,75,72
4,0,62,44,11
19,80,26,82,77
25,27,8,6,59
27,87,70,46,80
18,12,32,52,77
71,62,59,20,25
15,12,42,70,22
33,40,76,56,67
62,75,34,42,88
60,59,72,48,38
62,62,78,76,89
37,80,24,23,72
77,80,61,41,47
44,11,54,49,12
49,10,85,47,50
16,5,28,44,31
8,1,12,5,73
68,63,88,64,77
18,53,68,12,56
67,9,81,23,39
44,85,28,42,10
89,1,56,49,35
88,42,43,4,62
11,73,32,77,24
12,47,28,3,68
87,55,31,55,60
31,50,24,13,31
27,57,47,84,15
70,17,24,59,15
12,54,31,41,51
1,63,45,53,10
76,4,9,76,7
88,2,63,74,65
44,33,84,58,12
44,17,52,80,43
39,79,70,11,68
0,9,22,13,22
5,86,88,11,11
85,16,89,40,87
27,73,18,61,28
12,30,46,9,14
46,28,77,62,80
49,8,2,2,65
8,64,65,19,76
57,36,61,37,80
50,73,37,36,23
7,57,59,4,40
71,33,25,50,28
78,23,17,5,17
13,87,49,68,74
4,61,67,2,4
60,7,50,19,62
4,52,33,68,8
39,83,13,3,39
80,53,8,65,4
9,35,21,24,80
15,28,68,12,87
66,82,38,34,42
6,27,4,19,44
8,50,47,89,70
80,63,51,44,52
55,85,80,14,32
56,69,63,25,35
12,43,35,7,30
67,40,4,19,55
74,43,64,71,72
18,31,75,43,86
70,22,8,36,88
60,57,26,49,8
78,74,55,51,49
81,39,65,65,14
55,3,7,72,20
61,35,48,88,82
56,43,82,50,42
67,21,17,8,53
84,32,76,40,70
17,65,31,77,36
89,25,71,13,43
59,71,30,9,14
46,56,8,17,25
82,11,53,30,8
15,46,48,15,27
8,46,28,11,67
43,34,72,53,24
2,81,4,29,12
15,60,68,49,42
65,68,10,36,76
2,48,29,63,87
67,34,7,5,40
58,88,31,47,0
7,71,88,62,80
68,69,55,18,19
24,28,70,74,24
61,62,42,60,80
8,69,3,88,0
65,32,25,84,89
40,8,23,81,31
41,8,89,29,18
7,26,0,2,64
79,56,67,33,67
58,37,89,14,59
17,5,9,4,33
57,26,60,4,82
13,73,26,17,70
0,56,52,87,17
11,26,64,8,27
55,69,71,61,50
18,88,46,37,12
49,73,76,71,86
70,36,57,67,78
24,45,7,71,14
50,16,29,1,87
46,29,38,29,48
19,35,47,3,23
54,4,69,73,19
74,42,85,15,2
43,11,65,74,59
11,23,42,8,7
64,4,2,54,62
89,10,36,60,76
29,8,49,57,70
15,51,0,34,26
19,19,86,27,42
71,71,82,7,55
20,49,37,85,19
77,88,67,33,83
49,18,1,50,29
52,87,83,44,27
24,61,16,86,9
22,49,15,88,15
52,76,37,49,73
62,63,4,27,16
20,47,37,40,13
83,29,19,18,79
83,73,53,80,19
79,5,44,39,7
47,63,58,30,2
79,23,49,14,85
0,24,46,56,56
24,25,6,19,44
52,84,44,61,70
25,28,26,36,19
22,46,24,5,26
81,65,13,1,59
32,5,70,6,76
0,89,77,27,73
56,49,67,19,6
73,19,79,77,82
44,48,69,17,76
74,81,32,81,82
80,45,23,5,27
42,81,89,64,9
56,10,23,67,3
30,29,28,9,83
59,37,30,64,53
76,24,9,38,38
74,20,70,66,20
85,81,19,51,63
42,79,78,85,16
82,9,85,76,15
43,55,4,30,85
11,79,19,87,56
60,35,85,25,78
8,65,41,79,30
76,13,47,89,13
2,89,53,11,11
29,78,6,39,26
16,66,60,48,74
15,65,61,43,65
22,89,51,47,88
62,51,53,86,21
28,57,57,5,67
25,45,85,78,18
67,34,11,35,40
10,45,28,23,60
83,83,4,47,34
18,84,32,55,15
20,52,33,85,74
72,24,33,31,81
78,52,19,64,2
60,64,9,81,23
67,82,22,69,73
25,24,81,53,72
69,36,33,66,75
5,11,20,80,35
47,22,84,86,23
52,77,63,84,36
71,30,59,51,31
65,59,70,2,71
34,36,45,35,29
66,84,83,14,36
57,84,14,85,35
10,36,1,18,66
74,50,14,27,66
41,79,81,41,0
31,46,89,5,86
56,68,67,16,6
77,7,70,6,57
63,5,36,80,56
77,12,50,20,66
14,48,87,57,45
9,10,20,7,89
84,74,32,62,87
80,76,55,72,44
32,15,16,33,4
72,84,68,41,78
4,42,89,7,50
73,22,35,11,35
25,3,74,41,25
67,55,78,8,1
36,12,68,59,57
45,72,66,48,80
11,41,23,76,49
12,8,26,12,20
31,2,41,29,12
38,42,76,40,48
38,55,78,68,80
11,17,9,23,70
84,69,61,35,80
84,41,83,56,58
48,8,39,43,12
13,77,26,83,48
79,73,12,41,37
58,19,8,33,39
48,74,82,34,37
64,38,5,20,11
22,28,53,52,3
17,42,31,1,67
66,61,3,85,82
75,8,11,52,35
25,69,54,21,64
78,77,73,57,27
72,10,51,68,57
24,89,76,44,53
58,61,85,58,15
81,16,65,29,39
6,8,10,31,19
31,42,42,14,48
81,32,5,69,64
6,7,39,55,69
71,0,48,14,73
50,68,39,59,36
20,18,27,47,85
39,56,5,65,21
21,66,62,14,25
34,56,56,41,66
11,33,69,9,16
77,12,12,89,40
87,29,27,63,89
49,12,2,70,85
33,23,83,60,39
51,40,3,55,71
17,8,78,46,5
32,84,0,33,83
80,19,21,7,13
17,17,57,55,45
38,68,8,12,73
62,39,43,16,64
5,44,84,17,38
53,63,56,74,72
21,43,21,69,28
47,29,61,9,40
13,88,58,78,27
17,56,71,82,13
30,43,74,85,46
85,85,49,39,34
88,9,35,17,69
48,58,21,71,55
43,39,50,8,65
16,18,75,11,7
49,71,55,13,72
13,78,35,33,70
8,28,39,25,18
21,87,19,20,2
3,42,35,30,57
13,55,26,66,50
59,62,85,28,26
30,67,61,38,50
6,76,16,16,57
18,76,81,22,84
29,70,36,33,48
73,30,63,38,69
75,36,64,43,1
40,12,83,54,9
30,62,22,26,14
73,55,46,14,6
36,34,66,22,36
7,59,79,72,85
55,38,85,73,48
64,30,36,53,76
71,10,49,27,89
19,13,35,17,42
65,11,53,61,47
9,18,86,72,23
88,7,88,10,16
3,65,6,37,63
24,43,63,54,7
6,56,40,47,34
78,3,52,49,7
25,21,2,27,81
41,59,3,67,40
47,67,21,79,4
41,57,12,8,22
19,84,44,16,13
44,59,42,82,58
65,40,66,44,40
58,33,20,12,60
74,44,84,70,65
59,64,11,76,48
66,21,87,18,79
11,71,7,21,32
75,75,80,56,31
73,39,72,58,24
78,29,63,33,50
51,41,55,47,52
55,35,80,67,87
50,27,38,12,30
71,80,51,77,29
87,54,76,47,48
42,29,17,53,52
39,50,62,45,18
20,64,10,17,86
12,27,10,46,36
42,51,75,24,32
44,15,22,5,16
30,10,73,21,5
30,47,29,39,46
14,47,86,58,83
38,80,22,20,60
56,3,44,75,86
56,86,52,9,66
44,31,3,34,56
43,35,23,15,45
30,14,69,22,20
75,27,54,44,7
39,34,26,71,77
51,39,6,63,5
49,56,43,83,74
4,56,81,70,0
53,54,58,54,88
68,53,7,41,9
41,65,31,58,42
20,47,10,6,27
46,42,70,43,46
29,59,52,72,59
35,12,14,66,50
18,47,15,9,36
57,2,1,88,29
69,36,47,32,26
72,28,47,46,81
36,40,25,16,75
36,80,36,11,10
18,42,42,32,26
60,71,44,20,59
72,61,42,84,32
4,87,36,82,48
4,32,2,59,81
12,75,60,73,83
54,23,69,71,32
79,10,43,82,66
56,16,69,79,15
80,84,54,14,66
83,37,61,21,24
43,52,35,43,28
1,87,40,36,43
6,57,29,11,31
62,81,53,39,60
24,31,6,71,65
15,3,61,63,16
2,32,11,68,63
13,74,75,79,15
59,82,49,78,16
71,44,75,55,47
2,10,14,48,6
87,37,66,3,41
72,22,54,23,81
78,48,32,30,17
61,5,41,48,15
23,53,49,57,77
26,60,63,57,56
52,43,15,80,22
64,67,71,15,0
6,59,71,9,22
38,15,55,69,19
59,52,31,61,49
8,59,75,67,79
38,81,88,89,34
55,66,52,62,27
9,3,81,19,64
53,31,4,49,33
84,9,6,51,37
14,87,8,11,50
43,89,9,14,64
75,25,47,3,2
37,12,62,14,38
6,25,56,88,36
49,0,41,38,59
68,14,67,87,42
0,27,58,57,37
29,47,69,80,39
60,0,51,82,60
74,45,24,52,75
18,80,73,36,82
62,76,63,19,11
78,11,6,4,5
43,64,68,19,13
16,12,76,23,62
32,50,48,45,49
36,64,46,6,11
3,46,39,6,77
78,85,84,88,69
16,12,28,75,4
23,46,80,13,49
33,9,71,33,22
84,82,70,70,57
60,84,36,83,77
6,7,15,66,5
53,65,65,80,45
47,71,83,13,64
70,66,31,81,21
18,37,78,23,15
12,89,66,21,49
4,39,12,28,70
44,63,81,48,86
14,87,88,30,9
19,3,86,4,11
22,5,3,80,21
89,63,79,85,57
86,65,17,83,1
85,30,50,55,77
33,19,49,50,81
0,46,20,42,59
45,76,73,75,45
45,43,16,58,54
18,89,45,70,80
12,12,53,52,80
4,21,58,33,48
88,22,86,66,52
42,12,39,50,85
0,31,17,61,36
63,86,11,54,65
17,86,40,51,67
86,77,14,61,53
35,8,21,48,49
31,60,34,15,20
80,13,28,66,42
46,14,29,29,35
29,28,75,73,25
62,6,79,34,59
44,68,88,10,61
26,89,54,64,55
28,36,5,13,87
36,71,36,12,20
69,65,56,19,5
55,2,25,12,68
61,52,14,15,31
23,0,53,70,26
82,74,5,28,15
20,0,53,70,68
0,18,75,9,80
37,21,87,49,43
52,47,68,72,13
1,85,10,71,25
35,69,88,43,46
77,37,25,51,28
27,29,85,21,19
28,54,7,63,28
8,66,27,30,10
87,19,60,77,26
20,18,76,27,0
79,84,27,26,84
13,27,58,74,63
59,3,45,25,80
44,86,22,7,85
29,66,62,63,71
17,56,53,33,74
8,42,83,0,12
54,89,46,36,11
81,67,63,75,59
27,75,68,14,39
12,62,89,55,53
43,61,15,84,36
57,7,52,60,22
44,8,2,55,65
89,28,26,75,89
61,7,36,8,66
68,8,23,66,18
28,65,3,65,74
44,83,25,31,49
54,63,4,32,58
41,62,77,48,50
12,88,75,81,6
44,72,26,89,24
3,79,67,40,65
60,47,56,12,29
85,42,35,44,6
41,67,77,54,32
63,69,29,78,37
17,56,0,82,38
13,1,52,18,7
62,10,36,8,79
29,24,80,18,4
34,84,47,10,34
11,57,14,86,24
12,10,2,17,79
82,45,16,22,32
29,34,86,26,74
74,28,89,9,62
18,61,77,87,26
9,38,60,21,66
40,12,16,50,38
85,71,33,88,25
15,19,21,79,32
1,4,51,48,76
61,25,78,10,40
5,75,18,28,30
6,32,41,66,40
71,76,31,6,61
25,66,32,54,56
37,23,64,73,24
24,74,20,80,28
27,40,57,61,79
33,75,50,0,20
65,17,37,8,1
17,85,27,73,30
60,19,6,55,73
52,76,49,21,44
41,74,25,39,42
54,64,29,32,18
7,82,83,12,16
80,1,28,29,59
81,61,85,6,79
50,76,0,31,84
65,81,3,18,10
49,7,34,37,35
83,43,41,36,51
24,37,21,21,73
4,50,1,78,49
65,34,67,31,80
62,64,45,21,25
56,80,70,59,69
51,73,88,79,88
39,28,18,14,34
24,27,66,57,74
53,42,24,52,75
19,55,81,18,82
37,54,89,38,19
66,62,54,14,80
1,70,19,74,67
44,77,80,51,12
82,14,22,83,5
25,35,63,58,64
13,23,31,68,21
87,75,72,22,88
65,18,19,57,4
17,6,27,30,47
55,8,88,71,40
40,82,61,28,45
4,64,13,63,12
18,61,6,59,41
27,31,17,51,31
88,60,66,18,15
64,46,50,12,24
36,24,40,80,48
42,49,56,5,38
61,66,11,71,23
63,87,11,65,83
15,48,80,32,87
54,42,47,26,71
87,58,4,85,11
75,83,11,35,60
40,66,1,72,2
42,39,46,55,48
75,88,21,26,47
4,60,64,25,73
34,19,32,49,28
64,32,15,62,33
39,64,26,26,35
25,63,45,32,17
41,59,13,49,34
5,54,28,83,29
75,73,58,10,33
66,37,60,48,32
49,3,5,7,71
82,62,19,76,67
24,49,54,46,40
1,1,14,23,49
15,52,82,82,16
73,35,73,62,59
33,57,69,88,69
63,16,36,56,1
57,52,0,81,32
34,34,42,18,7
36,69,65,9,59
61,36,33,7,40
10,87,29,37,44
32,68,34,89,42
74,59,21,42,70
10,44,68,37,64
37,1,46,50,30
63,10,54,41,9
85,55,43,77,73
45,23,61,76,84
82,12,11,18,19
33,39,72,73,48
23,2,44,8,10
32,41,1,64,66
28,61,86,43,72
16,12,5,41,59
29,4,40,49,36
79,36,50,67,40
60,5,82,66,20
10,70,71,38,87
69,67,76,72,41
83,86,3,87,72
18,54,74,51,5
21,41,78,63,18
77,64,84,67,0
87,7,12,47,35
59,4,16,58,9
26,34,78,18,36
15,54,54,19,59
52,6,31,67,21
77,85,19,60,47
26,70,69,35,39
70,70,49,32,7
37,5,89,36,26
18,14,72,24,24
84,41,27,5,52
33,15,64,52,51
42,61,20,20,82
58,37,57,36,39
49,35,59,32,49
85,41,19,39,35
79,34,80,60,21
32,4,34,75,34
13,33,60,65,46
85,57,53,71,22
89,47,71,41,26
55,5,57,59,42
70,14,34,77,34
74,19,22,39,77
13,12,8,38,3
5,1,61,57,13
39,16,61,58,41
86,75,47,3,73
38,46,78,13,15
29,15,57,70,65
32,50,38,65,48
83,45,42,48,72
77,0,35,12,23
29,8,34,52,62
79,70,21,75,27
64,68,50,22,22
44,13,66,46,75
34,11,89,41,68
59,19,56,62,80
64,13,11,39,72
0,57,51,36,47
26,60,4,66,46
50,88,52,84,67
13,71,1,74,49
56,64,83,63,25
53,19,41,7,48
9,43,47,15,22
65,13,17,63,55
39,1,65,68,14
76,48,70,75,74
53,75,50,21,84
33,1,70,49,63
49,48,80,65,61
25,21,4,41,47
50,64,59,68,46
0,11,74,6,39
85,60,26,88,53
41,38,59,36,48
28,3,6,86,31
43,10,87,84,84
44,76,71,53,9
24,37,57,75,83
66,80,63,45,7
38,42,25,81,72
70,12,32,11,86
11,30,6,47,6
52,31,82,31,63
73,46,32,68,82
0,12,12,44,70
14,83,45,57,60
82,4,88,85,2
1,60,67,19,73
52,69,62,75,19
58,17,61,25,59
66,18,43,6,10
65,4,89,26,67
19,12,40,69,31
25,19,54,11,26
20,66,76,20,56
58,33,48,19,44
84,35,78,64,37
83,88,27,79,36
11,0,29,55,83
59,23,59,70,31
68,78,7,5,44
40,37,32,65,86
27,14,20,61,35
29,22,82,40,67
17,46,30,35,25
57,23,5,11,30
72,83,1,3,24
73,89,62,10,9
38,43,64,24,75
29,75,56,47,24
40,57,18,47,85
9,41,35,81,78
65,35,86,86,2
43,7,15,41,40
72,66,24,65,18
28,64,48,68,74
8,26,19,67,74
47,88,33,36,29
74,73,22,42,39
51,29,72,50,5
44,49,36,18,36
40,68,46,32,50
23,51,57,49,9
44,66,2,65,52
33,41,29,86,53
53,9,79,26,77
45,19,67,45,42
45,77,84,88,9
18,51,63,35,12
54,84,87,16,6
74,33,77,7,7
64,4,37,27,11
77,9,48,66,23
63,86,15,38,4
12,44,81,10,50
36,8,30,49,1
65,28,15,25,65
10,79,60,36,47
31,78,18,48,66
11,15,80,88,77
10,79,72,40,6
26,71,81,11,7
66,48,64,42,7
8,27,50,73,21
86,78,86,21,62
54,13,84,42,77
13,73,61,44,38
71,65,76,82,42
70,29,13,57,45
61,49,81,70,9
24,84,28,8,0
44,81,87,69,40
86,38,62,73,66
78,19,32,79,65
74,40,73,16,48
14,51,61,1,66
28,4,8,13,69
44,22,55,19,37
39,70,1,15,59
47,33,22,83,49
57,57,78,47,21
32,5,43,63,46
78,4,38,36,48
54,19,70,41,65
35,42,41,57,16
11,75,34,76,4
60,3,56,52,59
81,30,82,71,27
77,53,62,19,3
31,4,32,22,68
69,0,30,10,44
80,84,51,60,42
2,20,28,43,71
82,73,65,5,52
42,46,70,78,65
3,41,59,61,35
59,32,50,6,41
6,44,83,17,32
48,16,66,8,60
9,24,74,51,21
84,30,20,85,3
79,75,18,48,60
27,78,17,22,10
22,30,71,1,84
8,11,82,58,80
1,60,66,21,60
39,78,69,34,76
87,86,40,65,48
77,58,79,6,10
42,49,30,84,68
54,21,49,38,72
57,89,70,84,40
16,35,88,70,14
56,9,81,59,0
1,85,59,3,34
23,28,1,36,88
74,48,11,12,65
11,15,41,22,43
35,17,81,75,52
29,41,30,8,81
57,63,80,23,45
51,64,81,58,76
43,45,24,86,9
62,21,46,41,59
6,21,75,62,86
49,48,53,82,85
20,75,22,21,62
11,63,0,47,80
29,12,83,88,60
46,39,86,23,4
73,70,3,24,49
38,52,52,60,63
5,77,58,68,54
7,15,84,89,82
5,70,70,64,66
49,24,59,46,19
52,8,80,48,32
38,33,42,55,50
27,22,32,45,89
88,3,28,63,76
32,60,56,77,65
86,79,52,26,47
65,11,36,62,33
87,82,87,34,87
59,7,21,40,80
15,49,51,88,75
89,84,34,18,67
15,2,5,79,77
84,61,52,4,37
25,81,52,82,50
62,2,33,36,77
88,55,42,34,15
2,77,73,64,72
18,18,37,80,65
10,41,84,47,10
58,74,1,24,35
89,81,66,22,69
70,75,69,18,14
63,26,74,0,9
71,33,10,50,7
74,39,9,13,32
3,27,4,52,64
65,24,80,53,12
37,35,74,19,30
19,71,75,45,10
65,76,31,82,27
33,54,55,58,59
21,48,85,0,89
10,39,26,87,30
40,64,20,73,20
72,30,14,88,85
75,44,31,35,77
80,42,30,66,14
25,43,52,37,60
22,87,29,69,68
82,63,14,67,17
45,5,84,66,70
20,64,62,4,37
73,32,87,32,68
12,62,38,18,18
84,79,86,56,73
9,44,7,78,37
11,48,49,42,56
16,71,24,50,69
80,34,30,36,39
57,43,16,50,72
50,14,3,18,74
4,24,26,62,43
58,27,49,42,12
65,16,7,63,85
80,72,66,29,82
31,13,30,0,48
19,22,22,49,10
64,85,86,6,45
76,42,72,14,47
40,75,63,72,49
16,2,43,79,50
81,67,11,11,68
82,59,60,87,33
31,64,29,72,39
53,49,24,38,18
44,60,15,22,42
74,27,23,43,45
35,9,36,31,46
59,45,45,61,63
26,39,14,1,78
51,17,29,83,33
76,24,67,88,7
43,21,32,49,14
13,58,67,20,84
32,9,54,76,77
54,58,51,59,65
38,89,61,72,38
9,0,8,48,23
36,38,22,2,1
19,18,48,73,78
74,20,20,19,20
78,12,77,15,13
76,9,25,0,44
69,16,66,52,39
44,32,15,38,68
6,77,46,50,42
2,74,58,71,53
63,86,13,9,30
71,77,27,10,72
80,14,45,72,12
26,24,84,27,31
8,35,15,72,7
50,32,68,20,48
2,48,69,4,11
48,30,67,88,0
31,80,43,42,17
87,27,55,58,87
85,82,7,79,41
76,18,16,11,10
8,17,87,43,69
33,89,27,20,18
47,49,39,75,4
69,19,51,24,24
70,86,56,53,61
55,69,11,56,86
88,43,23,88,52
55,50,55,75,87
25,67,33,2,17
21,75,50,63,23
12,38,7,83,37
6,50,82,15,54
0,43,5,60,45
43,53,75,67,84
30,67,12,41,79
12,80,33,1,12
89,26,89,35,50
27,63,33,66,63
58,48,84,50,56
18,57,21,12,2
86,68,47,10,85
46,36,70,70,58
35,13,30,27,10
88,16,14,23,70
1,86,15,1,73
24,25,2,34,34
83,71,43,60,1
24,71,27,68,73
15,55,41,47,0
60,15,82,16,50
76,35,88,42,28
60,13,53,62,13
24,6,42,74,38
59,70,40,45,6
9,28,9,45,66
63,46,86,9,66
52,10,13,76,26
52,26,38,74,50
31,21,44,12,13
47,62,72,33,67
51,47,11,62,66
26,29,68,56,75
68,34,51,65,76
20,11,29,33,51
67,85,27,14,23
85,28,10,57,72
61,1,9,37,37
77,10,4,22,80
4,7,30,6,67
66,55,58,46,75
47,55,49,35,88
87,4,78,69,76
5,20,20,16,62
31,21,75,43,50
34,62,33,45,26
29,66,35,51,59
16,67,89,84,82
64,58,13,3,31
42,34,34,80,36
57,44,1,38,44
68,3,9,8,78
54,84,61,19,27
70,75,8,2,85
41,65,5,20,86
89,49,44,1,72
9,74,15,60,75
2,38,6,89,67
82,89,35,1,38
83,25,57,83,5
49,2,44,17,4
81,88,8,75,77
83,11,41,37,60
33,34,71,70,70
35,8,7,19,5
61,45,64,11,62
13,72,30,47,32
64,21,19,37,39
61,62,27,44,20
12,59,2,47,77
73,6,20,22,46
54,13,36,2,62
64,30,54,86,58
14,48,34,69,75
34,29,31,50,73
42,53,15,74,89
86,75,62,88,0
34,25,75,63,61
88,8,29,36,69
83,48,2,26,5
49,72,58,62,29
22,39,67,70,62
84,13,76,50,39
7,73,44,64,80
25,23,34,0,66
39,34,66,10,86
77,87,39,76,50
31,71,12,84,40
47,89,59,6,45
39,3,32,16,51
77,47,44,69,19
23,17,14,6,68
80,12,36,7,69
64,15,61,40,68
81,42,84,26,86
42,83,58,52,83
62,86,25,82,58
20,10,47,62,14
26,22,44,57,66
45,64,67,65,35
6,68,28,13,13
52,83,11,82,33
82,82,47,13,5
36,70,81,50,9
44,27,50,37,81
77,13,20,26,34
78,0,12,87,77
18,42,0,49,3
11,37,57,44,39
77,64,60,27,44
87,61,26,11,63
20,55,42,21,57
66,46,47,75,21
85,50,87,59,67
16,60,76,57,86
9,50,14,39,14
30,30,24,79,74
22,69,48,88,80
69,47,35,67,45
5,40,5,75,81
30,28,88,1,36
59,89,30,19,24
78,51,15,47,85
3,77,60,63,2
81,12,20,40,23
14,33,52,15,65
61,58,60,79,17
11,4,18,23,54
53,21,18,51,39
17,31,52,17,48
25,83,74,37,58
14,65,2,43,86
22,89,38,60,71
9,62,89,42,37
39,19,65,48,54
59,65,74,79,42
62,64,45,60,77
9,18,15,75,78
73,22,75,71,29
67,15,42,67,6
6,62,19,50,64
44,6,61,41,2
70,74,47,35,86
50,61,73,66,63
52,17,70,79,36
37,71,45,71,15
82,56,59,40,21
86,87,38,35,26
45,36,36,69,50
0,38,31,39,17
5,28,81,13,84
47,3,53,3,69
74,49,78,79,28
25,37,8,10,53
21,16,32,53,13
43,17,65,1,33
55,42,76,7,84
76,24,19,77,60
7,14,16,70,57
89,3,58,12,7
9,3,13,50,37
71,50,26,30,55
32,32,28,46,8
76,77,42,55,67
2,19,67,59,22
78,24,21,75,79
67,30,18,79,6
77,14,11,78,19
47,12,60,61,77
86,25,51,64,59
82,30,55,51,1
17,78,88,13,25
83,1,10,2,88
47,67,51,28,45
76,25,12,50,80
67,41,14,48,78
86,28,77,74,56
64,38,66,57,49
4,66,70,76,80
28,69,38,10,70
36,54,88,88,84
56,65,14,4,8
38,25,17,0,73
1,87,45,61,52
42,41,81,19,82
54,71,43,46,83
10,72,61,7,28
26,7,22,41,15
80,62,8,32,71
69,87,60,57,7
72,89,30,18,38
78,65,47,6,67
87,30,40,66,86
55,64,46,81,23
3,19,66,67,70
83,66,82,54,47
77,41,77,28,17
32,65,47,16,62
41,14,16,28,55
85,81,69,17,86
80,43,36,1,23
37,33,61,36,34
40,61,77,71,13
61,2,82,40,20
72,67,75,74,23
28,67,26,20,26
22,56,14,39,88
28,32,12,28,34
66,0,21,7,52
60,51,26,38,70
88,39,20,70,34
76,57,76,73,26
54,37,42,83,59
27,63,57,75,16
12,0,63,74,46
32,19,59,21,76
84,46,16,35,27
84,39,0,0,11
75,43,21,31,19
27,33,88,74,31
81,7,42,15,20
69,71,60,32,17
57,8,35,64,22
33,66,19,24,89
80,61,8,88,45
62,57,49,71,22
24,5,69,41,5
51,73,28,88,73
52,22,59,15,63
69,30,21,11,87
18,4,16,50,78
62,42,13,9,53
29,77,82,89,87
12,10,77,43,54
41,12,42,13,51
74,39,68,64,26
62,78,25,24,8
54,24,17,54,81
23,75,75,69,40
86,55,53,13,6
26,85,0,7,41
6,40,89,3,75
9,58,35,73,81
86,69,19,2,41
0,52,45,48,32
41,72,38,64,31
28,71,88,78,22
46,49,36,2,22
28,21,43,9,80
1,27,35,38,40
0,26,21,5,55
37,0,44,73,33
32,62,24,34,24
29,77,88,16,52
6,41,13,27,25
56,79,54,9,27
62,17,6,13,30
40,6,76,16,14
88,27,57,77,66
12,62,44,7,22
87,45,63,43,18
6,79,72,36,88
33,76,45,17,70
36,5,51,36,16
23,14,5,11,22
33,2,21,32,79
60,10,84,73,27
38,65,79,84,65
82,35,39,20,42
39,61,61,53,55
18,6,76,79,69
55,43,86,64,49
19,28,5,70,46
35,17,17,10,16
79,29,53,26,43
42,16,9,21,83
50,71,5,53,39
67,89,33,56,20
14,30,58,85,54
49,51,75,66,36
44,86,82,42,2
47,15,70,74,73
61,57,56,7,76
54,85,45,6,83
3,12,4,2,67
42,35,59,49,70
55,14,10,66,27
49,88,59,29,50
17,52,28,8,65
11,25,25,20,10
44,49,15,73,76
71,64,33,48,36
29,16,10,63,69
21,20,16,19,68
43,33,85,34,5
46,67,24,63,1
60,63,9,83,37
16,37,39,6,33
13,16,21,87,9
2,17,19,53,22
60,49,18,40,18
5,46,38,64,7
21,74,4,23,62
13,82,31,28,21
47,40,43,25,33
9,20,50,48,41
76,6,9,83,3
34,57,31,71,88
75,42,53,89,21
81,35,79,30,87
26,78,61,38,87
73,68,38,59,59
19,5,10,29,51
2,45,58,40,61
80,13,14,79,81
6,16,62,31,59
34,70,53,8,45
34,16,63,37,43
39,10,77,32,21
72,62,49,67,30
59,55,35,76,64
77,47,53,36,38
51,47,35,31,54
22,54,78,20,47
63,6,32,5,58
48,55,61,25,24
15,75,18,70,1
65,20,46,79,73
84,11,9,79,42
15,41,64,31,11
52,85,61,41,45
87,67,76,25,64
71,79,37,75,62
88,21,63,18,74
4,87,87,22,33
4,8,88,25,14
28,45,13,54,49
85,88,16,60,14
77,87,29,67,70
25,8,74,4,60
63,43,36,83,55
64,15,46,47,63
27,32,88,43,46
64,43,0,61,54
22,63,89,7,9
36,45,18,5,89
8,76,57,55,49
70,1,71,40,7
83,76,69,17,64
79,2,50,25,68
21,8,70,78,18
0,20,38,79,49
51,35,67,32,56
23,0,63,80,55
85,29,55,89,48
68,20,79,82,48
6,80,9,76,36
78,62,3,70,50
8,30,12,7,63
2,76,34,78,83
1,18,10,78,33
80,86,7,86,25
43,20,35,44,33
27,42,2,2,16
45,4,82,15,9
46,42,70,61,35
29,61,2,36,84
25,0,47,7,60
44,63,42,46,24
47,44,31,40,72
74,85,21,44,22
22,40,28,72,5
51,80,82,7,72
34,24,48,19,53
15,51,79,25,69
59,71,31,57,27
0,53,68,65,46
35,6,1,84,23
31,58,30,14,4
71,12,8,12,50
89,56,55,15,22
45,86,56,75,59
87,28,27,76,43
17,21,1,59,1
29,7,47,9,50
67,15,25,8,27
55,37,23,74,15
54,44,1,88,44
17,35,22,33,72
89,57,19,11,27
5,4,65,50,64
75,2,5,82,10
71,5,23,34,83
11,72,66,57,68
32,43,33,7,6
58,18,3,19,45
28,69,76,1,0
3,12,76,16,67
16,48,7,69,56
49,78,27,84,11
37,26,37,79,33
88,84,70,14,32
1,9,41,61,55
60,13,10,19,68
79,6,12,89,80
6,62,8,5,85
31,75,83,20,5
29,65,47,3,19
6,76,2,46,70
60,73,50,26,63
34,88,45,14,17
41,24,73,19,38
29,69,59,32,31
14,66,50,27,83
58,34,88,32,69
25,63,19,14,8
0,14,8,87,11
66,64,5,30,3
85,35,82,42,40
46,23,43,4,22
15,9,54,40,35
62,22,54,34,7
76,80,27,15,30
15,47,72,26,37
0,28,43,80,22
71,71,45,1,26
61,26,0,9,65
30,62,66,28,1
48,19,73,29,58
68,51,31,30,39
81,36,70,56,37
81,55,11,66,28
2,53,35,35,52
73,36,40,31,35
70,69,17,51,7
37,42,77,69,72
6,22,48,13,22
60,22,64,34,31
15,56,15,47,40
59,36,82,66,32
36,38,58,76,25
11,3,66,68,2
27,17,70,33,83
75,73,32,38,32
81,58,39,39,64
66,21,32,86,45
52,65,4,84,1
33,52,37,41,1
5,61,74,72,32
39,7,53,16,58
7,64,83,49,23
77,74,76,29,67
53,62,25,25,32
24,73,56,79,78
88,47,19,52,42
9,51,86,44,24
31,37,4,66,45
23,51,47,9,14
59,73,24,50,83
56,40,27,70,77
80,13,54,17,64
50,30,58,65,69
67,81,78,50,21
75,25,76,31,61
10,79,36,64,7
2,6,76,83,29
63,32,73,16,59
72,71,76,19,38
62,67,89,51,42
47,9,26,79,27
88,46,79,44,78
86,20,58,79,9
52,59,17,74,33
68,60,89,43,41
0,83,39,61,67
83,64,0,79,86
30,61,4,73,48
77,39,45,83,53
83,53,73,1,85
88,79,22,34,86
89,44,25,62,2
61,22,57,56,53
73,11,41,38,52
54,58,14,28,38
26,70,13,63,18
84,16,29,14,56
1,84,59,1,47
71,63,26,72,57
72,5,2,12,58
54,8,35,64,83
89,78,34,87,47
85,89,6,55,6
41,21,2,7,57
14,69,29,4,85
22,2,36,71,38
0,44,41,32,18
77,7,89,60,81
56,80,71,0,44
83,67,46,6,21
67,38,53,43,41
56,70,12,66,48
5,28,51,68,70
69,55,22,43,4
73,26,14,40,47
14,32,16,88,46
71,71,66,34,44
79,54,7,7,51
85,39,24,25,71
53,21,8,46,34
57,16,56,4,28
24,22,4,54,61
16,30,44,77,54
26,31,48,55,77
37,5,34,44,62
52,27,57,22,69
34,18,33,72,76
59,89,2,53,72
55,63,43,84,46
28,67,83,5,10
26,70,33,18,22
52,47,26,63,12
8,29,86,26,71
88,13,38,28,25
20,23,88,5,37
4,63,74,17,66
4,47,24,1,45
39,64,0,53,0
8,39,61,76,70
33,24,64,42,73
75,37,23,36,40
28,82,58,12,19
86,60,54,56,84
15,46,54,61,71
3,13,69,88,14
34,69,74,71,8
63,58,50,34,8
81,21,70,14,33
2,52,88,83,69
69,85,44,34,51
45,52,17,5,64
25,54,6,12,18
88,56,56,27,62
53,37,63,56,68
57,67,43,68,40
4,35,55,60,87
3,8,37,28,4
32,73,32,20,34
45,62,3,80,39
62,70,76,45,21
82,31,8,49,51
81,65,80,57,48
3,32,39,18,2
87,72,15,59,13
46,54,59,43,1
58,43,34,46,66
86,32,61,65,10
82,60,52,2,60
56,35,89,23,25
7,60,56,67,33
17,36,2,42,66
82,24,43,23,48
86,24,41,74,78
50,38,79,78,68
34,66,68,5,20
30,54,40,19,36
8,20,44,8,69
13,83,72,11,38
17,80,67,51,14
63,57,58,17,58
8,34,20,77,18
67,86,73,64,29
28,65,56,1,12
2,63,40,62,16
68,39,0,3,34
18,52,56,20,51
3,25,49,59,31
36,73,33,70,64
28,12,15,16,23
34,17,14,34,56
75,55,83,26,40
64,31,85,10,87
83,68,38,28,80
29,35,1,55,17
25,25,64,15,34
65,32,47,64,54
40,82,79,38,72
16,12,74,69,66
36,55,63,37,70
74,18,65,25,9
86,89,38,42,39
16,33,42,64,22
50,42,54,84,23
75,65,80,55,79
46,3,9,50,1
84,87,67,29,16
24,3,76,70,14
16,56,37,4,23
73,19,87,48,53
39,62,10,43,17
83,15,45,32,22
29,88,48,3,27
53,78,38,70,52
86,79,73,38,3
34,44,3,30,14
47,76,29,21,51
15,83,30,14,27
34,15,55,31,44
59,55,8,4,42
75,88,7,35,85
80,74,17,9,13
54,43,30,24,13
62,24,34,34,6
21,81,67,57,58
49,58,3,37,29
52,52,6,16,85
27,80,67,16,56
23,46,79,34,30
44,42,24,75,73
10,27,3,38,37
37,64,32,67,20
27,10,35,14,40
22,63,31,31,66
20,59,16,78,43
72,86,51,60,85
42,9,3,39,88
13,44,22,84,22
80,72,13,38,60
79,83,11,86,58
72,6,53,73,21
49,54,22,11,66
26,42,30,30,39
26,77,13,33,1
77,76,57,74,34
7,34,31,1,81
88,27,84,32,11
31,71,41,60,49
80,0,43,13,43
26,71,13,47,66
16,47,40,7,8
15,56,6,27,8
16,68,4,15,59
13,60,0,11,46
49,71,89,81,81
81,37,49,7,32
36,80,55,73,36
6,38,8,68,38
38,83,21,78,7
16,25,45,36,48
25,66,22,72,26
27,49,52,72,34
88,54,81,10,67
10,68,23,52,17
0,12,25,54,63
18,47,83,44,60
54,17,88,32,65
47,20,41,72,14
23,37,27,9,40
88,50,44,50,35
46,65,65,87,65
87,0,11,10,0
86,21,63,26,81
12,84,10,35,38
14,79,49,73,29
44,20,15,85,78
21,57,55,43,9
6,50,7,60,18
68,31,10,37,66
62,76,57,87,29
50,57,46,47,53
78,52,71,54,33
19,52,13,79,58
6,36,9,46,63
1,72,64,50,49
59,15,85,51,52
2,73,23,82,21
23,23,20,87,58
30,31,48,13,78
56,62,14,16,48
23,50,37,62,55
10,25,45,18,60
36,30,67,59,15
15,25,50,4,60
63,83,26,57,11
51,31,71,19,21
11,60,48,29,60
55,80,56,15,15
24,82,70,37,31
55,25,39,65,68
43,48,7,7,6
47,25,15,50,11
50,44,35,41,36
54,69,21,88,88
80,31,86,6,35
40,79,82,13,35
56,70,33,56,53
73,14,14,45,24
74,13,86,88,78
78,50,13,60,50
12,22,8,79,13
45,72,51,56,33
39,58,51,53,70
74,47,73,33,73
44,40,5,15,14
25,7,55,5,2
63,39,43,17,11
10,58,13,89,22
9,3,68,59,59
33,29,86,62,69
83,38,2,9,31
30,47,75,50,19
29,30,39,49,0
55,61,30,32,24
81,50,87,16,7
65,63,40,50,22
32,64,87,66,74
85,26,66,46,61
75,35,54,15,70
7,20,89,43,79
21,53,16,54,31
62,47,78,7,51
63,72,24,44,21
60,60,76,80,84
4,16,23,48,5
29,88,68,73,41
34,39,73,47,73
51,65,33,60,42
19,75,24,71,64
19,47,76,57,65
63,14,53,30,13
32,76,48,14,65
56,27,61,8,79
80,57,84,64,65
37,15,81,69,32
41,25,59,55,64
74,87,29,39,77
26,61,72,64,64
0,26,31,70,9
47,75,66,73,53
66,66,81,68,32
16,60,81,79,8
7,65,32,4,35
17,55,53,6,18
28,42,45,62,6
0,44,88,70,44
70,20,64,4,60
1,8,52,23,77
21,21,5,27,82
51,18,21,25,43
48,59,84,19,25
88,20,15,5,59
21,51,41,20,19
0,55,4,86,22
79,5,47,6,53
58,81,35,53,46
74,40,37,40,40
53,13,25,33,63
82,4,79,46,32
65,84,43,24,40
5,65,81,15,53
82,87,52,56,65
6,50,88,16,11
50,86,71,9,18
45,36,45,22,70
50,73,40,28,43
16,6,1,24,7
50,13,32,52,68
0,58,29,33,59
36,60,73,16,48
44,0,5,26,66
81,68,27,67,58
37,42,72,72,51
82,30,26,39,14
81,47,46,49,22
85,44,24,16,8
51,29,54,41,53
25,13,0,77,62
57,27,5,32,41
48,7,30,26,52
17,7,86,79,4
31,54,45,60,26
80,37,86,66,17
34,63,83,13,45
54,7,66,82,4
24,69,32,71,34
29,21,81,61,68
22,40,65,20,3
22,6,87,7,74
72,14,23,49,82
59,20,30,37,28
1,25,57,74,86
61,36,70,80,23
26,89,63,1,65
35,36,42,31,63
63,84,38,59,14
39,80,85,38,11
12,84,11,38,20
54,10,75,82,78
18,38,86,28,40
86,87,2,51,80
9,85,27,61,55
28,61,79,8,61
15,49,81,19,84
6,38,76,25,70
1,72,61,17,42
58,2,8,24,32
53,29,28,21,78
67,59,6,46,3
67,18,7,88,51
9,56,32,46,45
32,37,8,46,83
10,48,51,19,46
31,88,18,26,83
70,6,26,36,61
68,84,7,45,56
32,32,70,82,27
63,8,85,0,87
75,59,5,31,22
73,50,63,36,56
7,67,48,25,64
7,72,40,57,49
60,4,66,34,87
42,16,9,74,79
64,24,69,66,77
63,22,16,7,62
31,29,80,49,89
30,0,70,75,65
45,69,65,80,16
68,39,52,4,29
87,3,2,72,65
80,28,71,29,83
54,29,43,38,13
39,28,60,40,10
0,80,59,84,76
30,19,42,57,3
24,2,40,47,37
44,37,21,66,44
54,83,82,65,38
55,84,27,57,5
11,25,30,52,68
73,30,78,11,76
86,37,87,38,49
19,44,85,22,62
66,63,88,0,79
25,86,80,54,42
41,24,51,78,22
32,1,72,67,46
53,72,30,8,27
58,8,69,19,31
85,9,48,31,45
43,4,63,63,88
74,22,68,67,10
43,31,84,4,28
20,1,15,31,44
34,16,52,87,4
22,42,1,42,82
24,51,6,64,50
9,26,71,80,54
70,60,63,59,36
37,24,47,22,75
31,45,14,36,5
32,27,39,72,19
48,28,46,18,27
65,41,43,17,14
84,63,48,76,0
19,16,42,54,54
1,46,73,83,28
86,14,78,80,19
57,70,84,73,74
26,74,24,69,47
26,2,45,84,5
49,35,29,59,79
39,74,61,86,40
82,85,13,3,15
15,89,70,30,81
86,44,52,42,9
89,11,20,15,24
9,77,84,54,66
49,59,56,6,23
72,47,57,63,75
15,3,63,76,9
1,31,74,30,10
42,30,66,7,33
88,88,53,56,4
33,56,24,84,38
2,64,70,74,64
77,46,20,19,74
29,86,53,70,65
62,72,73,51,37
44,52,57,45,62
78,4,16,9,77
68,31,53,80,44
55,69,72,25,84
70,47,18,80,84
52,62,77,81,60
65,20,68,34,77
10,52,82,52,58
59,37,31,41,71
66,62,81,49,26
32,33,35,82,55
5,45,8,11,21
57,33,24,10,52
2,33,77,71,48
53,64,10,74,62
1,33,40,1,21
12,31,15,24,57
18,67,74,59,49
0,13,17,0,73
41,22,71,42,80
14,33,32,82,17
73,83,3,47,82
77,33,4,45,19
74,79,62,45,33
65,31,47,57,62
70,77,59,17,67
32,21,48,15,22
86,81,14,59,78
54,31,3,19,83
58,29,4,56,3
50,51,3,0,15
18,66,77,8,34
26,7,8,61,74
20,1,77,55,14
22,65,78,6,9
34,43,11,77,81
89,14,0,87,29
31,21,34,47,30
22,24,67,5,41
59,58,22,47,62
51,8,33,45,15
45,58,10,15,40
10,79,41,27,63
46,2,12,55,32
68,32,37,24,87
27,14,54,44,19
26,26,41,79,59
2,76,84,53,40
54,1,46,23,71
36,61,18,69,56
13,88,20,76,45
52,38,29,15,36
43,44,45,77,2
54,24,41,62,33
27,34,83,51,70
83,59,16,76,64
9,5,80,88,19
80,53,55,46,23
64,1,13,15,9
59,38,54,32,70
14,26,64,74,80
87,57,25,63,33
40,5,28,41,61
30,36,49,62,69
78,53,12,16,89
69,81,83,33,13
5,73,82,49,74
32,85,56,17,60
84,0,21,64,61
52,43,54,21,86
73,11,56,78,82
71,18,79,81,79
43,4,4,0,82
89,78,6,48,52
7,27,19,18,31
3,9,54,25,84
19,17,62,45,48
41,84,7,9,54
75,49,40,77,87
57,4,33,85,77
24,0,30,41,65
66,82,28,65,75
56,83,60,11,32
21,51,81,74,49
36,67,28,59,37
1,22,30,28,9
55,36,54,72,68
21,33,16,41,40
41,55,21,37,65
46,19,6,72,58
42,68,73,21,22
66,0,53,11,27
49,33,23,7,38
57,5,32,43,87
7,81,85,29,25
47,56,29,2,72
45,68,31,7,44
5,59,8,80,66
30,33,81,87,86
37,80,55,82,2
4,75,15,16,29
10,27,19,50,60
2,12,85,16,74
70,21,87,45,76
29,55,9,56,67
7,51,4,45,33
27,7,87,0,31
2,74,28,54,22
88,76,21,49,48
28,43,15,87,38
40,57,36,63,0
18,67,61,32,57
38,27,7,46,32
32,78,4,29,78
76,50,59,21,6
80,49,3,50,60
43,54,83,77,89
53,38,24,50,71
59,31,19,64,56
15,54,48,48,59
61,79,33,78,14
86,45,82,72,11
71,82,69,52,24
57,58,82,5,5
81,14,45,58,0
27,70,71,20,67
71,0,17,89,64
54,43,75,31,2
15,64,21,64,24
48,43,54,50,11
4,49,75,11,53
63,5,11,40,67
50,50,74,48,70
7,86,87,65,5
23,13,13,12,89
46,55,23,23,3
51,73,63,53,84
18,19,75,27,39
19,4,27,58,71
81,16,58,39,54
24,54,85,61,88
85,41,60,51,82
47,64,18,73,85
89,16,78,42,2
75,37,66,52,75
37,80,84,45,6
20,68,35,87,31
77,1,17,83,74
15,87,22,78,79
24,78,39,24,43
21,42,27,16,10
47,83,11,11,28
60,15,38,52,77
79,18,50,4,88
68,63,19,85,20
5,66,63,10,14
77,79,29,81,72
50,21,2,50,78
67,82,14,72,12
37,53,8,15,12
38,26,25,88,66
38,32,32,65,72
21,22,2,12,32
16,47,46,7,86
42,58,77,53,35
22,49,62,18,81
84,55,67,45,36
32,81,0,49,6
0,58,55,76,36
42,88,47,48,60
43,10,52,63,28
15,36,48,71,82
3,28,27,1,82
3,22,15,54,29
25,9,71,11,50
85,46,56,34,58
41,33,11,16,79
65,48,72,54,1
86,69,62,61,2
6,81,9,17,57
12,77,39,9,82
21,80,12,5,45
8,89,73,32,3
85,12,12,50,49
66,47,86,32,33
56,60,44,16,3
41,66,57,9,46
61,11,72,41,7
46,78,58,78,30
62,43,64,41,50
54,48,72,53,24
12,75,14,66,11
79,62,55,66,76
8,4,57,11,67
32,54,63,46,46
69,72,60,68,82
41,32,59,28,62
14,9,45,78,16
63,11,73,53,56
59,76,75,7,67
28,84,78,68,45
37,14,17,80,46
3,19,88,12,26
83,52,54,58,35
3,44,71,9,88
18,81,66,32,21
88,54,50,8,13
19,53,88,56,40
1,21,49,42,18
16,0,68,85,23
21,4,47,67,43
56,44,10,84,46
89,65,76,82,83
20,68,67,22,33
22,75,44,23,0
40,46,14,83,61
72,81,34,8,78
50,6,17,25,12
45,46,56,87,22
30,11,80,60,69
81,69,3,72,63
14,45,20,45,72
62,40,27,41,8
87,16,54,76,46
53,0,77,35,2
46,39,80,72,8
54,72,61,21,80
19,37,45,86,7
72,18,24,78,73
13,2,29,74,34
23,14,73,33,8
45,64,62,17,26
73,3,60,80,40
73,9,31,11,64
0,55,24,36,30
79,37,27,1,22
3,21,62,55,57
33,4,72,87,33
39,58,63,89,43
55,46,21,50,1
84,0,59,75,40
2,0,56,73,78
45,74,55,4,12
31,31,65,21,60
45,59,87,75,88
9,44,12,78,79
9,12,84,65,84
56,2,51,77,44
26,85,58,3,43
86,14,88,89,27
22,46,28,6,20
89,13,6,63,12
84,83,46,85,36
58,82,24,11,64
29,68,4,82,14
63,21,78,60,66
44,0,1,46,33
32,17,61,79,88
16,24,89,63,61
74,26,31,46,47
70,21,55,69,10
85,55,81,89,49
17,74,48,27,36
2,18,55,66,87
83,55,19,64,83
2,63,66,64,61
74,0,7,81,50
10,40,39,83,33
76,83,47,35,40
2,49,10,26,2
29,58,62,80,70
12,68,31,31,63
1,26,50,1,36
22,59,46,85,70
28,24,74,1,74
75,21,76,48,17
36,66,59,72,87
25,60,61,29,59
25,42,74,15,67
26,51,83,19,69
54,77,34,37,15
21,52,11,17,64
82,76,43,20,17
79,47,10,58,73
82,33,79,69,62
26,19,43,34,59
16,1,44,19,58
57,40,63,61,48
67,39,56,55,62
61,70,25,20,67
26,45,58,48,3
24,66,25,1,80
16,67,9,87,55
65,74,4,81,41
32,56,42,87,14
11,63,12,55,16
43,18,9,27,80
63,41,88,11,5
68,89,25,82,80
22,20,86,85,67
31,15,18,74,61
12,34,74,16,53
10,83,82,66,61
2,68,14,43,28
14,72,58,74,10
86,11,9,34,44
78,43,61,77,21
35,8,86,69,80
34,3,0,18,76
24,7,79,88,59
61,48,27,87,61
34,3,54,7,48
46,68,4,63,78
16,34,51,83,83
8,19,0,64,3
59,24,28,8,50
43,77,13,79,39
7,24,3,36,17
56,44,84,39,79
53,5,23,27,75
27,63,55,57,51
77,55,55,70,88
74,62,1,28,5
30,76,35,29,45
27,84,30,82,80
76,53,55,35,68
84,53,36,78,59
8,36,29,56,57
57,70,5,56,28
42,66,18,82,73
84,57,20,58,66
57,4,75,78,10
10,9,76,77,33
36,51,10,79,48
56,72,3,50,58
47,4,4,53,57
84,50,15,45,52
28,1,39,59,71
5,16,35,24,56
16,66,78,15,57
38,15,32,41,81
55,87,30,26,38
6,50,3,61,16
53,67,6,51,44
71,47,12,69,68
69,73,43,39,64
80,61,54,55,71
57,60,14,45,19
78,85,38,33,51
12,10,51,5,38
54,60,57,5,34
14,57,89,5,40
71,28,16,47,39
42,85,43,4,78
89,16,1,63,44
12,86,17,63,12
1,52,87,24,83
3,0,22,81,71
73,75,19,49,51
7,66,49,34,44
4,78,38,32,10
16,44,45,72,18
51,81,19,64,42
35,16,34,18,71
45,56,6,20,42
58,33,6,23,35
52,15,33,56,89
65,75,26,71,31
73,13,45,44,55
53,79,50,83,26
88,21,19,57,82
31,26,55,38,64
36,69,31,78,44
84,40,28,77,78
56,74,44,29,33
4,51,82,51,39
30,81,88,83,65
69,54,24,32,71
49,43,39,0,50
33,68,56,6,20
24,57,49,39,71
14,21,5,38,25
69,87,84,86,17
64,11,35,38,2
36,31,4,55,36
25,68,39,80,74
80,42,77,25,38
23,28,61,9,22
32,78,57,28,87
18,25,83,85,73
52,89,80,2,32
84,8,9,27,81
61,64,23,88,44
46,56,8,27,79
47,63,36,45,64
1,36,72,86,0
60,66,63,59,40
25,66,86,3,75
12,48,71,53,36
59,20,51,14,57
60,43,24,50,38
17,34,60,81,21
54,89,74,23,57
61,3,73,16,88
87,44,53,57,75
83,67,26,34,26
45,10,13,68,85
16,52,5,22,5
14,43,61,10,0
6,65,15,42,30
67,26,46,46,89
6,86,25,49,30
46,23,59,15,37
20,13,43,58,30
49,29,15,32,68
33,26,24,53,78
16,34,0,60,22
44,62,18,32,87
20,10,87,82,22
59,8,38,27,7
62,67,70,51,26
17,61,15,50,22
34,12,52,39,29
19,73,85,45,29
4,26,31,71,29
56,74,31,51,62
81,1,68,86,37
78,41,70,65,8
70,56,28,15,4
15,84,46,55,4
63,78,63,71,69
22,85,0,54,0
35,30,87,79,6
32,15,66,71,84
35,8,54,34,60
89,58,89,43,10
7,46,27,54,79
55,13,20,85,48
1,27,83,37,88
22,28,9,67,34
1,87,50,43,13
57,0,89,35,89
10,28,45,66,38
62,18,36,30,70
74,16,48,18,66
31,15,13,12,70
77,40,32,18,20
16,65,49,49,78
54,34,67,6,38
5,83,83,40,86
73,20,65,37,30
25,82,62,74,51
46,76,39,62,58
12,76,81,40,42
86,67,20,67,72
39,61,12,39,47
81,74,70,14,53
0,33,87,61,27
19,76,51,51,14
77,9,5,62,42
57,25,56,32,53
12,30,49,45,19
72,12,83,14,24
45,65,74,48,73
55,81,70,18,46
26,28,34,26,84
62,24,81,65,54
45,46,41,73,87
32,1,71,81,57
78,75,12,36,75
47,83,22,3,28
77,54,9,38,67
86,11,84,42,22
20,1,25,25,20
82,12,44,53,53
50,63,83,29,58
72,52,51,86,82
67,53,75,29,33
41,62,61,69,88
67,29,38,52,79
17,72,38,20,17
36,88,13,33,25
87,41,48,33,18
82,27,31,44,46
8,56,23,51,26
71,0,14,64,28
45,53,69,68,59
58,71,6,20,24
19,33,62,1,27
39,33,29,31,11
51,87,72,7,29
45,65,45,2,88
23,61,71,15,16
77,88,20,49,59
37,21,49,80,87
46,35,67,68,72
48,51,19,86,53
37,17,48,19,53
75,71,5,57,34
74,68,75,16,69
76,53,17,79,84
77,55,43,80,56
74,43,9,0,45
66,31,50,21,73
33,79,20,5,79
9,49,54,36,39
42,67,37,27,30
80,29,73,45,16
73,69,27,7,88
34,40,49,75,6
35,18,77,19,86
41,26,66,29,61
50,26,31,7,23
13,24,8,4,56
84,84,68,72,18
23,59,6,79,60
32,26,72,22,75
56,36,29,70,28
14,34,68,81,16
23,1,73,77,41
73,18,13,20,42
7,73,40,62,31
85,1,88,73,87
9,77,5,10,23
46,3,40,78,43
75,83,73,74,22
47,2,14,0,3
64,89,5,17,26
57,46,22,50,10
2,19,57,51,31
63,11,87,39,69
16,34,33,73,41
34,69,29,68,33
53,35,8,2,14
61,0,3,82,89
79,3,59,79,32
49,53,12,20,20
59,25,3,49,53
20,0,9,14,42
45,23,68,22,22
43,26,13,24,88
39,79,37,29,84
59,24,57,37,23
76,17,82,51,66
61,65,7,20,88
62,19,68,60,53
41,52,59,31,0
68,69,58,65,74
64,57,1,22,47
38,72,52,47,65
78,69,76,36,43
24,42,21,69,45
78,62,10,60,27
86,20,56,8,22
62,18,20,54,0
84,44,26,23,25
45,68,9,81,9
10,55,25,12,69
88,52,4,79,48
14,48,47,87,55
58,64,72,19,16
75,57,12,20,49
79,84,54,75,64
35,58,21,30,44
19,5,82,57,48
80,28,87,23,5
47,39,16,81,25
25,69,59,51,40
12,47,39,38,8
66,4,24,21,27
43,83,65,41,59
21,30,19,61,12
31,33,40,62,76
82,8,27,38,58
73,66,0,49,37
40,45,3,71,14
82,35,68,23,78
31,64,44,7,65
84,86,40,74,62
72,70,16,42,25
50,10,3,36,80
68,0,33,14,3
3,49,42,75,74
84,3,42,11,70
16,23,67,73,47
24,5,58,24,85
10,82,24,36,16
76,23,82,57,86
20,10,3,25,55
43,26,46,69,9
67,79,62,21,12
56,52,29,0,80
81,60,23,16,39
65,39,2,28,72
83,77,65,35,22
46,88,4,72,50
18,63,2,28,48
62,5,31,79,74
15,19,85,63,5
3,13,88,53,77
60,19,26,17,40
8,79,81,3,12
39,9,27,52,35
78,65,41,32,68
52,19,42,73,35
85,56,49,3,36
36,17,33,7,44
5,34,68,36,34
66,33,75,26,66
66,19,31,24,72
54,70,51,1,56
10,24,14,42,25
32,80,73,38,29
36,63,29,63,4
40,63,49,13,82
80,38,60,4,49
52,12,71,77,67
75,26,29,32,6
60,23,30,45,87
82,7,76,74,57
65,70,59,11,61
71,3,53,0,78
32,10,7,44,16
34,89,57,32,28
37,63,46,66,32
71,67,2,16,30
85,73,75,88,47
39,77,80,3,63
23,4,11,78,27
73,82,20,78,69
21,85,16,65,34
89,75,40,85,49
33,21,1,66,43
47,33,37,76,37
67,57,64,29,53
52,41,18,16,1
88,4,83,5,3
37,58,26,24,89
29,9,34,56,81
28,39,20,15,61
51,61,51,51,78
25,16,32,87,20
19,55,79,34,36
17,45,58,84,32
36,87,80,38,53
43,50,16,12,72
83,31,43,31,51
51,73,37,32,65
78,57,73,71,20
60,80,48,41,63
4,62,19,5,26
29,87,83,40,65
0,56,51,22,74
9,33,89,20,17
29,11,50,9,53
22,46,30,14,77
30,35,72,54,42
0,41,19,78,19
66,89,37,24,69
78,74,55,48,78
32,66,31,17,25
51,20,86,39,14
81,48,8,27,41
9,15,20,16,71
37,55,5,36,10
53,19,30,82,10
57,18,52,38,44
14,8,33,24,52
37,1,27,38,30
15,65,13,5,17
41,5,86,18,72
26,84,16,19,82
13,82,22,82,31
47,53,47,61,25
78,63,18,15,30
22,55,74,30,9
5,74,39,9,69
37,18,83,55,79
78,33,9,25,57
60,50,85,31,60
74,23,88,81,7
62,8,21,24,26
44,31,54,41,80
29,32,38,57,2
74,48,89,2,15
39,36,75,82,31
8,6,41,54,2
42,42,45,39,13
52,20,43,44,50
46,21,20,70,43
0,24,40,36,79
73,78,52,41,75
51,5,40,48,74
83,21,32,10,67
22,78,35,50,66
22,63,80,78,16
83,34,74,52,13
39,22,73,21,54
11,48,51,29,46
24,39,67,43,43
54,74,9,31,5
10,49,77,56,15
4,76,6,62,70
36,47,75,1,31
27,35,79,80,43
60,55,84,63,48
49,44,23,88,62
10,68,69,10,14
77,48,29,19,84
56,63,60,21,88
44,72,76,73,52
83,64,3,71,2
56,33,2,71,19
8,2,12,59,3
68,55,66,13,85
21,8,83,31,77
48,9,35,21,5
13,39,21,69,4
18,25,75,6,13
2,51,48,31,18
50,23,74,37,21
74,89,76,85,30
62,10,46,39,25
34,20,31,10,6
24,64,15,78,48
2,62,60,61,88
62,76,53,65,23
55,17,4,63,26
5,38,43,32,21
47,53,29,74,35
80,89,35,88,28
27,42,87,6,52
14,46,20,7,35
37,70,2,44,70
73,78,46,1,11
84,64,62,62,23
39,59,37,12,83
65,35,87,21,38
57,58,36,40,58
60,47,14,31,29
88,26,38,34,73
61,6,51,51,30
37,63,64,43,52
26,62,56,59,87
39,20,88,46,81
82,49,52,35,3
51,29,31,26,84
36,63,9,50,51
65,61,77,87,5
89,16,29,45,71
0,33,56,40,0
65,43,58,77,70
31,39,72,56,43
42,86,77,52,28
44,84,85,43,37
54,43,85,5,70
6,16,47,60,30
89,68,7,62,84
72,45,64,48,53
67,52,3,77,58
40,41,32,9,71
82,1,49,2,65
2,21,72,18,69
66,21,30,49,43
6,44,4,2,11
20,26,61,35,37
18,6,52,62,65
10,83,64,6,40
38,38,68,81,17
50,3,88,70,45
68,21,59,77,53
55,40,51,58,17
41,61,77,43,7
4,58,8,37,67
54,11,31,17,68
2,88,19,73,16
50,17,13,75,23
43,19,59,75,30
71,34,57,15,5
38,55,81,84,38
14,65,82,27,10
71,65,0,76,23
45,43,62,30,82
49,50,56,4,42
52,11,71,35,80
4,47,88,48,77
35,66,43,2,85
59,12,22,34,30
41,50,77,88,43
2,30,29,57,59
76,40,17,4,66
19,80,81,14,80
76,44,43,3,13
50,20,74,17,70
52,20,20,41,34
65,73,68,74,41
37,29,86,37,62
57,86,38,52,42
77,36,52,13,73
56,2,66,66,32
69,73,45,2,41
38,77,88,57,0
64,52,1,72,43
20,64,59,69,38
71,78,21,69,56
60,78,81,42,40
76,82,38,49,41
85,37,17,75,72
2,13,14,40,87
39,88,66,36,60
78,77,50,59,23
48,48,2,33,60
33,34,15,14,12
14,18,54,27,40
62,23,2,27,12
27,31,72,38,87
39,79,70,84,61
16,71,23,22,11
4,7,22,85,7
61,31,61,59,7
53,15,35,28,70
16,9,68,12,63
3,54,41,44,49
14,81,35,27,30
49,84,42,81,71
89,52,34,88,77
55,58,15,36,74
61,65,53,44,56
26,36,46,22,48
3,17,60,17,83
48,9,2,62,69
86,9,58,1,67
8,5,60,25,31
86,80,30,52,5
2,85,69,56,75
18,65,71,27,32
83,27,16,3,34
84,63,82,61,51
69,24,34,51,78
40,87,32,4,60
48,66,52,8,85
25,17,27,16,53
81,41,71,15,22
0,87,69,62,15
68,5,22,28,28
44,74,69,0,10
62,41,69,19,24
17,70,28,38,18
79,40,10,58,29
36,50,80,26,1
6,11,44,44,41
65,78,68,16,51
67,42,81,10,40
3,18,12,15,85
73,23,7,37,34
67,47,26,73,39
64,28,47,51,48
24,0,18,80,65
27,18,9,85,21
57,53,4,36,78
42,68,9,66,43
29,59,55,89,80
3,85,25,63,14
13,21,55,82,68
20,67,68,44,29
17,79,79,52,87
81,5,48,58,79
17,80,52,41,20
77,65,10,53,4
77,36,77,89,38
82,28,55,16,72
46,56,78,32,40
60,7,45,74,8
67,44,26,5,30
68,88,52,74,42
0,22,79,9,72
59,17,36,55,83
20,10,44,83,37
55,37,34,54,23
56,2,77,10,11
88,11,64,50,55
26,35,4,40,52
28,16,54,76,28
53,73,77,72,1
28,72,42,19,17
14,34,14,88,73
40,4,17,87,14
48,47,20,70,54
70,32,59,44,73
40,7,17,4,25
2,49,9,78,77
15,71,35,82,62
17,60,70,44,6
83,41,35,37,83
10,39,77,36,89
19,18,15,21,70
29,54,82,89,22
32,6,76,25,65
28,45,23,64,5
30,12,40,56,54
37,4,19,27,22
20,72,24,19,21
85,32,18,54,42
49,2,38,27,12
21,0,58,22,38
66,79,10,26,76
35,47,72,28,40
83,9,46,33,73
79,57,39,83,35
23,63,67,77,20
30,66,48,65,9
83,71,24,65,24
60,31,61,53,25
33,13,17,62,88
68,55,66,18,43
83,62,75,40,69
15,81,72,10,86
60,64,22,58,43
17,84,84,31,64
64,88,80,27,21
51,1,25,66,68
77,57,38,6,41
6,17,34,58,13
30,83,72,4,65
52,14,0,57,65
88,56,56,53,32
1,26,41,72,58
50,53,87,52,66
29,0,55,47,72
83,61,35,11,16
40,75,17,8,7
51,54,22,64,69
34,41,68,88,1
44,12,10,0,38
74,21,70,71,27
41,22,35,22,28
74,9,33,9,2
28,3,49,10,63
66,31,49,44,5
40,56,12,48,3
25,64,74,73,69
48,21,78,58,40
82,18,9,77,28
12,65,14,32,1
28,86,22,58,76
9,1,11,79,53
68,77,29,30,42
56,56,43,54,64
69,24,79,41,36
78,88,50,78,64
40,39,79,43,74
7,25,55,4,76
26,57,0,88,54
20,63,83,87,79
13,0,47,26,68
59,22,83,76,74
8,13,64,75,67
16,31,76,54,83
71,52,59,58,13
73,77,28,73,81
67,10,53,85,77
47,40,61,62,69
16,65,18,79,31
45,82,1,80,81
30,63,88,30,65
41,3,59,55,59
80,35,28,64,46
87,35,67,39,19
20,85,37,56,89
32,76,33,54,46
4,38,60,10,44
59,84,86,56,61
89,15,57,16,53
68,39,74,80,73
65,27,83,47,39
45,66,7,34,66
72,54,11,37,53
30,87,4,66,30
71,12,62,47,77
22,69,75,60,60
65,46,78,54,5
4,15,5,67,47
13,56,32,12,2
84,72,46,29,43
38,38,5,56,71
3,38,23,37,17
24,23,59,52,42
45,74,78,49,59
13,30,73,73,61
23,85,0,86,74
19,21,82,0,46
7,44,78,34,6
72,6,6,67,15
42,66,36,26,0
19,45,5,61,44
36,49,56,80,7
8,32,13,10,68
60,84,72,58,18
1,34,41,58,82
32,70,67,24,26
45,1,84,71,19
12,46,20,77,30
89,9,84,14,8
44,85,9,27,48
77,47,54,69,44
31,47,22,7,62
43,18,49,44,13
65,11,22,85,82
62,73,57,21,74
59,56,66,18,85
19,60,61,80,52
38,82,0,78,47
8,64,2,0,74
6,83,41,44,29
74,33,64,67,48
20,52,20,74,30
45,80,19,54,75
84,88,31,87,25
80,83,15,73,29
29,22,79,84,66
74,66,9,9,6
53,79,61,18,74
87,88,57,63,36
14,34,55,49,83
26,0,37,45,82
0,55,5,46,4
1,2,48,27,78
71,35,32,5,49
25,86,82,25,61
43,34,45,40,28
64,4,21,11,29
14,58,86,45,5
34,88,21,4,19
25,44,55,15,80
75,26,13,18,39
24,47,12,53,1
3,8,11,88,10
56,49,72,62,23
86,67,52,25,43
32,24,50,16,79
35,81,24,15,23
4,51,40,6,48
3,13,51,43,79
2,83,38,43,61
7,55,23,57,85
48,60,54,78,18
27,47,29,82,12
85,80,33,41,27
13,11,52,32,47
72,37,76,68,75
74,34,76,1,59
70,9,16,14,26
78,57,22,27,15
46,79,22,86,71
15,75,78,45,53
51,89,89,46,70
77,7,78,33,42
30,20,47,32,37
35,55,37,84,7
48,40,14,34,49
2,6,49,76,39
9,78,89,10,22
70,46,66,86,12
55,17,79,39,62
42,20,57,82,26
52,33,24,17,80
5,63,75,48,72
62,82,12,26,41
46,34,68,73,37
9,54,20,25,89
79,15,76,39,69
60,48,75,89,23
17,50,22,77,23
85,69,54,21,67
2,62,70,48,41
15,35,59,88,6
60,30,32,74,8
34,9,66,1,44
5,9,12,46,72
14,62,83,68,25
56,32,43,79,2
28,89,30,23,33
45,7,0,82,59
64,8,53,48,32
45,16,2,43,42
34,41,35,45,88
40,9,63,26,16
38,66,48,52,14
85,61,70,41,69
22,2,3,18,79
42,89,45,50,83
66,3,7,85,35
31,89,57,16,12
33,3,50,39,62
89,24,42,23,43
64,35,37,39,0
12,44,10,83,25
81,88,33,12,41
30,33,54,74,1
46,22,52,31,25
67,56,4,3,2
27,71,57,34,3
73,77,36,36,80
81,42,61,17,27
40,70,89,6,68
39,38,16,34,55
34,37,74,25,54
10,31,89,82,12
33,45,7,46,86
9,37,13,53,62
75,3,61,67,76
68,3,47,47,53
77,81,1,10,25
77,74,8,59,51
21,77,73,56,1
44,42,54,84,59
31,17,40,41,82
89,74,63,70,26
67,27,60,35,36
49,35,23,83,18
43,1,80,37,52
7,8,48,40,49
88,62,48,8,78
42,62,55,89,54
4,51,57,33,38
49,22,49,63,42
74,68,18,40,62
47,80,22,10,80
47,45,28,48,42
12,6,38,37,83
39,23,72,30,25
74,5,75,73,49
48,59,55,71,25
34,87,29,63,13
22,14,82,2,81
45,57,23,85,14
79,7,58,36,5
64,44,46,20,56
57,58,28,36,1
52,85,68,65,72
69,15,76,47,51
9,55,6,22,26
34,36,40,7,29
79,53,13,80,74
53,59,37,77,17
60,12,0,78,5
12,88,89,46,85
41,70,54,65,36
36,14,55,1,49
18,52,7,59,42
46,71,39,84,43
25,72,44,63,65
6,27,34,49,28
5,57,68,3,25
1,81,18,8,26
16,0,58,34,6
14,1,28,66,54
40,66,53,54,28
13,8,7,86,61
55,17,48,76,48
25,56,82,16,7
81,14,14,25,78
31,13,38,82,72
77,63,87,38,60
28,13,37,10,70
68,62,32,35,63
70,85,18,20,15
39,43,28,83,75
19,82,33,45,21
50,68,4,80,43
24,8,37,66,43
22,31,9,40,89
81,71,8,56,81
26,2,2,68,86
89,33,66,74,21
53,5,18,37,35
16,23,11,4,78
10,81,2,61,82
75,24,73,40,43
21,74,66,20,29
13,45,14,59,43
14,36,55,30,39
44,51,60,34,0
88,74,48,67,37
19,52,42,60,14
78,38,9,58,47
61,84,69,24,1
75,44,46,63,50
34,79,10,24,13
64,67,86,12,15
57,21,67,89,6
75,80,0,1,45
1,30,52,16,63
25,5,50,40,17
22,30,38,51,32
65,49,4,66,11
56,56,18,74,25
26,51,56,21,49
17,35,11,69,63
53,22,34,10,79
3,31,65,28,57
9,86,16,81,36
61,73,49,89,13
49,52,81,69,23
49,43,16,76,68
73,29,26,38,57
34,0,65,72,25
33,87,52,36,23
15,48,29,3,14
9,62,6,43,30
24,52,27,34,7
71,40,44,59,79
89,53,30,22,27
39,6,49,79,60
43,29,36,66,44
4,3,9,78,52
77,20,87,81,25
87,4,16,8,74
67,45,0,2,76
64,13,8,77,72
50,6,64,4,27
40,88,78,2,84
75,13,83,38,8
40,4,32,84,75
87,41,4,50,29
45,38,13,33,32
7,0,5,49,4
68,41,47,82,47
76,14,1,5,24
85,56,23,33,34
87,56,11,72,51
42,71,20,3,34
1,51,21,53,62
52,79,69,63,33
46,30,23,58,1
51,73,66,86,27
13,18,38,85,21
9,38,6,28,18
54,60,3,28,14
24,0,10,3,55
84,24,54,41,85
23,17,55,4,68
9,70,22,12,89
86,28,49,3,64
17,41,10,69,47
43,9,82,22,28
16,38,12,27,33
7,44,38,77,64
37,79,49,46,22
39,52,78,77,78
56,46,31,80,10
25,71,23,77,88
16,31,68,60,71
54,12,86,82,48
62,86,76,69,41
49,54,63,8,7
17,88,63,53,78
70,55,34,4,55
36,8,75,66,34
6,82,79,85,86
62,88,83,21,60
85,70,52,23,35
53,12,27,43,16
81,40,75,84,32
45,89,0,47,46
33,23,54,38,22
68,11,84,69,87
26,62,18,78,20
81,3,57,21,27
74,82,53,87,87
35,77,21,37,59
24,58,74,61,83
23,3,1,48,63
37,4,9,70,47
36,83,66,38,2
53,4,2,28,81
77,66,64,14,42
24,12,71,33,49
54,42,51,73,49
61,88,28,18,50
22,39,13,39,47
71,47,85,48,87
18,4,88,84,57
21,42,64,54,8
58,48,88,22,3
69,72,16,25,87
36,0,63,41,85
76,74,87,89,87
17,87,28,51,79
87,74,57,65,8
6,75,78,44,73
83,22,4,6,88
31,44,27,36,58
69,23,13,59,2
87,89,77,29,5
19,50,39,48,73
7,29,58,86,27
78,62,61,68,88
13,28,66,40,52
67,47,65,85,24
29,88,74,82,19
74,16,7,15,67
7,70,7,56,87
31,82,12,80,20
39,15,43,41,25
49,35,71,34,56
51,66,33,1,7
55,47,75,29,6
0,74,66,86,86
27,71,17,55,58
19,21,63,75,39
12,35,76,75,47
75,7,84,48,67
83,18,1,69,12
19,76,52,86,7
34,82,30,58,60
17,16,56,61,75
69,72,83,14,57
37,18,35,85,45
32,56,32,54,69
66,55,57,30,56
45,15,45,87,85
42,51,2,88,34
54,59,75,14,34
82,50,63,18,50
16,5,1,36,62
54,50,60,82,13
81,76,84,17,17
80,28,81,63,76
29,82,50,56,46
57,83,21,5,83
43,59,20,0,41
50,3,28,4,66
1,79,7,82,35
87,45,34,57,56
31,6,4,38,47
7,58,28,65,65
41,26,54,29,84
62,47,71,60,37
22,25,48,64,88
59,11,14,23,49
29,5,14,73,72
81,45,46,87,31
3,40,89,2,55
4,8,89,61,5
57,74,48,14,2
86,51,34,68,13
43,3,76,33,88
35,3,21,68,26
67,23,87,7,40
13,12,7,12,87
43,28,26,89,9
40,7,62,12,6
1,65,53,85,41
29,50,2,4,66
88,83,57,62,0
52,2,87,32,4
16,27,11,60,16
31,68,59,73,70
9,4,60,7,46
28,19,82,75,84
32,54,57,22,69
59,51,35,22,61
41,89,69,38,81
42,79,63,85,88
11,55,1,63,19
2,36,33,67,63
35,28,82,89,59
64,83,26,9,6
29,29,57,73,32
24,27,67,71,27
41,56,16,1,72
17,82,65,6,63
26,32,34,59,17
72,85,86,31,43
2,65,36,62,43
87,55,12,24,73
31,77,52,69,74
62,15,53,70,19
13,81,0,72,89
4,13,11,3,59
38,11,42,84,75
61,25,88,58,38
38,19,9,39,67
58,17,88,23,81
62,0,3,55,76
25,19,69,68,3
9,37,63,32,30
55,36,33,14,63
51,81,61,2,89
61,19,62,68,32
13,22,86,28,67
46,9,7,29,88
35,38,40,35,38
49,72,5,28,1
43,69,24,41,36
55,53,65,71,7
20,11,46,18,89
37,74,60,13,67
19,15,33,79,67
22,42,9,13,0
37,61,69,28,68
61,40,27,3,77
88,33,17,33,55
39,89,52,60,55
42,51,42,9,0
14,36,6,51,10
10,65,63,43,74
42,59,24,3,9
88,24,62,61,34
5,83,10,74,45
57,14,57,25,60
70,54,16,32,8
37,15,70,81,50
80,48,86,28,61
16,10,82,38,79
55,75,9,32,3
66,41,60,57,56
67,28,1,38,88
51,62,43,68,83
21,84,16,47,44
16,75,86,21,86
61,58,29,59,67
67,60,87,77,27
3,67,61,6,19
10,64,56,64,30
60,77,50,17,50
34,34,35,54,35
13,71,85,23,76
25,53,15,5,33
13,51,72,59,17
60,76,73,84,32
13,57,14,47,7
24,20,73,73,86
40,67,68,9,60
31,64,68,50,56
67,3,84,1,1
74,14,43,29,84
63,32,10,41,2
43,15,7,53,71
34,10,12,6,6
7,59,71,10,18
43,42,26,46,46
82,19,72,65,6
69,18,19,3,80
56,7,43,26,9
76,46,48,25,28
89,79,5,3,77
27,26,88,74,83
2,45,26,4,54
24,12,67,5,20
41,77,54,86,52
9,65,74,34,83
88,44,47,30,72
30,27,64,20,47
73,75,27,85,81
58,3,58,10,51
17,51,47,51,52
30,14,38,71,73
64,32,29,63,49
29,89,58,35,46
66,53,65,28,7
7,48,38,64,7
52,21,43,66,40
9,53,36,5,24
29,3,76,22,72
2,84,35,32,75
13,19,5,62,53
78,76,32,22,29
32,57,44,79,12
26,18,3,16,88
27,52,38,78,85
82,43,46,49,23
67,83,71,5,81
85,38,74,24,46
42,78,58,26,47
26,84,53,61,71
65,10,16,69,30
85,79,46,45,16
49,84,5,71,71
2,76,68,6,28
18,18,26,18,41
72,44,34,63,10
55,6,37,11,42
5,42,39,85,84
72,55,43,48,18
67,70,11,28,30
8,28,20,2,67
6,5,55,65,75
56,3,79,19,17
72,32,86,42,82
65,24,88,13,39
78,84,54,53,79
44,21,83,35,40
81,73,59,21,55
41,43,22,6,48
23,52,35,60,7
37,82,34,44,41
13,61,27,75,57
80,1,46,74,51
47,55,13,40,6
4,12,60,20,68
41,38,58,22,38
58,88,7,16,82
22,0,52,52,66
81,75,2,11,26
85,65,80,67,39
33,13,23,0,84
73,70,8,86,23
32,28,29,75,46
53,2,71,42,60
44,49,57,16,13
77,18,53,83,53
51,56,65,17,78
31,5,38,53,80
15,85,18,73,2
21,84,38,7,69
18,17,64,27,86
62,40,28,51,65
38,88,66,25,80
0,35,29,49,78
36,82,31,41,39
81,20,28,11,40
60,29,37,66,77
61,77,87,54,30
57,1,53,54,33
59,27,66,81,73
37,82,42,79,75
2,64,55,1,75
19,42,79,35,25
45,24,38,38,20
3,74,79,28,45
55,77,32,29,41
14,82,26,3,14
78,49,54,59,2
48,27,16,67,43
85,75,71,0,16
6,58,41,16,5
17,21,75,27,7
5,71,60,54,57
34,49,84,49,6
61,50,50,60,62
61,71,78,61,87
13,66,8,5,14
18,81,48,55,52
31,59,2,1,50
82,52,64,10,69
59,33,34,78,32
53,61,20,36,22
32,28,40,56,52
83,68,59,42,72
5,46,0,68,20
7,87,73,21,6
21,47,86,45,36
48,44,75,81,6
33,56,25,78,10
14,18,76,62,0
51,88,18,14,30
63,12,34,74,22
88,33,42,11,55
66,12,27,55,64
61,8,48,84,89
55,75,32,87,79
49,73,67,59,45
76,4,84,69,44
15,33,52,33,31
67,23,42,41,28
39,37,13,36,0
59,77,10,47,41
70,6,52,60,48
74,67,9,27,65
67,29,73,19,84
45,65,2,43,27
45,59,53,6,26
7,22,48,3,11
31,14,24,23,11
53,11,77,31,15
64,52,21,52,55
73,29,47,41,6
32,81,62,49,11
50,54,60,22,48
88,34,58,10,37
38,83,12,14,20
39,23,14,43,18
37,49,63,71,38
77,43,7,8,54
81,0,86,33,47
73,46,28,18,19
67,28,88,65,20
35,75,25,32,25
46,87,32,2,18
29,19,5,70,8
33,44,78,51,68
35,25,50,74,29
3,21,69,7,64
78,22,26,3,38
70,79,78,70,45
37,47,38,66,74
8,11,65,61,83
48,32,13,33,68
88,0,16,66,53
5,35,88,50,80
4,23,65,75,38
14,84,38,48,89
10,60,57,56,36
25,67,4,16,21
73,63,23,4,33
5,17,53,82,84
9,34,86,19,7
0,73,75,68,85
16,13,33,14,48
3,63,80,55,36
15,38,3,16,17
5,39,52,85,42
72,60,45,62,68
27,6,43,58,55
89,10,10,41,52
62,32,48,29,10
32,28,19,5,6
70,41,57,74,11
7,82,71,54,18
53,68,58,57,41
6,49,2,53,78
45,1,26,20,54
28,48,9,64,37
11,76,45,38,48
18,61,41,36,30
54,79,37,63,30
45,19,57,75,69
72,40,60,86,56
45,37,4,66,86
44,16,27,38,33
68,82,54,6,1
2,66,58,5,22
73,4,68,9,72
68,88,35,50,88
31,32,33,70,41
80,49,48,5,33
74,34,41,43,64
20,54,60,76,74
67,79,64,82,37
21,43,14,17,43
16,14,69,65,48
43,9,3,80,75
1,62,45,46,1
33,88,75,20,36
20,86,1,77,68
62,34,82,5,7
59,69,30,89,77
8,53,3,51,58
33,65,2,14,62
41,77,25,12,15
24,25,2,41,79
85,20,12,2,66
57,58,76,6,79
18,29,1,36,39
46,40,9,60,88
2,79,23,79,36
56,57,42,87,38
9,47,23,59,48
89,20,77,27,50
52,40,81,2,33
32,9,60,81,3
85,42,15,39,18
18,12,88,53,0
27,71,48,72,50
58,53,81,87,7
20,34,60,77,28
74,42,34,3,37
44,35,81,42,74
13,75,78,46,49
76,87,62,76,66
64,80,83,70,56
56,72,49,71,72
35,22,35,16,23
53,63,1,69,46
32,68,76,31,6
25,39,4,33,42
4,69,18,78,10
56,4,56,18,76
67,15,78,25,1
13,54,85,1,21
77,42,20,59,13
34,24,40,9,13
86,17,72,85,24
29,29,34,9,32
5,53,43,54,19
21,27,59,1,43
59,59,59,78,58
26,42,37,60,20
44,19,32,1,41
82,77,86,18,54
40,65,10,46,25
27,81,86,74,7
7,30,5,55,51
69,9,36,57,38
0,55,3,9,80
46,32,3,26,74
61,68,75,80,17
49,64,52,10,83
68,13,70,0,46
52,28,62,29,55
30,35,48,82,52
20,86,23,41,78
4,69,6,9,63
22,29,29,51,29
68,58,73,7,30
80,39,70,67,48
57,30,2,34,19
70,35,58,60,66
42,8,86,9,60
46,46,35,10,50
15,81,61,47,88
42,65,0,49,43
3,68,84,89,60
9,0,19,63,23
46,1,78,72,69
34,18,69,83,18
29,21,35,5,18
32,25,52,18,75
0,2,53,2,61
4,0,14,79,48
57,35,48,5,55
39,32,2,30,14
85,42,5,66,64
47,18,28,89,50
56,32,14,64,14
6,84,50,12,10
16,35,88,37,83
16,26,50,21,89
44,41,82,75,6
34,26,48,38,89
49,59,17,63,31
78,5,78,66,3
66,33,82,72,29
74,16,46,57,14
28,69,22,23,11
37,25,27,41,12
57,24,70,71,80
83,52,89,16,68
43,27,52,54,63
62,85,65,8,30
15,67,68,27,58
19,7,53,39,19
15,84,15,80,85
28,74,46,39,11
74,89,38,74,39
84,20,64,9,25
42,13,4,60,6
41,6,79,73,12
36,87,75,42,63
19,32,20,85,82
80,36,27,63,70
13,86,62,67,65
54,40,64,65,48
2,37,32,13,38
23,44,43,55,50
77,77,43,73,19
50,64,2,67,43
52,3,46,44,36
43,51,80,68,36
46,21,11,87,80
87,10,48,82,73
83,64,74,88,48
53,39,62,74,72
88,45,45,51,2
51,59,71,62,6
77,3,47,80,56
4,62,14,36,80
77,84,40,74,52
74,85,89,82,86
64,40,6,71,33
17,25,7,54,12
60,80,80,39,0
39,7,36,15,54
55,41,80,89,77
43,47,4,15,46
13,57,34,0,5
85,20,74,84,1
5,50,24,35,77
39,57,15,73,20
16,52,88,73,19
30,12,23,58,33
49,67,3,40,74
19,36,14,8,44
62,79,88,79,22
60,62,17,70,43
22,61,62,75,33
44,70,31,84,62
52,17,9,89,44
38,42,73,78,75
47,6,18,54,71
65,53,83,35,51
0,44,44,84,50
30,88,14,56,40
35,42,24,69,58
65,9,19,0,21
10,18,41,68,41
61,70,70,75,86
27,68,48,10,1
25,74,36,26,24
1,40,22,54,50
80,25,18,0,89
82,64,29,45,28
5,7,26,29,32
10,41,6,24,53
56,71,36,38,73
35,79,36,53,5
38,64,55,85,82
67,53,19,69,0
81,47,18,79,17
76,8,39,9,56
45,17,26,63,22
25,56,39,4,65
56,6,21,28,35
72,55,83,38,27
79,31,50,23,28
79,29,3,65,9
75,81,26,18,12
33,14,20,28,33
23,37,58,19,35
58,1,2,45,52
40,48,68,72,44
85,86,4,35,11
15,54,61,58,29
16,44,10,46,0
79,22,38,86,24
8,86,32,4,47
5,44,32,81,48
83,19,39,29,50
54,36,76,13,83
65,57,15,69,49
28,22,59,67,31
34,68,53,52,49
48,8,36,21,71
26,28,23,39,56
53,19,28,77,36
72,51,46,5,16
8,55,4,87,56
79,7,29,41,34
15,85,0,29,34
70,56,82,79,55
87,4,24,13,5
67,29,75,70,21
66,68,89,78,66
8,47,4,76,75
20,12,2,8,1
60,2,14,48,10
39,44,31,53,60
19,85,42,37,85
66,6,25,75,5
57,56,66,13,79
46,52,88,73,73
7,24,44,56,20
69,51,34,66,52
89,86,12,4,30
48,59,79,83,6
59,66,89,48,62
72,44,17,13,18
11,38,58,44,61
53,63,4,81,9
29,46,67,75,24
85,49,32,23,78
16,67,13,1,74
76,88,70,39,48
32,23,68,16,27
23,39,55,6,14
3,62,47,5,86
79,4,17,68,46
29,68,26,45,22
12,39,0,35,67
10,56,15,64,20
26,54,78,81,56
55,26,40,18,0
79,69,59,13,39
34,37,20,10,19
34,26,76,10,35
30,54,34,73,3
15,46,84,28,68
61,8,0,51,22
27,24,87,41,21
87,28,55,72,75
4,68,43,68,70
86,50,34,69,21
64,26,72,37,46
22,36,39,87,16
56,74,58,65,89
86,60,80,37,24
57,85,9,3,40
4,21,15,87,12
40,6,55,54,1
40,13,27,43,62
72,72,41,72,20
16,2,54,73,80
17,50,89,49,13
73,53,10,6,19
11,4,68,63,12
0,23,8,11,2
45,40,82,65,2
29,63,81,30,20
22,27,62,39,63
48,23,2,48,57
0,66,17,48,47
27,79,74,60,69
49,47,64,2,68
82,86,64,45,17
21,16,66,57,32
69,79,88,71,19
49,86,22,87,12
62,11,86,6,61
73,12,27,62,84
86,66,86,87,78
57,39,70,41,21
26,37,88,82,73
52,2,78,6,50
47,44,14,83,53
64,89,6,39,57
46,83,80,6,55
47,68,9,78,28
75,18,55,39,34
1,54,76,22,43
48,59,32,64,44
55,83,12,80,29
27,68,34,84,67
34,26,42,35,33
62,81,7,86,6
38,35,17,81,2
70,33,63,25,49
25,57,50,27,70
54,21,84,51,44
33,86,71,16,58
35,68,34,64,60
55,9,55,64,7
19,57,33,32,40
18,20,70,16,10
68,2,49,77,73
61,65,18,1,14
3,32,7,47,78
32,42,2,68,41
1,76,77,84,68
54,86,28,25,60
51,55,58,12,46
57,76,57,2,61
5,21,76,70,88
67,61,77,12,68
57,62,5,2,5
47,25,9,11,4
45,60,64,4,54
87,67,23,23,79
68,42,23,13,50
54,57,14,83,84
69,20,85,43,41
25,7,6,84,29
8,24,81,21,65
66,81,89,46,83
15,87,84,73,64
47,51,6,51,56
36,27,47,82,72
84,58,24,22,76
17,14,59,82,22
79,37,33,24,83
36,49,52,53,77
53,49,53,3,36
22,53,48,31,81
64,20,74,59,68
54,51,53,61,66
86,63,44,66,87
41,2,57,10,10
46,67,13,3,13
47,79,85,43,12
70,15,71,16,51
13,89,69,25,41
79,7,27,66,25
45,64,24,83,19
30,55,69,48,62
20,82,44,18,45
18,76,48,76,18
2,89,59,75,48
24,67,0,64,30
83,34,55,82,67
89,11,56,52,27
55,68,82,11,3
43,8,52,79,62
69,16,11,72,14
9,47,39,70,40
9,11,25,89,16
47,73,22,9,58
78,47,29,42,41
47,81,6,66,55
63,31,79,69,14
46,81,26,81,82
51,12,67,20,60
48,20,89,71,58
69,81,67,39,89
12,69,89,47,73
69,40,45,35,51
81,27,55,30,16
74,34,62,59,35
49,3,73,32,85
31,14,40,12,76
22,26,33,0,57
26,42,42,68,77
61,47,38,84,38
84,48,77,18,9
11,26,8,33,36
73,64,16,29,67
14,0,44,25,60
74,37,21,20,80
62,37,4,10,1
23,80,36,80,56
71,85,26,72,4
68,31,22,5,49
12,84,83,53,74
65,11,76,71,65
84,17,70,89,12
85,51,14,10,46
45,22,44,43,3
73,18,35,86,27
26,20,73,2,88
58,4,14,23,76
64,45,38,1,38
70,40,46,33,44
20,55,86,83,86
6,36,20,64,66
74,34,70,57,53
20,7,49,13,46
80,63,0,36,14
74,86,31,41,52
68,60,39,89,7
52,78,16,15,87
59,27,6,79,60
34,65,37,3,2
23,67,45,4,44
63,73,39,72,20
18,24,71,51,72
74,46,60,65,11
10,64,46,17,1
46,46,13,2,50
79,63,21,40,68
82,87,2,31,62
68,43,57,5,54
19,75,10,11,82
46,29,81,58,75
62,56,70,7,24
14,48,62,52,44
33,5,47,26,20
56,43,21,35,5
50,61,79,15,45
4,25,22,49,64
26,25,72,7,24
9,33,80,51,42
15,20,69,56,73
84,40,63,19,55
86,80,0,2,33
60,17,69,9,7
68,45,68,30,60
71,54,18,31,25
70,84,9,33,74
58,66,88,74,41
88,49,21,57,68
61,83,19,57,44
37,83,32,48,72
3,20,48,37,66
14,44,24,62,52
24,85,54,73,17
70,39,64,80,0
28,0,20,25,53
4,88,47,9,73
19,57,75,2,6
10,72,56,75,31
2,7,56,88,86
61,71,34,27,30
3,28,59,79,83
66,35,34,56,23
74,65,15,3,5
57,61,15,20,14
31,58,85,35,10
57,1,79,88,64
54,41,49,82,67
31,10,24,57,47
48,80,49,9,36
69,42,77,69,16
62,33,86,41,71
23,58,37,11,44
84,64,25,78,9
27,4,39,25,33
36,69,38,35,26
51,60,57,79,89
16,11,77,43,49
70,61,16,19,49
53,43,89,23,28
13,35,46,74,19
41,34,65,10,45
82,25,76,37,46
27,86,48,16,19
22,41,12,83,50
60,44,74,51,85
88,40,38,53,86
29,81,54,14,56
60,70,69,35,75
48,82,82,19,25
42,39,77,0,66
41,40,24,27,87
45,77,70,85,2
48,52,4,54,8
38,52,65,64,33
64,52,29,2,29
21,83,54,75,63
22,12,83,23,31
61,3,20,83,14
68,22,55,15,77
70,85,27,23,56
42,70,18,64,42
76,75,57,25,80
79,65,86,13,44
11,62,30,88,58
70,78,11,55,62
71,23,1,58,25
36,58,81,79,41
59,68,78,29,19
56,41,54,53,82
41,13,46,43,49
85,40,74,18,3
29,41,87,72,18
54,49,41,35,71
5,38,60,40,48
72,15,6,3,27
9,40,37,55,75
0,7,45,43,58
69,79,35,64,22
23,31,65,87,31
75,67,56,34,49
86,44,45,35,65
22,71,9,71,53
41,84,56,46,38
16,2,1,41,15
41,63,33,11,77
27,13,1,5,3
18,42,45,20,11
71,13,78,24,57
72,84,19,9,17
4,78,30,24,39
89,31,17,70,6
24,58,58,85,63
20,76,0,50,58
54,34,73,70,29
33,83,23,50,79
71,84,21,78,78
3,44,33,88,29
48,85,85,68,5
38,35,17,40,36
74,76,45,79,27
61,81,75,32,68
30,11,67,75,14
63,74,86,50,11
3,42,23,12,48
38,14,71,49,88
66,1,32,26,81
47,40,33,9,0
89,61,23,59,84
78,23,23,83,82
72,35,27,89,71
21,8,22,50,44
39,61,53,7,19
63,5,16,59,80
3,53,52,71,66
60,7,80,84,56
33,3,26,13,77
46,32,41,7,73
58,18,70,26,46
40,12,25,76,50
83,73,74,6,83
43,45,23,38,32
13,52,21,85,31
30,47,26,31,85
53,32,7,45,1
55,56,71,35,10
10,76,23,77,9
68,63,80,31,45
53,84,33,61,26
79,62,2,76,61
77,84,78,81,78
11,70,5,24,21
39,52,25,31,74
48,84,8,85,60
49,25,14,80,15
21,8,51,86,16
10,14,78,71,29
43,71,69,52,50
62,39,36,84,18
85,81,44,7,48
67,7,18,39,37
72,13,80,7,10
63,7,28,64,38
82,31,86,0,24
12,64,59,15,2
14,3,3,48,18
87,82,0,55,60
41,24,13,87,74
40,55,51,31,52
49,64,46,13,81
52,13,67,67,14
16,1,71,73,15
72,40,88,56,37
29,49,80,1,63
83,51,62,58,73
19,6,70,5,27
18,84,60,62,1
26,41,19,46,31
86,69,85,9,13
23,55,5,4,30
55,48,44,3,35
7,85,30,68,57
8,16,48,6,2
62,57,46,38,86
18,30,45,76,23
15,15,76,71,74
14,83,81,25,40
3,45,42,30,11
39,72,40,57,59
60,5,9,77,87
89,54,6,17,11
16,70,77,26,16
39,58,68,80,79
62,17,26,38,59
39,45,58,18,4
67,81,62,71,29
59,54,39,2,85
82,74,28,27,66
25,9,16,32,9
37,69,41,63,30
83,68,52,48,10
51,36,69,30,54
23,38,74,71,24
5,22,60,72,28
51,16,1,18,52
76,14,12,47,70
61,81,13,41,64
7,12,75,66,27
27,37,59,76,57
80,38,39,89,78
28,85,2,36,19
37,2,56,44,56
48,2,73,72,39
13,20,6,55,37
18,57,88,39,8
48,76,60,14,1
73,25,61,31,12
82,53,51,66,10
68,48,79,2,57
8,53,71,53,79
64,33,67,80,16
50,24,12,78,57
62,18,78,69,32
63,41,38,7,26
56,45,33,51,46
12,2,31,48,7
33,70,79,81,54
72,9,42,52,36
3,9,37,33,43
59,36,75,73,72
49,12,84,83,11
7,29,29,68,48
70,87,56,7,18
17,12,86,69,74
65,14,81,64,77
34,60,54,65,65
16,14,21,0,84
4,76,16,41,54
1,33,21,58,25
76,49,9,18,56
26,45,7,37,32
79,29,47,43,40
55,37,40,52,73
19,31,62,52,74
68,6,50,70,16
87,22,50,85,6
43,1,32,79,12
36,54,65,39,81
53,29,27,80,85
70,8,88,87,29
50,38,63,12,74
34,7,33,81,72
82,66,67,29,17
38,33,72,79,11
60,88,54,64,63
46,57,66,29,72
34,21,63,9,33
70,67,79,82,59
48,6,65,15,75
69,58,32,44,67
39,35,21,79,4
34,76,35,59,61
88,74,75,67,82
40,86,37,88,51
62,57,6,72,72
1,78,87,1,11
15,12,84,1,80
27,58,45,56,59
71,12,48,64,38
6,52,21,78,60
66,21,60,69,7
1,73,24,29,19
12,34,54,2,28
9,75,87,22,22
34,35,40,56,78
23,45,77,18,43
36,40,31,67,30
70,23,27,78,19
68,44,68,73,81
39,36,64,33,53
13,21,37,73,5
76,27,86,54,40
49,51,62,84,34
81,46,84,76,79
45,56,6,85,7
78,47,19,61,45
57,14,35,51,36
23,66,88,78,28
0,78,33,71,16
34,58,81,65,42
76,46,35,60,79
72,11,38,86,75
79,44,28,88,75
58,74,34,12,30
51,61,62,4,21
79,32,8,15,57
14,58,79,39,0
84,70,50,5,7
51,19,37,51,66
50,13,26,9,54
66,6,24,19,58
64,19,14,85,70
29,10,28,66,64
29,25,22,25,55
85,27,49,3,18
27,29,83,23,32
31,12,3,22,84
44,28,50,17,35
83,53,75,73,70
85,84,9,60,8
80,46,0,29,25
13,3,10,58,82
53,88,49,80,64
30,78,68,7,65
18,10,60,19,72
89,83,64,67,11
1,10,12,40,43
50,12,76,88,77
18,87,52,30,71
84,9,15,11,59
69,89,6,66,1
10,78,13,27,51
19,45,20,34,79
89,82,59,41,89
82,28,54,64,33
26,88,73,20,11
41,64,22,40,77
33,63,43,1,41
81,79,17,22,82
87,29,38,72,76
87,23,67,7,63
64,51,69,65,29
62,29,19,26,48
21,58,44,7,39
6,36,69,53,0
60,65,3,46,38
34,51,68,89,71
66,75,23,57,11
27,76,24,10,7
84,37,65,72,70
50,48,26,79,56
49,4,58,70,13
87,58,33,67,75
4,74,30,74,76
27,56,66,24,51
78,13,62,81,32
19,71,37,39,56
57,61,58,15,12
47,63,3,57,72
25,83,78,65,77
88,41,14,3,75
21,63,23,40,59
36,10,30,72,83
88,79,48,40,47
12,78,33,39,52
67,19,3,10,31
22,62,6,15,32
44,68,44,61,48
73,27,6,9,51
7,66,2,51,31
2,21,67,76,52
78,77,54,37,54
38,76,78,49,32
85,87,72,45,41
86,87,6,37,5
65,56,51,10,76
83,62,0,59,55
20,6,9,77,54
88,52,54,49,41
12,0,28,30,26
16,35,75,44,43
85,56,89,18,44
76,19,67,37,59
0,80,56,1,34
73,7,32,38,18
68,67,67,24,67
49,14,41,58,67
73,42,74,44,46
14,83,1,24,69
9,66,29,8,9
58,66,14,79,65
59,8,75,77,47
20,19,67,35,59
65,9,31,28,79
54,12,80,43,14
32,56,76,6,67
54,1,55,43,7
11,42,52,42,30
20,20,38,36,35
30,5,18,72,50
34,6,5,36,87
87,73,82,41,67
53,67,13,21,63
37,78,72,66,22
84,77,50,7,45
31,66,59,62,78
10,83,3,77,36
55,7,3,10,44
8,18,35,23,75
26,20,24,8,8
1,1,24,76,47
85,45,67,40,10
80,5,46,53,53
8,85,46,46,85
12,12,77,87,74
50,66,30,59,0
24,10,21,22,20
30,69,55,40,62
56,89,85,11,67
47,56,17,86,50
54,10,80,85,70
11,71,22,84,40
19,53,83,31,41
41,16,62,11,86
75,48,16,12,57
72,27,9,66,4
53,19,7,44,11
51,19,32,48,0
69,24,47,13,74
3,9,23,3,30
30,46,42,14,22
72,27,86,76,30
19,56,35,27,70
15,78,47,34,20
2,14,72,33,74
43,33,34,47,52
6,33,31,34,63
83,88,51,56,4
30,77,77,5,21
8,30,77,42,51
83,15,35,24,58
39,47,69,42,86
56,64,22,6,13
61,89,35,0,67
86,21,17,62,87
42,44,81,84,89
15,38,55,51,38
65,50,24,42,37
3,87,42,30,88
40,55,33,89,44
24,89,79,47,71
28,28,61,85,45
86,73,29,21,40
37,73,9,74,60
27,83,38,38,84
6,89,71,80,86
29,57,46,54,28
1,47,20,9,35
17,22,24,61,10
18,66,29,1,52
59,55,86,48,11
77,83,4,40,52
59,52,31,43,77
82,12,35,59,30
87,78,19,24,19
80,21,47,20,83
75,5,49,51,75
55,86,21,6,10
19,20,14,67,18
67,59,63,77,62
24,63,5,28,74
68,63,18,89,4
22,2,47,40,76
47,60,65,3,66
46,54,55,16,75
50,60,31,70,19
83,10,25,88,22
10,1,63,81,6
50,17,41,64,1
17,83,66,20,43
76,21,48,53,2
58,29,74,89,70
36,11,30,44,36
69,30,76,5,2
35,8,62,60,7
34,59,47,69,73
6,34,44,62,32
9,66,72,22,73
70,56,35,5,35
55,20,20,60,48
39,72,88,14,33
58,9,36,53,87
75,11,27,24,23
66,33,54,28,6
57,47,89,18,63
87,76,57,65,64
47,23,11,79,36
18,30,9,39,9
0,0,85,68,23
10,61,67,82,81
22,56,87,24,68
22,53,31,0,79
82,54,81,17,77
42,24,38,77,51
14,41,29,31,18
55,40,79,86,14
23,48,6,67,17
50,81,4,89,22
31,77,37,73,14
12,1,87,52,4
7,65,7,53,58
3,39,15,60,83
50,33,9,77,84
56,42,51,57,71
85,0,51,37,13
41,84,63,47,63
62,17,69,83,25
1,45,54,0,30
57,72,43,48,53
67,19,11,10,15
38,4,40,6,29
89,52,39,47,33
43,39,84,73,27
77,88,47,49,88
47,76,9,88,28
9,4,29,66,47
80,29,71,71,17
6,80,81,60,66
78,88,28,60,62
44,18,40,19,23
69,6,16,82,25
79,5,61,24,26
8,38,26,85,57
88,82,36,7,31
77,74,62,61,76
55,28,27,4,38
86,36,12,61,86
74,39,59,88,41
19,87,15,41,76
58,85,63,82,48
9,67,37,34,87
78,16,63,7,48
24,88,68,55,76
73,13,44,40,48
17,3,66,52,79
44,36,47,43,61
69,4,8,76,44
49,18,2,16,30
62,13,75,13,49
23,41,30,73,18
15,66,10,56,42
82,76,80,87,25
2,62,31,45,69
61,38,63,40,50
65,74,79,45,54
13,40,5,0,84
88,89,22,12,15
82,50,62,87,1
31,24,82,43,42
58,47,53,67,87
24,40,7,63,35
21,54,65,50,50
17,53,56,53,43
38,32,59,89,26
86,35,87,14,21
16,88,62,41,55
75,18,10,50,59
39,76,17,64,71
22,89,80,76,7
76,38,19,58,83
74,29,72,86,72
75,50,83,84,14
3,9,76,65,32
25,65,75,17,80
31,75,60,83,64
41,62,13,39,43
45,72,70,64,80
48,81,83,51,82
71,70,19,41,5
47,53,62,36,53
26,31,55,0,24
48,65,33,31,59
34,21,10,9,22
72,84,61,3,41
3,14,50,29,8
69,70,0,24,39
67,51,2,4,47
9,16,28,69,73
73,8,74,54,24
15,67,31,19,46
44,20,75,40,84
81,17,70,33,16
4,28,23,25,85
24,1,32,59,64
6,2,52,31,48
1,36,48,28,85
13,62,79,27,70
10,53,82,40,19
41,5,59,23,9
5,21,40,66,19
65,52,9,55,55
54,32,65,36,43
38,55,89,27,45
37,78,74,28,84
74,8,59,35,59
26,63,38,67,46
73,85,29,71,35
18,22,43,1,41
34,80,61,46,48
33,88,10,11,69
69,16,11,41,76
3,9,65,28,32
46,45,65,64,16
70,69,81,4,56
6,21,74,11,1
30,34,45,76,54
1,80,2,38,20
18,31,25,35,8
25,6,5,8,10
34,69,4,27,63
27,75,56,61,21
81,76,40,0,40
59,13,66,33,10
52,79,56,79,38
15,14,26,39,2
22,52,35,53,59
65,78,55,53,54
8,26,31,84,85
72,79,32,89,59
80,72,61,86,87
58,32,28,65,67
79,23,31,4,47
60,29,76,17,19
59,29,72,32,22
74,60,1,14,32
22,58,40,70,83
29,40,48,4,81
67,54,39,63,80
65,63,79,38,51
9,77,31,7,17
9,29,14,32,36
58,83,76,71,47
13,49,69,4,60
75,74,39,47,74
54,52,42,26,83
61,20,17,44,49
66,39,37,58,56
62,23,70,20,85
17,78,33,39,50
33,12,79,72,69
62,89,38,36,89
43,35,3,6,46
48,18,83,62,1
22,21,76,78,16
71,51,15,70,68
32,71,9,55,57
82,27,49,8,13
36,43,78,23,2
12,38,53,61,37
80,89,13,36,51
9,86,75,88,20
40,66,54,72,6
48,58,0,76,23
26,82,10,62,57
52,73,74,70,63
0,49,31,45,67
37,78,48,66,34
26,18,63,54,51
36,80,18,49,53
72,26,54,15,7
80,47,16,38,9
19,18,47,9,47
63,35,59,37,58
25,23,52,85,43
73,82,49,70,47
58,81,57,10,62
25,11,42,80,82
20,27,42,34,9
35,85,85,10,8
35,50,83,48,30
16,17,41,27,34
63,88,46,24,26
45,81,73,86,48
37,88,35,5,68
35,34,59,77,79
59,15,19,51,22
1,62,59,68,59
64,36,82,13,72
79,77,33,6,5
81,29,78,30,30
72,51,61,56,0
17,0,16,41,61
18,29,17,28,71
43,55,57,51,63
31,35,20,31,10
80,49,85,59,43
82,85,34,45,63
35,63,51,40,28
49,58,72,24,70
0,48,69,14,33
33,58,29,28,74
23,35,8,57,19
47,46,33,85,32
52,39,3,7,65
21,65,63,7,60
19,75,34,8,28
50,21,71,47,55
17,12,77,72,49
1,23,48,24,44
60,41,22,38,36
81,8,56,21,84
26,67,61,73,88
87,53,50,14,88
54,75,48,59,69
58,69,13,89,31
42,37,62,11,4
76,80,7,35,84
14,30,30,6,74
48,80,21,47,52
21,28,38,6,82
31,67,68,61,53
19,42,25,43,4
57,54,1,2,88
31,89,37,18,27
23,4,34,72,4
67,45,84,38,78
34,23,45,54,68
47,54,87,14,63
47,61,60,64,12
62,81,80,21,85
88,20,14,75,40
10,30,43,33,83
36,28,32,1,14
64,16,75,71,45
81,73,52,53,56
56,31,72,34,87
75,7,73,24,33
50,75,37,24,46
42,74,79,18,64
52,80,77,18,37
8,16,53,14,33
46,33,47,10,33
89,26,70,68,81
30,78,28,33,64
70,60,34,53,73
53,43,12,6,7
70,53,57,57,28
76,78,61,80,87
5,28,13,81,1
46,4,28,70,63
61,22,61,65,46
11,39,50,11,56
36,54,85,65,2
14,76,76,15,48
56,19,6,81,29
31,26,77,71,43
4,9,69,88,10
32,70,17,47,45
57,71,1,75,45
58,61,77,71,41
20,63,10,66,41
2,33,12,60,60
5,72,47,17,52
34,10,76,59,56
65,42,39,16,75
39,87,30,9,52
35,66,7,24,49
77,41,27,59,18
2,45,63,44,60
10,63,37,18,59
68,12,16,36,59
65,28,33,62,51
73,85,38,18,27
35,8,85,17,36
60,56,6,72,14
6,50,33,16,82
11,46,72,87,66
75,53,35,63,72
85,22,60,59,81
87,17,6,45,47
50,88,45,31,88
32,51,47,37,50
17,32,71,88,73
59,2,73,64,65
79,48,11,74,58
64,63,57,34,85
37,60,37,41,24
53,32,6,43,76
52,60,7,7,38
15,47,14,57,76
18,19,37,27,60
7,85,33,44,28
74,63,51,68,20
68,26,17,55,53
87,3,22,40,49
51,31,39,5,34
1,63,85,84,65
28,77,44,16,9
71,32,57,28,1
13,6,45,26,35
30,3,53,23,54
26,45,55,74,50
49,15,78,41,32
24,74,62,13,33
55,27,35,83,14
61,1,76,72,58
70,59,87,32,20
87,24,19,41,57
36,61,2,24,77
59,21,29,47,77
4,36,27,85,37
30,46,51,87,19
84,36,54,64,24
9,32,43,32,82
86,79,72,66,46
71,55,46,87,79
58,41,48,12,5
55,78,71,88,61
46,7,70,68,46
19,26,33,36,28
7,3,36,66,74
3,18,61,68,59
2,33,15,8,30
41,27,69,12,57
1,1,68,80,52
81,38,32,38,79
80,8,5,71,76
52,24,11,17,88
58,74,69,15,78
72,9,74,47,82
47,55,61,26,43
82,1,72,51,39
10,79,65,44,58
41,21,44,68,38
67,61,77,47,37
10,49,87,79,44
69,6,51,38,23
63,3,80,2,74
20,78,30,31,89
36,71,49,66,89
21,19,35,22,89
6,51,56,53,25
17,64,7,2,47
34,39,69,86,22
21,29,11,38,7
34,4,58,10,45
78,66,81,42,31
24,28,33,72,36
7,44,35,19,31
65,73,51,52,47
0,53,88,47,88
42,54,82,10,86
2,86,89,88,19
31,7,38,5,22
43,35,13,26,69
25,63,9,59,59
75,18,7,60,5
14,69,75,28,75
53,72,28,20,88
28,19,57,43,55
83,57,70,23,76
67,77,29,66,25
73,64,14,0,56
5,72,76,0,45
46,18,20,15,88
22,6,8,11,36
7,31,42,23,79
58,54,88,14,69
54,88,21,12,50
83,80,18,62,63
85,65,55,16,56
31,68,46,66,83
78,14,9,89,63
67,51,41,62,72
5,0,64,16,29
42,87,62,2,52
21,80,37,63,87
86,42,67,66,42
58,49,72,59,68
73,14,4,82,36
54,70,82,65,16
12,27,5,0,47
2,33,2,24,54
84,64,56,76,7
2,30,14,79,35
58,71,18,18,2
82,80,47,42,66
20,75,68,43,41
79,87,56,84,79
5,68,77,26,33
45,75,83,57,51
18,72,47,7,83
10,43,81,67,77
63,45,85,31,24
56,60,30,76,35
75,9,13,2,9
68,26,20,61,87
47,49,55,15,13
67,65,78,68,2
63,52,47,82,53
39,17,50,20,79
13,9,10,64,89
38,85,65,17,13
59,72,9,29,89
43,89,14,79,88
31,27,30,1,17
32,26,9,11,83
15,74,87,80,74
39,55,57,70,54
52,12,62,24,2
66,51,73,14,47
43,10,9,19,53
29,24,29,80,19
79,74,62,75,27
70,18,0,67,82
8,52,52,63,17
16,31,3,5,24
17,0,72,54,47
74,8,6,68,43
65,83,1,37,42
62,71,10,55,53
87,14,61,33,19
59,11,72,40,65
29,24,60,26,71
44,64,13,73,48
34,3,89,23,2
89,9,30,77,52
14,4,62,38,11
73,34,84,59,54
43,39,22,73,42
21,6,13,42,89
40,52,52,49,34
81,53,20,27,63
23,7,83,52,56
41,21,34,3,66
70,47,75,18,34
65,36,14,48,71
55,40,40,56,65
89,27,29,77,27
85,53,6,68,46
8,5,48,9,79
76,64,58,51,33
16,58,7,68,64
43,78,24,55,55
81,33,56,49,66
22,68,56,26,54
16,63,57,9,32
0,47,23,72,71
46,42,60,41,72
34,39,10,83,23
50,51,34,69,59
49,68,45,25,25
74,2,58,73,19
29,32,74,55,28
63,28,20,68,13
28,83,87,69,9
48,9,57,26,5
17,5,18,47,69
42,43,45,54,52
35,3,1,54,68
21,51,54,35,6
11,31,11,8,5
14,14,52,57,4
36,43,3,47,22
81,27,38,51,60
65,46,60,38,20
82,25,46,69,13
47,53,23,23,61
61,70,30,70,45
60,66,81,17,42
69,27,43,35,16
78,54,11,77,54
88,56,14,9,82
41,39,64,58,70
75,73,20,28,40
41,25,44,60,45
37,0,38,39,62
31,36,59,21,57
18,63,22,53,7
10,21,23,65,34
0,75,24,50,10
65,39,19,4,34
20,48,83,36,31
3,24,22,71,48
64,40,28,55,23
28,30,62,38,30
56,6,25,37,87
80,84,12,1,22
15,65,83,0,76
11,2,62,14,25
33,72,77,19,67
85,25,48,16,40
4,40,0,48,8
63,22,35,89,78
29,16,39,88,33
72,0,60,53,58
3,64,28,36,25
66,86,40,79,0
68,61,18,4,67
41,45,13,0,38
85,22,88,62,3
54,50,36,14,44
84,85,75,84,81
58,56,32,51,61
23,22,31,71,86
62,47,18,78,46
18,11,7,53,70
45,51,3,6,73
87,78,58,13,66
5,88,41,82,59
47,16,10,17,67
7,75,35,43,59
34,23,57,35,29
87,19,29,77,17
31,85,83,37,67
45,71,49,57,20
22,16,53,44,9
89,2,5,35,13
49,41,6,27,43
22,9,73,2,86
74,88,69,32,26
68,55,89,23,26
17,55,26,59,75
79,72,66,45,68
18,8,46,87,45
18,23,15,85,26
13,15,70,7,14
45,54,55,45,4
11,73,56,30,76
73,78,73,65,12
24,87,8,54,37
27,48,35,34,55
2,42,47,9,43
64,44,28,75,35
70,39,2,43,57
80,79,22,1,38
6,62,86,75,31
67,41,43,58,21
48,88,36,46,79
62,38,61,70,23
21,88,76,55,79
1,41,13,19,60
75,80,79,84,29
68,56,78,13,41
33,74,79,45,54
60,64,73,26,52
26,85,71,69,59
81,47,35,80,50
7,2,25,87,33
51,43,61,20,82
12,14,65,35,3
81,63,74,77,89
56,31,54,85,25
5,5,12,9,38
40,75,89,11,56
28,9,36,9,38
13,21,60,2,43
28,24,14,41,21
6,49,17,86,67
21,10,67,17,47
12,11,48,79,87
66,73,70,12,67
71,42,53,4,37
3,36,25,9,88
81,51,0,44,64
59,69,23,72,67
2,80,78,32,74
31,9,12,53,2
81,33,17,62,84
64,50,86,48,47
74,74,65,23,81
9,18,73,55,68
58,0,25,3,74
24,65,33,8,83
6,30,49,46,47
44,7,26,69,2
60,4,10,7,28
65,46,53,89,30
53,12,78,4,16
75,36,50,76,67
47,75,14,36,67
17,65,15,52,25
74,86,13,13,10
41,48,37,20,14
69,10,64,81,4
0,44,63,20,19
57,70,59,47,24
77,11,33,3,84
23,29,36,54,34
32,54,24,28,8
49,79,6,49,84
57,88,72,8,69
15,50,41,46,21
88,11,67,20,85
60,44,81,15,48
36,34,18,32,17
23,84,49,77,48
54,86,47,75,36
11,69,65,49,75
14,5,15,78,72
13,33,33,86,8
53,75,80,9,14
7,35,83,63,46
85,58,32,20,15
33,0,79,70,67
63,70,53,50,9
43,23,48,39,73
20,41,32,82,63
41,38,12,2,15
25,50,29,50,66
22,9,27,45,51
87,27,77,51,22
79,22,63,87,27
85,89,17,25,80
62,12,8,24,23
45,53,49,7,52
73,32,82,32,71
75,52,58,62,55
37,40,57,24,60
42,27,39,84,33
81,2,63,37,79
55,60,74,81,76
9,83,89,48,63
46,81,7,84,86
0,45,0,63,3
23,85,68,4,77
86,67,7,14,15
56,44,0,51,75
43,71,31,14,30
6,11,23,60,18
28,69,61,51,26
34,24,70,63,8
64,4,65,7,60
37,73,74,72,88
41,4,7,23,65
4,25,5,14,66
48,80,8,14,32
60,21,27,10,60
43,38,50,62,37
56,74,75,88,58
11,21,13,6,88
49,3,83,25,61
74,20,35,5,80
18,19,89,89,87
83,56,64,46,12
56,76,49,22,89
42,54,66,24,25
87,50,71,84,78
83,39,5,3,29
40,31,39,64,4
50,60,22,12,8
80,46,45,32,75
87,26,35,12,70
22,11,57,20,24
29,7,60,2,52
59,44,23,71,74
85,54,53,18,68
23,76,30,25,71
28,52,74,51,18
78,6,78,57,33
52,14,23,63,31
4,66,73,26,67
74,78,42,67,76
72,44,54,71,75
65,14,72,25,31
45,8,71,37,22
50,2,17,4,38
76,10,80,59,14
22,66,3,33,58
48,67,5,65,23
26,74,61,89,83
27,25,51,89,76
58,54,84,3,36
54,0,49,78,21
30,28,18,48,31
37,80,80,76,9
61,65,22,9,2
19,33,37,1,11
32,61,80,85,7
79,51,69,56,3
8,67,89,77,82
22,67,31,20,52
38,13,56,25,88
62,31,50,76,50
86,11,88,8,12
83,2,85,52,78
52,72,59,80,47
4,32,27,17,51
72,48,7,71,20
20,82,76,31,50
28,47,34,52,82
66,26,45,40,69
64,24,81,68,48
21,66,66,6,39
25,13,30,21,65
46,69,56,4,27
55,43,62,62,2
62,80,34,18,81
26,32,7,77,62
18,44,65,3,6
18,87,8,86,80
19,26,54,37,7
58,20,26,74,6
7,69,14,0,62
74,7,79,88,15
68,12,47,37,7
1,15,1,10,11
22,30,81,23,18
85,82,31,58,20
77,80,75,74,74
26,61,57,50,78
68,28,89,81,86
77,34,81,66,81
85,30,21,16,24
61,16,20,38,32
77,3,29,3,64
48,77,87,5,0
69,8,5,52,18
11,88,82,61,14
71,3,20,45,53
57,26,42,2,77
70,72,43,12,12
47,33,53,52,35
79,22,47,16,36
14,59,15,81,15
83,2,89,19,13
0,48,26,4,20
40,84,0,29,30
68,23,1,21,84
52,45,6,21,60
1,40,53,73,39
75,15,33,70,70
40,61,22,1,38
28,78,86,87,87
32,82,13,28,39
46,5,31,32,60
66,33,46,15,24
56,18,58,37,7
64,49,11,2,1
30,86,51,19,86
39,11,14,56,54
5,43,60,55,89
55,26,66,61,50
63,35,72,44,81
24,46,80,79,69
53,79,56,37,81
59,53,34,17,51
13,68,3,46,69
62,27,15,21,51
67,66,11,89,41
63,47,80,38,26
85,10,1,16,18
34,89,7,86,45
87,49,71,85,63
35,86,84,59,16
79,55,15,10,51
54,63,55,76,49
54,14,63,13,2
13,70,3,75,89
44,15,1,81,85
56,58,55,23,83
57,43,72,65,14
8,84,65,52,14
84,73,26,78,1
15,58,19,59,80
38,56,31,63,41
30,34,34,52,56
35,40,69,80,84
31,36,81,67,20
33,21,80,53,2
27,87,44,31,66
35,12,25,50,52
78,12,51,40,76
59,78,16,15,39
36,84,65,58,64
31,56,46,60,4
64,69,24,62,68
87,56,64,14,75
60,41,80,56,69
68,34,84,27,29
9,51,58,75,28
1,35,3,58,60
25,25,22,1,82
75,87,67,77,52
63,56,1,32,23
11,74,55,82,50
42,58,73,83,73
85,84,89,66,27
1,71,2,45,72
46,59,84,13,25
32,32,2,11,13
74,33,8,34,17
73,71,13,77,46
22,78,68,70,21
76,45,22,54,56
86,54,49,66,4
50,55,26,19,70
74,58,39,60,22
3,26,32,44,58
73,12,22,82,78
2,61,49,85,32
45,80,85,7,26
36,71,82,74,67
44,56,48,32,24
16,32,47,26,73
13,66,38,67,43
33,89,5,87,7
48,81,69,6,19
6,6,71,50,26
50,27,56,65,19
8,71,74,83,83
32,47,81,47,27
79,51,18,83,29
73,76,38,51,77
57,3,24,2,75
43,67,8,25,45
54,83,63,80,11
18,14,17,8,0
6,60,69,86,67
76,2,36,56,52
54,85,51,80,46
11,22,19,6,31
22,56,83,37,29
77,72,80,16,8
75,88,68,23,84
0,50,51,21,41
43,20,23,51,68
2,75,0,82,65
83,72,46,71,60
83,34,13,27,31
88,6,0,55,78
11,56,11,0,72
62,84,37,67,27
19,35,17,60,14
11,89,76,78,88
28,43,44,14,3
34,11,24,1,70
49,70,44,26,83
82,54,85,0,53
29,86,27,55,21
55,50,24,34,64
14,32,21,80,81
22,40,39,31,44
39,24,55,26,3
6,0,40,41,23
48,27,3,84,37
26,71,23,71,82
85,15,33,46,10
30,5,8,81,88
33,23,6,31,58
84,53,75,25,34
68,57,85,9,46
73,21,38,58,40
26,21,36,33,0
49,34,54,89,84
57,52,46,64,71
84,81,5,48,39
50,37,23,25,75
77,54,14,19,67
48,27,17,23,39
14,60,15,34,67
60,19,82,36,33
12,65,18,10,1
72,57,75,52,57
89,51,81,74,10
24,67,76,36,4
24,25,60,36,16
63,58,36,72,27
32,28,14,70,77
59,68,52,85,2
23,37,25,19,60
46,15,63,46,65
33,65,13,80,38
47,3,60,21,46
48,31,87,20,38
51,66,8,79,14
70,47,78,10,62
7,5,57,65,86
70,8,37,18,73
45,49,34,31,2
57,63,39,65,38
3,12,39,33,37
49,40,30,45,2
77,37,57,24,77
64,4,2,13,36
5,13,44,53,38
22,15,47,55,49
39,79,63,45,5
48,79,65,62,73
66,57,46,80,7
82,51,1,67,89
41,80,63,85,2
35,9,41,87,57
2,18,76,74,11
82,25,60,16,4
41,45,52,89,39
89,32,88,0,67
89,70,34,42,43
35,69,5,73,3
77,33,5,25,9
59,83,34,73,42
79,15,33,1,51
21,36,42,67,61
89,53,58,12,11
71,40,55,28,67
7,57,63,80,28
75,54,23,8,7
88,4,76,83,28
20,64,62,72,57
53,47,0,84,8
32,57,35,79,79
63,59,25,19,52
66,49,7,10,41
61,22,68,84,20
12,6,10,64,87
30,45,45,51,13
6,54,24,66,72
22,73,57,51,85
41,78,61,71,35
39,31,70,59,36
51,71,62,49,64
33,18,75,89,58
4,26,72,42,30
17,18,11,1,64
13,27,70,38,26
33,29,54,44,62
36,54,16,88,37
63,45,59,12,7
64,5,56,77,63
82,33,10,73,18
45,16,69,15,5
59,9,26,78,4
37,17,11,20,48
21,45,69,5,80
26,62,50,57,19
87,76,78,36,49
5,33,48,26,1
76,35,28,43,0
73,49,18,27,58
65,35,7,12,53
71,55,26,57,74
30,68,14,9,70
70,56,85,75,37
41,77,68,19,12
83,52,39,0,78
5,48,42,54,71
39,31,30,10,53
52,82,47,78,71
39,38,54,48,62
2,76,69,12,55
16,24,25,81,15
32,55,14,2,17
46,23,81,26,54
53,13,11,57,70
17,25,59,25,58
70,68,68,49,8
63,51,26,1,73
15,85,2,50,23
67,23,48,83,78
12,59,87,25,19
25,2,62,10,69
59,80,25,23,25
56,85,70,9,49
11,15,80,45,28
20,17,57,15,48
80,53,48,67,75
10,4,7,56,78
58,21,40,37,43
68,31,82,87,67
41,7,54,31,17
45,33,66,54,55
7,71,12,12,53
37,59,73,83,62
51,45,41,78,37
58,45,59,22,78
63,26,49,7,8
63,53,26,58,69
52,45,16,61,59
57,22,13,77,48
28,11,63,13,89
68,37,75,8,67
69,22,89,25,16
57,87,50,51,23
82,48,79,80,47
30,68,2,61,75
14,13,23,61,66
83,13,46,26,46
29,59,54,72,40
30,61,20,1,35
87,45,36,71,76
37,34,48,28,23
6,50,20,48,75
48,0,20,27,85
31,14,80,37,80
60,54,65,77,7
36,4,56,78,81
0,88,41,51,30
78,20,18,70,77
13,83,45,2,84
38,73,15,87,42
19,41,74,61,65
44,60,13,84,64
2,70,56,1,73
33,0,47,3,36
88,52,40,11,48
4,40,74,27,39
88,29,79,42,21
80,11,8,62,54
83,29,46,22,52
82,8,26,73,81
34,70,47,68,52
83,78,33,82,6
62,40,44,25,37
2,26,57,46,86
76,72,31,43,68
9,14,5,52,13
15,42,85,1,29
60,48,39,7,14
16,31,0,79,70
2,65,39,71,9
35,79,40,68,13
19,8,37,48,11
49,9,79,89,78
79,81,69,57,68
86,49,49,39,28
4,85,71,46,89
82,62,61,43,20
82,83,72,16,60
18,7,68,32,85
65,88,74,52,4
43,29,59,73,73
55,33,58,83,53
42,59,32,81,7
84,37,63,85,38
58,54,72,24,82
71,70,5,61,56
66,1,84,8,74
80,40,17,84,1
50,21,42,41,70
87,41,74,70,41
89,52,21,11,56
75,37,75,68,55
0,56,12,13,4
20,44,2,37,51
77,26,40,27,30
49,56,28,40,67
45,0,2,66,24
75,74,57,35,25
66,35,79,78,81
5,76,84,2,23
63,88,9,65,52
38,14,62,21,54
7,21,63,20,72
9,54,68,88,70
2,65,8,60,87
25,59,64,62,50
33,45,36,75,6
12,60,17,38,7
61,10,10,78,6
3,67,9,82,88
11,74,63,66,58
3,15,70,68,11
54,17,19,33,9
47,28,76,46,88
82,49,17,48,24
82,52,36,57,43
33,50,80,82,33
28,17,37,6,9
52,22,0,56,84
73,13,83,79,27
32,35,19,74,47
89,38,56,56,62
70,60,48,85,83
78,79,56,30,44
83,22,35,15,4
51,66,86,83,4
39,5,4,49,49
13,11,78,64,1
80,49,85,4,45
63,19,17,3,41
4,85,89,69,44
80,16,18,6,89
66,5,59,60,37
73,82,55,77,64
50,37,11,59,61
1,50,16,20,39
81,17,62,19,30
29,55,37,4,18
15,11,46,37,74
31,66,78,48,60
80,5,59,19,78
78,40,45,29,27
54,85,67,81,59
66,68,26,43,2
77,33,83,27,10
60,26,65,76,81
73,35,2,71,14
3,47,78,85,6
80,77,26,10,57
31,63,21,50,9
49,12,36,6,88
64,56,72,74,29
10,30,60,62,87
32,67,75,20,67
11,5,35,21,5
88,87,86,85,45
35,5,37,49,48
31,70,7,65,3
72,18,65,55,25
29,34,64,63,40
27,30,59,70,7
89,53,52,3,52
50,56,83,15,18
85,65,16,23,87
79,7,0,59,29
13,17,80,88,75
69,72,56,85,55
14,7,31,55,32
48,78,89,71,79
89,80,78,54,19
74,73,15,5,6
67,34,26,67,7
58,49,71,31,14
19,84,55,73,82
48,23,16,81,75
27,80,38,53,69
6,46,45,47,2
17,64,77,14,11
67,37,10,50,84
43,65,62,31,23
69,55,56,17,40
38,42,1,82,75
50,35,81,50,54
29,48,66,18,14
51,54,27,53,3
60,20,38,33,71
76,8,8,34,60
49,47,34,89,21
11,10,22,47,12
16,78,48,1,31
58,20,72,54,34
76,67,53,53,54
51,72,56,2,3
72,11,87,62,36
39,36,1,5,8
31,0,66,62,76
24,40,68,65,10
56,89,71,31,50
23,31,8,3,24
44,66,12,75,45
46,48,1,89,38
71,0,50,61,14
81,37,3,27,11
64,62,56,19,77
70,74,79,67,12
58,89,84,75,26
6,28,43,11,5
7,32,25,23,31
83,44,0,56,75
22,49,34,10,57
43,75,46,55,36
36,28,85,82,47
27,15,88,78,17
1,77,79,36,59
73,61,12,34,26
28,49,5,46,15
11,46,44,37,77
11,63,8,81,41
83,74,27,88,71
10,44,36,24,27
50,0,47,14,42
36,75,72,8,71
74,41,37,75,30
58,39,18,43,16
66,59,75,82,37
77,67,28,73,35
85,21,65,51,82
46,19,87,46,17
9,70,73,14,38
61,68,10,53,44
12,77,49,18,16
59,62,35,84,79
29,62,47,7,62
63,72,0,54,13
55,70,81,29,64
76,85,36,9,43
66,76,62,3,47
32,1,80,5,46
63,41,49,25,13
88,21,11,79,2
39,70,49,1,8
23,67,80,74,76
3,81,77,55,56
73,81,45,79,38
2,15,52,20,31
1,88,74,24,13
40,66,22,11,73
2,20,35,60,10
10,51,12,9,14
51,40,1,62,58
86,57,32,29,21
42,31,87,23,40
78,17,76,47,83
73,3,48,15,42
33,14,29,67,80
18,66,49,14,39
87,14,0,31,71
80,73,74,71,6
3,1,52,83,79
15,57,70,84,25
77,19,73,6,37
83,10,49,2,67
47,14,53,20,78
82,3,44,59,78
4,27,89,70,58
53,70,5,40,49
80,58,31,1,13
40,37,71,7,39
40,0,15,41,15
9,84,79,36,27
88,60,25,82,8
82,73,79,88,42
54,34,28,35,2
2,86,72,56,69
12,70,50,27,8
47,12,46,81,51
4,11,19,20,36
44,78,58,55,31
63,81,33,75,22
37,66,82,20,75
5,64,0,77,88
11,89,66,53,56
57,8,65,8,42
0,32,78,87,30
88,82,8,19,41
17,33,85,9,31
48,41,79,50,7
57,77,23,86,39
20,31,0,0,51
70,59,8,45,76
19,1,62,74,81
75,77,77,17,74
44,83,58,37,4
18,7,72,0,66
88,65,7,3,65
10,51,45,48,34
58,35,59,42,27
53,28,25,52,7
9,28,55,50,42
38,76,1,6,12
16,36,16,28,41
49,45,54,26,46
70,36,77,60,81
51,41,22,65,43
62,25,71,13,47
6,36,29,19,18
43,16,82,64,48
58,6,27,11,52
55,9,72,86,62
75,70,80,19,6
57,3,40,40,46
5,35,74,48,26
67,52,1,14,85
70,45,43,4,52
48,19,64,72,16
68,43,34,78,48
6,21,47,20,17
30,79,16,64,51
45,55,65,18,48
76,19,76,50,7
27,38,8,65,47
82,3,31,72,87
34,74,31,29,29
45,11,13,55,9
25,3,7,17,23
42,6,5,52,66
2,85,62,42,82
67,81,12,11,40
58,64,3,45,13
60,64,70,76,20
22,81,15,65,53
71,65,7,79,23
26,16,66,10,33
62,28,56,6,4
12,60,66,59,5
36,30,16,54,6
51,61,49,18,89
39,16,0,34,69
87,29,22,27,47
44,86,72,79,16
45,21,48,66,11
67,20,40,64,70
62,61,67,26,69
2,28,80,62,75
78,15,24,89,16
69,42,61,55,88
8,40,66,12,21
6,51,74,72,0
66,18,72,58,65
49,87,37,11,82
43,83,18,89,7
72,85,32,85,58
17,41,0,89,34
0,46,79,26,21
15,64,21,3,46
47,38,24,49,76
19,51,53,11,47
75,21,66,69,30
39,22,70,47,32
27,56,39,57,11
78,72,30,51,15
14,87,74,88,22
51,23,53,18,52
30,50,0,32,2
50,17,80,58,36
19,77,83,70,85
44,88,52,87,31
52,39,18,34,74
87,29,21,10,51
88,39,54,81,75
44,55,69,28,77
23,39,24,82,9
22,83,62,53,23
89,21,73,40,85
17,31,23,69,63
69,36,35,61,16
58,82,88,60,23
45,30,40,68,34
70,43,75,83,72
17,56,44,0,82
1,76,6,68,7
60,89,3,7,20
54,22,56,70,69
76,83,56,28,21
37,62,39,4,80
85,71,16,27,88
48,63,55,43,38
44,78,83,12,36
78,66,74,39,15
45,32,0,53,44
32,32,23,9,25
68,89,41,36,52
75,45,41,30,67
36,36,70,66,4
4,66,45,62,29
56,88,65,11,0
18,78,88,4,79
86,37,1,5,55
68,13,66,8,35
53,37,18,0,60
61,47,61,22,74
84,39,72,52,84
46,68,65,55,48
35,13,14,81,39
67,40,60,49,85
24,39,66,32,85
36,73,73,37,56
17,88,48,88,77
24,43,31,18,5
17,65,17,8,67
83,44,58,12,42
29,28,89,65,5
48,12,65,70,10
85,47,46,89,80
38,14,34,65,64
86,67,44,29,10
65,6,12,75,63
19,78,56,71,5
20,76,53,29,59
33,62,85,31,60
38,26,85,22,60
52,2,70,72,80
52,72,80,15,58
26,44,64,55,6
8,47,1,2,5
14,54,36,45,78
64,78,69,51,48
32,47,52,57,68
61,82,12,0,24
66,84,21,7,38
48,80,35,1,5
42,83,63,29,82
64,66,25,87,10
75,2,55,48,21
67,7,64,62,42
64,79,21,26,19
1,76,45,29,8
56,43,27,42,39
50,68,66,77,0
38,36,4,50,72
23,13,68,22,1
69,3,69,83,69
89,38,33,42,19
66,56,39,45,39
24,64,10,78,10
17,66,27,7,36
25,12,75,35,52
44,63,62,25,51
14,39,77,4,45
88,86,45,45,60
76,83,73,11,73
84,9,4,18,5
87,54,28,75,83
54,20,69,63,87
11,21,74,65,87
52,44,11,74,52
66,28,67,17,78
33,80,15,41,32
31,73,67,6,81
30,35,28,86,9
7,44,20,43,12
19,62,19,13,73
76,80,89,18,89
79,17,32,85,19
44,84,30,39,13
49,4,87,80,63
33,51,39,74,63
25,75,87,46,25
3,57,64,34,85
48,86,19,13,74
85,37,7,39,45
80,50,1,53,69
87,17,13,75,76
81,15,69,51,25
37,38,66,7,32
33,71,10,4,3
72,22,31,27,61
13,35,87,52,45
26,35,7,64,15
12,72,3,77,18
65,65,69,83,75
57,64,71,20,41
9,24,13,71,82
84,56,12,2,69
84,32,84,33,32
78,53,3,2,29
27,57,36,11,24
28,2,71,79,8
1,53,37,7,60
34,79,38,55,27
46,70,63,60,35
24,4,36,72,57
3,78,28,26,42
14,41,23,26,64
42,18,39,44,44
14,81,5,33,6
38,38,12,88,26
89,14,55,60,37
25,19,56,73,66
34,18,42,79,89
11,36,37,41,70
72,45,6,12,88
26,10,59,39,17
38,47,79,55,11
7,41,74,0,53
78,33,3,65,62
16,55,59,34,19
74,13,75,85,89
61,17,66,9,52
44,23,52,43,6
3,41,9,72,58
79,77,1,56,7
63,28,38,58,81
36,69,75,22,75
82,72,86,14,12
63,58,61,24,83
80,68,21,80,34
50,59,17,78,32
10,61,45,45,56
85,0,34,40,59
64,3,32,33,65
62,75,89,62,38
43,38,9,19,22
16,8,31,1,5
77,15,49,16,89
38,39,36,3,48
14,41,39,64,57
16,15,31,35,3
38,88,67,15,65
49,79,19,25,89
36,60,31,79,66
53,24,63,13,5
31,69,48,73,63
46,40,35,1,49
60,55,0,83,33
64,61,79,49,57
4,79,83,71,50
83,65,87,29,32
33,74,55,86,14
8,13,64,52,4
82,68,44,54,74
34,24,45,63,77
43,59,4,16,4
63,40,2,83,26
89,64,4,27,57
66,78,40,73,25
46,86,14,41,84
12,3,25,60,69
88,61,56,48,55
82,12,82,33,13
86,7,38,14,29
67,73,78,67,9
81,3,9,3,68
43,17,50,6,49
12,69,72,57,24
68,52,68,26,62
43,79,59,86,57
39,16,5,79,76
74,18,28,33,56
27,84,51,57,33
81,9,32,77,22
50,13,3,35,0
80,34,71,53,8
66,73,14,52,66
69,6,77,37,37
70,40,40,86,55
66,30,47,34,17
48,35,29,72,84
62,28,23,23,9
28,66,81,7,62
25,10,82,51,16
64,88,14,38,70
28,83,86,60,74
73,14,5,13,61
25,82,75,40,77
28,9,22,76,2
2,35,2,40,58
30,30,19,54,73
29,33,47,21,18
89,51,69,50,3
66,79,5,88,52
2,52,46,26,17
70,44,37,2,70
59,22,86,78,4
62,88,85,67,6
52,2,69,3,15
32,63,24,5,37
72,55,19,0,4
55,84,59,2,52
9,79,77,31,2
74,45,84,31,5
4,9,1,84,45
17,6,62,20,82
42,24,35,29,22
63,21,36,47,9
31,35,89,18,56
36,33,66,2,24
7,42,19,54,80
49,44,31,86,86
77,85,47,12,71
72,67,64,17,20
78,48,84,36,54
68,29,54,57,63
23,40,49,67,44
48,46,53,65,87
47,53,36,61,8
28,79,41,49,33
48,75,68,86,0
2,67,25,38,86
61,38,10,13,53
36,78,48,64,75
29,2,12,71,89
87,82,33,62,64
5,58,70,1,66
74,32,48,32,22
42,69,33,68,35
68,69,48,29,55
52,59,76,87,89
63,17,55,39,56
45,27,22,75,20
69,35,11,84,40
62,10,44,79,86
23,55,25,30,87
27,26,11,57,6
53,14,74,9,60
9,50,33,65,1
61,38,65,78,18
88,81,74,71,78
10,6,4,12,82
19,88,50,42,32
53,6,38,68,27
13,29,38,87,18
54,61,52,61,72
68,81,38,59,51
52,81,86,55,74
66,9,84,0,74
25,5,35,69,74
43,30,85,19,12
67,59,77,15,60
26,49,30,47,12
33,70,23,75,81
88,18,16,11,50
75,21,70,18,4
22,43,72,2,42
35,58,55,25,86
62,81,51,16,4
43,64,66,47,62
50,63,59,57,45
1,52,86,70,75
37,89,85,87,16
12,50,49,55,12
32,79,37,51,11
23,71,40,37,16
34,18,79,26,30
56,0,58,5,76
71,7,19,21,7
36,87,49,67,44
71,83,47,82,5
11,30,23,75,50
56,62,63,53,9
57,38,34,63,13
37,47,76,33,30
29,44,51,54,28
1,24,69,46,65
56,33,19,52,71
35,50,18,47,76
12,76,56,31,87
87,74,50,65,11
69,22,6,16,33
29,59,86,84,63
46,44,45,14,32
26,6,88,47,48
53,78,81,35,76
22,8,75,83,7
11,45,12,85,72
86,5,77,49,35
81,66,80,84,38
79,9,71,65,1
39,61,76,66,84
80,68,37,3,52
65,8,15,32,20
33,15,13,3,53
44,2,70,5,64
19,46,64,15,56
38,29,46,20,19
41,30,6,58,82
53,83,13,46,45
16,21,17,0,61
6,32,19,16,82
70,71,60,8,81
41,73,53,6,66
5,45,77,40,64
24,30,88,25,26
1,6,0,7,19
36,48,10,8,33
64,74,77,84,73
26,10,74,2,46
15,39,76,5,74
85,27,53,6,82
64,14,35,19,23
34,65,34,62,31
24,86,37,26,67
56,12,21,89,31
70,58,73,79,84
42,12,22,55,80
70,74,58,33,46
13,18,60,86,28
31,14,15,3,2
28,21,46,34,83
73,61,19,52,70
3,10,80,53,71
8,13,30,82,30
59,41,57,63,59
87,56,78,6,37
48,73,55,79,81
42,85,73,3,87
77,45,48,72,2
60,9,37,0,25
76,83,32,43,75
5,82,79,45,47
76,82,61,3,59
56,58,8,2,53
73,28,86,47,76
81,55,26,30,24
9,78,32,57,42
70,22,4,6,79
63,30,1,12,16
30,22,69,79,82
43,41,74,77,13
82,87,4,44,52
50,34,82,61,85
14,77,20,68,49
17,88,12,72,1
27,44,45,59,41
51,54,4,9,6
45,37,40,33,59
85,63,44,24,23
53,84,74,40,51
41,58,60,36,48
4,19,87,33,33
53,43,3,64,80
54,32,22,42,54
62,65,24,38,82
56,28,35,13,30
2,24,54,16,44
20,77,69,32,32
73,35,86,87,35
41,12,89,55,57
45,85,34,69,53
16,46,18,79,86
18,82,26,64,36
68,30,88,76,87
82,29,63,80,7
80,10,7,14,18
75,55,73,10,38
66,52,57,32,20
68,65,27,80,43
55,80,64,5,81
57,6,6,35,89
60,0,39,12,82
42,27,84,21,40
85,40,8,24,39
31,5,52,68,81
89,35,76,3,60
80,14,29,12,12
19,13,82,9,74
62,83,64,29,35
64,27,34,43,58
5,38,67,33,38
6,73,86,67,22
79,72,9,87,48
10,38,1,53,69
64,72,58,9,65
50,27,15,17,78
29,25,31,21,84
57,0,38,67,45
14,88,62,43,44
49,8,20,14,15
68,59,84,75,4
37,25,52,2,25
28,50,27,27,14
79,89,74,49,68
55,5,1,81,35
76,19,5,84,44
65,6,13,77,6
7,57,82,81,20
56,27,14,69,36
49,30,83,16,47
65,16,46,15,53
84,26,5,59,58
37,21,61,25,5
12,0,18,24,65
19,21,54,15,23
42,43,48,21,50
46,59,80,22,13
64,3,10,75,65
19,68,8,35,79
47,40,82,86,28
32,82,10,57,36
53,34,82,10,72
16,41,54,10,60
78,43,48,37,20
26,77,85,1,53
60,38,45,22,40
29,29,87,45,56
7,61,16,64,12
54,66,2,69,13
15,62,80,21,82
6,36,56,67,20
18,76,4,57,48
13,41,88,70,3
3,43,60,10,40
42,18,1,50,6
88,85,48,12,54
81,42,15,56,29
89,68,12,22,0
16,67,49,33,88
58,75,41,68,57
53,40,24,56,66
87,48,83,20,73
25,3,86,56,64
12,66,65,89,38
1,73,55,54,80
83,72,19,30,84
32,19,48,40,18
52,14,37,33,2
27,60,1,57,9
50,7,55,50,53
25,12,61,87,34
32,36,88,50,53
7,68,63,53,50
19,65,40,89,6
29,25,44,79,77
22,73,65,11,37
71,60,23,40,77
11,77,79,60,40
38,47,66,51,55
22,39,49,5,41
84,40,5,5,43
88,31,8,10,50
52,57,3,21,3
15,16,40,13,76
56,0,34,38,85
33,25,62,6,0
81,31,44,33,28
36,35,83,9,62
38,58,62,36,35
11,42,17,33,49
71,38,17,50,11
25,64,59,79,31
30,67,16,66,40
43,61,68,36,18
29,40,4,68,37
9,70,69,77,27
59,25,9,1,12
84,21,29,69,8
86,80,32,79,13
36,47,45,36,54
84,80,88,38,72
49,6,1,65,44
18,46,61,74,49
81,23,36,7,54
86,23,12,67,18
1,14,3,60,61
78,74,44,44,12
66,36,88,2,22
3,78,48,56,33
82,73,84,52,89
35,65,30,77,57
74,34,38,61,89
29,0,36,84,24
64,8,44,35,37
82,16,67,48,3
73,18,86,74,82
34,54,19,16,72
6,72,11,19,25
23,21,6,57,7
61,53,38,42,10
83,62,76,65,36
63,4,1,33,23
52,85,21,75,53
13,5,79,89,8
18,89,50,61,88
76,27,20,28,54
78,67,59,0,35
86,56,56,25,78
29,44,13,86,35
7,87,31,58,85
85,34,86,86,53
81,39,13,6,73
0,25,25,87,58
72,86,35,47,3
21,11,21,34,42
8,52,10,29,47
24,18,57,29,79
30,43,84,32,40
14,61,33,84,87
87,3,39,76,68
12,50,22,89,76
22,30,54,19,47
84,28,1,16,87
48,23,16,49,71
81,17,77,76,4
1,47,23,16,88
50,27,19,25,58
79,16,71,48,80
5,2,73,14,59
62,3,37,53,40
15,51,18,52,43
30,73,62,17,81
77,67,6,67,20
82,56,68,72,85
88,80,64,60,33
27,50,65,44,65
42,3,32,79,83
23,30,5,38,81
24,14,27,0,76
77,83,44,78,31
49,45,9,53,67
63,73,18,48,21
30,10,48,10,18
18,66,9,79,66
75,19,32,56,50
16,45,71,79,70
81,21,51,77,82
81,9,16,68,69
54,70,27,43,52
88,53,39,29,48
44,84,41,42,57
27,9,7,3,30
47,2,77,23,83
11,16,43,68,26
13,57,56,39,69
26,39,0,78,36
10,64,19,63,69
47,71,1,88,61
87,75,70,8,10
61,24,59,51,82
64,41,56,40,84
28,2,65,12,40
40,85,40,23,59
0,27,12,2,66
77,13,59,45,74
72,6,1,16,87
59,20,7,9,18
70,31,8,45,57
52,59,22,31,16
9,63,3,57,42
20,83,8,87,85
85,85,37,83,9
76,86,67,26,64
47,83,72,32,82
80,49,34,4,85
39,16,11,63,60
79,8,53,22,37
27,16,11,75,80
22,11,34,10,83
83,41,83,28,53
13,31,74,7,19
25,27,71,40,89
58,9,10,63,44
37,68,10,73,14
62,4,74,22,39
70,46,6,32,2
35,81,48,85,1
53,0,28,55,58
7,18,58,39,83
37,63,46,65,33
73,14,66,69,3
11,51,69,32,63
21,53,7,24,24
83,79,20,8,45
64,75,4,38,55
19,34,52,54,56
77,85,14,49,13
65,58,76,43,7
18,89,81,55,38
37,76,38,33,44
49,71,80,50,70
59,24,12,84,81
75,19,79,68,5
49,56,48,78,7
18,54,74,84,47
28,31,60,5,1
70,29,34,8,63
59,4,36,20,25
5,58,66,67,57
67,83,23,48,25
0,41,26,11,58
72,54,21,26,69
41,38,24,29,71
51,36,5,40,26
63,12,54,7,54
54,16,4,59,20
75,21,9,83,14
14,34,77,9,22
89,33,23,69,27
80,43,26,45,18
4,33,70,69,55
52,64,29,37,42
83,72,82,14,73
13,33,23,82,39
72,74,25,10,88
86,82,20,22,39
66,35,16,59,81
46,45,65,34,6
20,6,18,80,68
60,20,35,46,66
8,23,42,2,67
82,32,23,83,31
85,57,42,52,46
89,63,13,46,36
18,26,85,48,44
14,25,50,18,57
66,43,0,15,51
12,21,61,77,34
61,18,13,42,71
87,34,78,49,4
48,51,34,27,43
59,40,26,29,8
81,51,57,47,81
11,57,70,22,18
15,41,31,48,12
43,54,63,10,60
41,77,67,25,74
87,69,14,19,63
14,47,64,73,0
58,36,8,79,29
68,69,26,35,18
21,89,10,4,77
52,52,37,15,44
40,0,71,24,54
79,12,40,21,1
0,55,63,55,46
67,46,64,38,74
83,77,19,33,34
88,74,37,66,35
83,52,44,10,15
34,68,24,37,84
67,8,55,68,83
21,12,80,28,79
16,85,57,20,59
4,52,36,13,42
5,67,3,23,39
73,46,66,23,66
47,48,51,66,43
87,23,51,73,38
29,89,33,8,19
8,79,69,28,2
73,15,4,53,72
18,2,14,49,40
73,79,78,88,16
69,38,6,20,39
15,53,83,75,52
64,45,48,76,33
40,25,15,35,68
45,9,58,44,76
14,34,31,13,0
31,53,72,30,14
9,59,68,81,5
79,11,88,75,75
56,51,28,67,44
41,24,88,5,39
43,70,3,40,72
13,27,5,8,89
47,71,80,48,73
48,23,71,56,17
76,43,24,37,2
21,49,86,53,63
82,15,50,22,79
27,84,70,88,83
79,6,29,16,23
6,25,21,34,60
8,26,75,69,24
7,73,39,11,87
60,83,18,37,4
29,39,47,49,51
20,73,82,83,33
34,75,23,55,50
85,62,80,33,5
57,47,36,11,21
26,11,59,8,60
32,8,64,75,63
56,62,5,31,16
88,38,24,74,72
44,86,25,30,57
60,13,31,83,76
14,42,41,26,74
71,62,81,3,63
35,89,70,65,68
61,74,81,58,9
51,53,68,24,65
13,35,36,53,29
33,56,50,77,83
30,11,57,47,4
59,54,87,35,78
60,72,84,72,56
88,31,20,73,5
57,29,55,67,57
7,32,28,17,20
14,80,63,83,79
25,41,17,17,81
40,25,72,6,60
14,3,89,9,27
19,13,30,6,58
84,85,81,25,50
89,76,77,73,31
84,14,23,3,24
12,15,38,76,67
77,88,59,77,10
70,55,21,77,1
78,43,17,51,48
52,49,2,27,72
67,38,13,76,50
70,78,83,9,5
10,40,58,22,60
24,64,15,51,14
41,22,51,57,50
46,58,32,69,16
27,42,41,48,57
63,70,89,65,30
29,88,39,9,85
2,19,2,14,84
80,10,85,42,6
24,54,58,30,72
26,54,73,76,67
60,26,37,59,64
33,41,39,71,45
78,26,60,73,50
77,36,53,25,68
70,37,39,87,18
37,78,27,29,84
75,61,21,78,29
74,7,89,4,56
26,10,84,77,11
19,44,89,24,48
24,9,5,88,13
2,35,57,14,78
69,2,16,5,10
42,84,8,41,76
48,32,36,17,7
85,89,37,7,67
7,74,9,86,36
52,11,35,77,63
36,33,19,13,0
64,41,85,35,21
15,59,25,40,43
67,52,83,48,23
37,83,24,1,33
5,72,36,37,84
85,26,33,6,81
50,73,62,44,22
46,27,84,3,78
5,26,76,22,60
9,2,55,76,19
85,27,63,83,45
68,85,26,82,87
16,31,38,30,48
42,79,59,85,32
8,17,13,87,74
58,62,4,33,20
17,31,23,55,33
55,87,67,39,60
14,73,5,71,85
28,31,69,74,45
42,1,57,12,54
31,69,69,51,15
49,88,33,37,40
48,23,59,55,26
47,82,18,64,34
40,71,68,33,6
70,58,72,2,26
32,66,46,34,15
82,4,54,11,43
44,26,22,13,50
26,27,36,5,56
34,84,64,60,27
28,7,83,13,14
27,4,6,83,54
18,46,4,38,50
72,34,53,78,48
80,66,41,46,60
46,0,66,34,24
59,87,83,86,42
62,14,56,65,47
63,59,87,21,65
89,14,71,2,11
49,59,83,38,86
21,43,53,76,88
21,26,60,29,31
15,70,34,64,59
57,39,66,75,76
58,80,89,70,17
68,81,2,1,87
52,68,24,18,29
86,29,27,18,65
55,57,89,36,11
31,58,28,24,0
64,4,15,60,64
73,54,66,55,7
13,50,33,25,77
0,43,51,69,58
20,9,28,86,65
73,80,42,42,0
21,76,9,35,3
82,40,59,41,55
22,22,88,30,60
46,43,57,63,33
82,54,24,63,29
27,57,82,30,55
2,64,49,19,32
8,87,81,14,60
64,59,68,53,2
18,46,56,47,43
63,81,30,81,47
7,76,80,14,26
23,17,13,9,13
66,45,70,83,23
77,27,35,55,18
16,55,42,74,17
61,52,26,60,55
43,63,73,41,33
60,21,4,32,69
52,60,12,10,66
81,88,88,61,14
58,27,63,54,0
18,5,14,33,86
39,24,34,35,65
13,1,40,20,61
63,18,55,20,42
2,73,81,79,33
85,28,49,44,44
88,55,19,40,15
72,63,6,20,24
54,76,89,28,38
48,6,18,75,13
20,72,50,51,26
21,34,15,83,8
42,86,54,9,8
72,34,31,88,87
38,10,22,66,36
9,44,31,15,82
9,44,73,77,50
83,78,59,45,60
14,40,43,83,9
46,62,8,55,1
0,28,50,18,14
47,3,19,45,46
63,65,89,21,78
67,37,55,43,75
70,59,33,12,31
75,15,12,38,9
50,13,15,34,28
70,49,27,13,79
33,51,3,68,53
85,75,67,16,59
0,73,35,15,48
29,15,44,2,28
62,52,10,82,53
3,15,89,87,64
20,72,8,70,77
35,41,24,71,5
76,27,76,86,58
30,69,37,71,56
19,14,64,78,16
51,20,25,62,44
54,74,37,58,1
70,63,22,34,88
10,71,67,53,72
24,83,3,26,80
83,6,75,2,53
1,17,10,23,15
80,6,34,15,11
0,40,17,39,55
53,14,74,25,14
50,87,38,42,43
53,86,14,49,64
22,33,5,84,40
8,24,40,71,23
76,9,69,79,71
52,14,38,20,5
9,81,3,56,27
74,64,2,15,64
13,4,52,49,86
84,50,80,74,14
37,47,17,71,17
18,38,3,82,37
88,77,65,24,18
41,24,17,26,50
30,0,83,62,83
61,11,18,37,73
85,14,53,68,54
0,45,61,14,62
54,87,55,49,11
58,34,5,31,57
76,25,50,5,64
19,47,29,20,11
29,51,73,63,11
43,39,3,85,20
81,80,81,54,22
63,10,3,40,40
81,6,59,60,57
59,77,52,18,61
82,19,53,89,63
8,78,57,54,86
36,86,55,33,56
68,48,52,41,79
64,12,81,8,86
85,81,25,26,2
7,88,71,64,51
83,45,73,0,80
15,14,29,45,31
6,43,88,57,81
80,51,63,85,15
56,35,8,54,24
75,77,87,72,67
61,45,64,20,30
42,61,5,34,2
13,77,62,28,76
75,38,13,25,62
77,45,52,67,43
30,65,9,68,51
0,15,78,35,38
82,18,59,34,45
23,76,52,28,85
40,60,45,55,26
85,19,66,20,4
24,63,9,55,60
75,3,57,4,26
33,82,49,26,64
70,78,33,44,53
44,28,11,74,61
1,41,50,46,54
85,26,61,64,75
83,77,54,0,69
23,33,46,47,47
76,60,30,41,5
29,46,85,80,68
0,49,3,72,65
41,79,43,9,27
45,67,83,86,28
79,42,3,64,12
63,68,26,64,61
60,28,56,4,19
87,65,3,85,2
14,61,82,15,53
17,76,54,55,49
82,0,77,25,38
53,85,72,53,73
75,16,37,61,23
85,39,44,37,46
74,73,78,13,69
70,83,21,61,55
85,65,67,80,12
32,2,81,56,22
81,25,74,86,17
26,11,11,83,79
68,74,53,18,65
33,63,14,21,64
2,65,56,14,52
36,43,14,44,86
13,12,53,61,11
15,61,73,74,75
5,66,55,17,61
71,68,2,36,51
37,85,60,63,23
5,9,58,73,59
25,54,86,71,36
4,11,30,68,60
16,51,19,25,27
47,85,89,87,13
46,19,41,80,45
45,2,4,48,5
5,89,76,55,23
58,1,37,44,54
23,26,81,37,48
52,46,43,77,28
48,87,6,13,62
69,65,16,6,2
57,35,55,88,48
22,71,85,61,51
40,74,23,80,1
0,4,37,19,44
6,23,16,67,64
15,47,30,10,89
54,70,11,69,78
61,4,24,62,31
29,46,45,43,55
51,48,60,9,86
55,85,1,48,64
78,1,72,68,79
2,7,28,42,87
76,76,70,64,52
39,42,56,12,30
65,83,6,24,3
81,67,39,62,54
10,79,10,35,23
29,44,77,86,58
53,18,71,61,85
70,20,23,57,72
39,8,52,41,52
3,20,28,74,0
86,13,5,63,41
74,29,41,4,24
87,11,23,4,43
77,54,55,8,87
27,12,67,86,62
76,56,73,3,8
81,49,52,72,73
41,73,29,12,23
49,32,49,50,15
15,0,11,29,34
30,48,76,68,10
58,33,42,12,85
50,23,0,82,34
40,41,47,11,23
31,83,50,88,3
62,44,21,66,51
32,35,73,82,17
82,37,85,12,50
86,42,52,74,62
69,79,77,72,78
20,73,36,28,17
1,17,19,54,8
36,11,19,2,53
60,25,8,48,17
87,11,73,87,75
1,43,78,61,70
46,48,31,6,16
67,36,63,84,41
30,9,82,41,30
58,36,15,20,51
89,13,40,60,27
50,8,56,26,51
85,34,49,25,80
42,70,8,79,69
28,27,0,55,38
58,84,66,64,15
7,26,1,28,22
55,62,24,18,74
72,30,80,17,16
74,54,37,83,4
66,28,0,57,51
35,67,75,31,3
50,63,81,61,4
25,24,69,33,50
30,10,85,59,52
16,37,19,71,72
2,54,8,72,85
46,0,32,45,51
67,40,37,62,63
18,17,46,2,20
22,26,49,14,83
25,85,51,40,14
74,27,24,6,58
26,28,63,71,64
48,32,30,83,15
1,88,17,60,63
35,81,31,38,64
61,83,39,49,83
64,70,36,55,52
72,73,81,88,2
36,87,10,26,63
23,17,26,28,31
68,77,68,37,73
78,15,61,34,71
29,21,51,34,32
38,42,48,22,72
70,16,41,9,65
72,37,57,69,86
1,43,69,75,73
61,87,74,60,52
86,86,19,41,33
21,42,11,85,51
54,65,44,7,43
15,29,81,36,17
37,63,87,71,9
46,45,13,50,15
14,76,43,15,70
31,65,66,46,10
8,71,39,17,45
67,18,38,27,48
35,75,23,36,23
32,12,68,13,19
36,69,80,48,15
86,25,67,9,52
79,42,79,33,75
22,41,79,46,17
71,62,37,86,36
1,79,70,45,43
27,85,68,85,22
58,67,80,73,62
41,48,51,23,0
72,58,89,76,27
41,24,49,45,87
38,84,7,79,69
38,11,19,3,70
54,31,0,1,61
3,34,47,41,72
29,64,87,43,52
54,66,17,61,83
84,6,28,78,80
60,66,35,23,13
28,68,78,36,48
40,63,85,52,73
6,53,16,42,74
84,37,25,57,67
25,5,49,36,55
35,86,32,35,1
86,57,24,18,65
13,80,44,32,88
51,84,17,2,88
82,50,78,23,70
57,68,56,23,57
12,2,33,75,84
75,88,53,85,10
54,82,26,62,31
33,24,2,56,22
47,0,75,78,23
63,67,89,29,73
17,30,35,41,39
43,52,35,65,10
35,37,70,18,2
14,78,6,32,22
2,52,51,4,7
80,88,19,68,58
2,40,89,79,77
49,52,69,89,0
19,3,60,9,59
11,59,88,45,44
88,21,52,15,51
9,48,12,40,89
46,70,59,19,31
13,55,83,42,3
50,86,53,22,79
84,81,68,17,80
5,1,50,68,6
41,1,84,76,41
74,16,49,46,58
62,2,50,71,24
88,72,46,8,74
44,45,18,67,25
4,21,85,74,45
32,54,29,35,77
45,32,5,57,71
38,48,69,16,54
1,17,3,72,8
37,4,75,30,2
82,56,15,4,51
50,38,29,45,30
0,89,35,81,28
58,59,11,45,9
31,44,52,50,12
55,14,72,27,88
2,68,19,22,8
11,16,67,7,3
78,76,66,69,64
14,5,4,66,22
10,10,29,36,64
34,11,15,89,36
9,65,9,45,64
67,42,29,42,24
14,32,11,35,89
2,68,71,37,35
15,49,75,78,28
55,84,62,40,79
36,67,0,56,51
16,45,31,50,56
50,10,61,26,6
20,33,1,53,55
71,87,23,9,72
66,64,54,17,15
30,79,28,1,83
34,0,68,65,65
23,1,67,16,24
23,66,35,67,6
25,36,66,28,13
11,7,11,80,69
66,77,64,25,26
48,87,49,41,30
0,34,38,67,18
6,29,35,1,54
56,65,65,78,84
30,74,8,80,61
77,49,49,77,85
13,31,62,11,3
47,80,24,42,38
72,13,64,77,71
42,48,11,60,53
35,57,18,7,14
57,11,43,22,87
22,19,89,57,34
22,30,46,65,60
51,4,75,6,62
27,81,79,63,63
82,16,29,61,52
77,88,28,70,71
40,56,57,12,41
74,67,37,0,80
52,14,62,45,3
52,72,43,45,7
22,37,57,32,44
75,29,2,68,42
78,84,61,55,11
68,68,89,6,75
40,65,51,22,88
42,51,80,80,82
78,60,84,51,79
74,77,21,75,50
61,53,10,29,34
29,51,79,19,20
22,38,80,46,37
54,25,58,32,64
18,4,25,7,76
85,72,15,35,16
7,53,76,44,88
33,25,26,16,38
51,4,28,49,69
43,6,21,36,57
40,18,53,62,77
76,62,26,55,39
46,54,84,71,80
86,75,57,12,76
38,40,45,23,72
62,33,47,47,48
40,65,27,49,66
56,88,80,46,34
52,88,83,64,72
6,54,39,89,22
16,50,87,87,8
32,68,50,65,16
76,20,85,18,53
73,68,51,34,55
78,6,68,77,20
52,35,57,60,83
19,25,77,44,0
47,86,42,26,49
46,70,35,47,11
75,16,62,29,87
72,40,70,60,68
52,59,38,47,83
63,37,89,56,49
67,52,61,26,40
16,68,26,75,45
59,36,40,1,33
58,84,79,17,42
54,58,30,33,5
63,82,82,52,64
85,33,77,53,87
35,10,76,25,7
65,58,78,49,37
59,33,86,58,21
26,68,50,52,15
71,68,69,58,20
13,54,43,59,8
65,79,76,54,58
22,41,9,80,18
36,75,53,54,25
44,70,4,84,11
46,17,7,28,3
11,0,60,53,55
78,38,32,52,5
73,66,61,13,1
46,56,86,83,30
28,36,75,75,60
38,85,85,40,20
60,77,19,28,77
34,52,52,77,72
19,27,45,2,19
33,66,2,16,21
6,70,3,20,86
60,47,46,75,29
20,72,14,35,53
30,59,76,1,78
57,52,80,33,60
21,7,14,63,43
62,38,43,22,65
2,0,19,38,83
45,31,53,54,12
35,53,8,21,65
67,53,18,88,40
56,48,83,63,76
57,55,85,26,84
36,35,74,56,39
73,37,64,3,36
45,84,72,82,79
58,20,63,33,49
41,3,58,10,0
31,24,64,71,21
39,89,78,8,70
52,14,71,0,57
46,25,46,40,56
5,19,75,4,61
16,20,52,87,77
61,85,27,85,36
78,60,53,55,29
76,39,5,69,61
78,67,77,60,84
55,56,87,23,36
31,29,29,60,43
73,25,68,64,78
56,59,17,50,76
51,13,71,7,32
71,71,70,25,40
47,24,70,38,43
25,69,11,77,55
31,35,64,14,7
49,3,14,61,43
47,33,41,89,68
66,55,57,38,22
87,30,6,85,46
87,36,23,41,40
66,49,67,40,54
63,73,17,61,87
14,25,2,0,54
1,19,57,44,19
82,43,12,29,60
46,45,21,16,65
26,32,67,62,85
57,59,42,41,26
71,69,15,75,78
24,20,46,39,25
85,2,20,3,66
88,11,4,5,19
14,1,82,25,44
28,36,66,35,72
56,60,53,45,81
30,83,32,2,72
70,31,19,40,46
55,60,5,74,3
69,62,28,32,72
38,33,66,87,13
5,32,10,73,31
11,48,59,22,42
24,76,17,78,40
84,43,59,50,55
21,7,53,70,27
75,65,45,31,61
77,21,86,63,87
41,63,68,44,76
20,45,9,75,71
73,69,43,53,23
10,68,61,62,76
41,48,79,19,48
68,9,21,82,25
0,65,6,26,61
79,5,53,33,41
13,75,79,17,48
1,23,41,51,52
35,38,28,62,87
55,12,71,88,44
41,75,18,46,71
62,37,61,86,63
81,58,46,60,51
26,28,57,15,15
71,6,83,67,80
69,54,53,64,56
48,84,35,46,18
50,17,86,62,73
48,15,12,85,45
26,78,35,61,55
66,60,20,76,79
70,6,19,43,89
37,73,43,49,23
58,86,20,17,71
88,29,45,64,49
48,76,23,72,57
21,33,61,48,35
41,2,55,56,3
18,51,15,55,27
53,76,87,72,11
59,75,42,56,37
38,25,15,12,68
83,80,29,29,77
34,75,67,13,43
49,48,62,60,68
61,13,14,18,87
8,11,3,3,72
10,16,38,50,49
83,83,52,44,19
62,47,35,53,39
37,3,44,26,82
43,82,31,59,15
56,59,30,65,27
32,36,1,19,62
81,8,50,19,5
75,89,71,75,49
46,55,32,80,3
61,0,0,8,69
12,36,65,38,26
64,74,71,36,34
16,39,5,2,60
33,4,39,5,18
38,64,38,61,51
17,31,33,74,34
33,38,26,63,79
32,32,68,23,4
55,88,73,60,56
72,60,41,55,63
19,42,78,26,12
20,24,60,23,24
51,2,19,64,1
87,66,55,37,43
64,26,17,8,16
38,3,53,49,68
25,52,55,2,35
10,83,53,2,21
64,74,60,42,29
74,42,15,88,35
39,33,23,22,27
33,79,71,40,66
10,81,63,13,59
20,83,16,24,82
42,30,81,58,31
39,11,1,55,69
87,38,70,15,38
23,55,84,39,33
77,56,58,68,26
88,33,67,85,13
84,0,84,21,82
3,40,72,64,32
49,42,59,11,49
49,67,37,87,62
77,53,37,47,45
65,58,74,28,26
77,23,26,77,47
17,54,57,21,11
70,14,43,61,21
12,80,23,3,52
40,38,29,19,87
3,87,10,79,80
73,28,75,83,49
28,51,41,39,41
70,17,67,65,21
69,49,60,64,59
12,75,22,38,59
78,55,42,26,15
72,28,8,8,5
75,10,15,52,64
3,15,9,39,57
79,9,42,28,24
7,11,32,17,25
41,51,58,70,36
74,41,20,71,32
81,79,87,54,6
8,7,4,60,67
1,53,68,81,83
33,52,8,57,24
43,0,53,0,20
33,19,60,51,16
29,78,36,44,59
7,50,46,82,35
75,18,45,70,44
85,15,61,59,68
29,51,80,30,84
57,52,30,55,88
41,78,54,70,72
66,20,49,67,85
38,51,28,6,35
61,87,68,12,3
15,37,74,84,72
26,64,48,65,19
34,20,61,78,41
29,37,46,51,16
3,14,64,45,2
87,6,80,9,33
54,21,61,55,72
62,22,83,60,3
10,73,26,79,59
46,18,19,3,22
9,87,18,38,40
30,64,72,27,89
27,5,48,51,41
44,9,52,69,75
13,3,35,62,66
41,55,52,88,40
37,50,62,41,22
65,41,49,29,8
83,74,24,85,56
49,34,76,41,47
27,86,5,86,14
83,80,38,50,67
30,81,8,28,2
18,87,45,15,0
23,27,4,11,21
73,28,83,33,66
22,6,80,47,37
52,5,13,63,21
5,53,54,68,85
82,46,73,0,51
28,44,16,22,65
47,87,16,39,26
2,84,85,47,82
80,55,45,46,51
75,81,4,37,44
48,67,23,24,52
51,44,46,0,51
9,39,27,46,18
51,68,48,45,43
13,61,54,58,43
67,33,59,23,50
13,37,56,77,29
66,40,60,71,29
45,68,2,35,39
53,27,20,16,26
10,49,72,51,68
81,12,35,5,77
34,24,26,1,88
3,75,30,61,35
16,46,85,51,86
17,84,28,37,42
8,31,25,34,68
33,54,50,4,76
83,42,36,61,24
87,21,25,18,10
7,28,54,84,58
87,73,26,85,83
75,69,34,21,0
52,89,88,1,60
2,4,76,0,42
9,11,86,32,79
32,23,40,83,53
77,30,51,56,40
4,26,52,38,39
10,73,12,88,73
61,60,50,38,29
83,20,2,65,0
9,14,66,76,50
23,55,36,54,5
52,73,79,34,50
46,61,43,68,77
62,19,69,15,79
14,63,28,26,10
89,10,25,32,55
10,39,62,22,12
79,49,69,43,42
47,13,10,67,40
9,24,40,0,20
35,63,40,11,65
26,36,35,68,18
22,66,77,24,8
31,38,17,73,34
20,70,44,23,23
47,62,36,38,5
24,59,48,80,31
61,42,85,50,2
6,21,78,6,46
9,62,31,77,42
75,6,2,8,75
3,27,81,7,48
23,79,23,8,79
1,5,46,23,64
50,53,89,37,13
8,32,89,55,1
59,19,46,27,53
84,53,85,81,77
43,55,84,27,26
2,11,4,85,20
49,22,56,63,17
45,14,9,89,49
20,0,15,26,74
84,32,50,46,81
27,35,12,68,7
21,79,2,16,3
32,71,72,56,5
15,0,52,57,57
32,5,8,13,60
88,32,88,19,74
83,74,36,74,12
13,33,64,8,2
41,30,8,47,9
82,56,23,40,27
11,41,61,60,81
50,24,9,15,14
73,4,71,50,24
8,49,5,14,53
55,75,14,49,55
11,74,1,76,13
54,57,27,89,64
56,87,53,66,30
2,31,84,89,74
66,76,34,20,30
46,66,77,87,84
88,50,6,43,86
52,78,84,56,55
51,25,57,57,13
51,38,70,66,74
34,54,54,19,83
49,26,75,16,84
32,49,36,10,54
86,64,76,56,14
27,86,35,9,43
66,62,41,43,33
40,1,72,1,80
69,70,49,35,52
60,47,6,21,17
20,32,87,46,56
0,69,41,56,33
64,25,70,63,69
36,68,32,3,69
44,77,25,86,78
0,9,1,15,53
87,43,6,60,21
50,47,22,33,77
10,89,33,69,14
70,6,41,45,34
54,62,10,11,84
17,26,28,27,67
67,16,75,55,58
64,31,9,18,13
64,31,37,3,16
72,2,38,53,29
27,22,39,25,20
70,87,18,63,36
4,36,40,69,26
58,28,66,41,27
14,48,0,82,5
35,52,8,75,31
23,22,82,28,29
31,76,72,30,72
73,54,21,71,55
33,17,39,48,76
64,89,80,28,3
85,60,61,41,74
63,35,68,84,36
51,66,29,58,52
33,65,67,32,13
83,46,7,12,1
15,24,5,10,46
73,83,11,1,78
38,45,20,78,43
67,21,22,23,65
13,0,5,77,70
81,89,6,70,86
76,83,61,87,23
33,76,71,56,68
32,39,83,36,28
25,86,68,44,48
56,38,5,71,86
16,62,2,7,30
51,40,67,21,17
71,20,50,53,58
63,4,86,50,7
36,56,33,78,87
46,52,81,86,76
81,45,48,89,9
8,31,70,23,34
34,79,85,10,51
23,64,4,11,84
30,3,58,35,48
33,68,71,69,60
80,63,81,59,29
62,22,64,73,10
12,28,27,67,49
61,47,88,44,23
10,25,21,57,67
12,86,52,78,63
88,89,44,55,34
37,42,72,67,33
17,59,11,28,2
44,21,4,7,49
29,58,9,54,24
29,49,56,60,89
34,71,44,87,26
36,53,19,69,57
71,5,60,5,12
74,16,86,31,88
63,17,7,41,27
87,69,39,25,45
37,53,67,48,70
76,28,82,62,60
55,22,40,70,65
44,45,55,35,64
7,56,60,56,70
20,59,6,38,13
11,72,83,69,34
3,26,56,49,35
52,0,55,14,79
11,61,27,16,22
76,48,45,60,8
73,20,18,54,27
53,78,5,69,6
29,43,67,54,28
17,88,42,24,74
26,83,16,82,17
37,53,77,86,2
65,44,83,4,23
78,60,3,34,7
12,78,51,49,86
13,33,83,44,28
14,53,69,54,5
78,47,21,10,36
70,77,3,49,55
53,40,71,20,3
5,41,45,69,43
39,23,86,21,30
66,25,26,30,20
0,41,80,19,42
45,2,83,79,50
15,18,42,69,82
57,32,47,70,9
73,4,54,22,86
15,76,75,72,1
20,63,55,26,53
51,46,45,7,51
49,29,1,68,25
56,84,12,31,61
59,80,67,59,36
5,38,37,83,23
43,24,81,7,36
66,88,76,54,14
58,32,74,41,89
74,54,54,78,20
67,6,88,86,54
38,35,29,65,2
84,51,58,21,76
37,34,4,59,71
28,61,89,47,64
78,45,15,22,63
4,1,42,1,56
27,48,14,82,62
79,1,10,42,75
28,21,66,49,88
75,72,56,45,32
84,64,4,7,17
75,51,39,3,82
22,66,78,37,47
41,17,65,42,64
30,29,86,30,14
30,18,86,16,38
43,2,55,58,39
75,60,59,36,64
81,51,37,63,43
69,87,76,17,82
68,40,65,33,80
66,44,9,36,77
73,46,59,56,46
33,8,69,85,0
86,88,39,24,10
52,9,51,76,76
49,77,11,66,79
14,32,20,5,25
70,57,58,29,3
49,36,0,9,42
39,70,37,43,43
34,18,25,64,81
79,19,69,15,55
56,29,0,27,74
67,16,88,31,75
24,8,72,30,4
69,14,1,8,12
88,63,1,34,66
75,49,15,35,46
26,46,19,81,72
28,41,58,61,22
40,16,86,72,32
35,56,14,63,41
6,69,10,79,12
18,32,12,85,35
16,82,57,71,33
52,26,76,38,27
36,2,71,68,37
52,52,27,71,82
43,10,48,10,40
53,74,46,81,65
50,19,46,3,64
18,15,70,74,73
29,64,28,14,45
51,65,54,55,67
45,67,32,23,9
4,6,21,30,55
54,86,78,67,48
84,64,21,6,78
16,51,80,84,2
33,66,13,53,78
53,33,40,66,36
71,57,32,30,46
72,47,28,31,88
77,32,80,19,1
26,5,28,31,40
42,75,65,71,69
83,16,54,6,22
56,21,78,10,8
5,75,51,59,2
28,51,36,35,36
77,85,67,19,8
6,62,22,20,11
8,72,82,88,26
39,39,23,59,47
60,84,33,24,11
80,4,55,54,72
44,89,84,64,16
35,56,22,86,73
33,35,14,8,1
38,16,58,7,72
82,67,20,78,7
83,21,61,37,15
45,78,57,52,57
19,16,52,83,71
24,44,52,45,80
69,58,0,89,67
50,50,63,71,78
29,48,19,20,70
76,43,10,7,1
3,19,35,57,9
48,7,44,13,79
75,43,12,33,29
35,46,79,41,69
39,71,37,79,71
28,87,51,42,75
42,51,57,88,28
39,49,43,83,48
41,32,81,54,65
11,77,78,9,55
86,74,46,29,12
83,87,39,85,51
63,71,3,55,69
23,58,35,70,30
13,26,35,31,11
49,37,43,60,54
8,68,50,37,33
43,50,29,1,55
74,30,32,51,16
65,57,14,56,80
8,28,25,63,55
47,11,89,18,19
33,33,52,84,53
56,0,16,15,25
3,70,11,76,55
67,74,15,81,5
56,74,3,42,74
82,26,87,30,80
85,65,70,60,21
43,55,29,30,0
39,41,21,61,59
48,58,25,1,48
80,34,16,32,40
70,62,52,40,57
13,78,73,32,45
79,52,55,16,37
12,53,79,10,79
18,50,65,68,66
58,52,4,84,57
58,35,45,17,75
59,73,39,10,66
49,87,59,60,0
76,87,14,53,17
82,29,51,65,62
58,84,3,31,54
66,34,39,85,22
79,55,85,80,88
57,36,11,24,33
63,71,30,29,26
11,7,77,43,75
15,30,29,16,85
76,1,20,82,71
18,33,75,29,58
1,66,19,18,89
17,65,0,55,0
18,56,21,68,71
89,4,21,50,86
42,18,34,78,80
46,70,87,22,36
80,20,78,52,2
23,5,6,49,53
51,79,33,77,36
14,81,26,58,67
74,73,68,54,17
74,21,30,20,5
16,38,44,8,63
84,20,29,76,46
20,23,68,6,60
29,9,16,69,78
85,19,16,57,6
84,36,65,50,84
76,48,65,50,35
64,80,7,33,10
87,45,76,84,82
32,26,12,8,55
17,83,6,83,68
55,19,43,19,86
24,62,42,18,61
82,28,52,11,75
37,19,6,69,74
74,25,20,54,39
30,53,64,70,9
81,82,31,58,84
78,12,22,50,87
17,78,48,36,34
41,36,67,11,76
38,15,75,17,14
19,63,78,8,44
59,20,30,21,62
80,62,49,5,15
78,40,44,25,67
4,2,80,33,60
47,89,62,16,9
61,64,47,43,34
63,38,17,4,70
51,89,55,85,22
36,70,72,12,66
29,64,87,62,30
4,23,6,76,51
14,27,15,46,1
2,80,26,86,10
52,79,4,79,85
16,87,85,44,49
43,44,81,81,65
61,11,1,30,59
44,19,18,26,67
32,17,81,9,27
18,45,34,86,1
37,72,78,45,87
7,52,6,51,87
28,81,4,47,61
58,44,10,29,55
36,55,87,27,64
80,32,28,51,47
89,33,37,27,14
0,35,49,39,53
76,86,40,24,34
58,47,24,60,52
65,39,41,28,5
35,32,1,61,35
45,88,80,35,55
27,71,16,82,41
61,32,21,75,57
44,71,70,15,36
43,42,29,61,35
51,67,5,19,88
43,60,63,50,40
40,1,19,31,63
84,74,26,13,74
25,1,58,58,29
54,4,22,85,19
54,65,85,33,89
43,60,57,30,46
67,66,88,20,84
23,44,66,48,84
73,66,43,77,27
16,0,34,12,38
48,64,79,1,35
28,31,80,37,7
70,77,49,46,0
9,17,39,4,27
8,42,43,63,4
20,80,34,68,69
17,2,75,25,78
55,41,21,67,58
27,43,39,72,58
57,77,63,84,9
3,20,40,71,15
88,30,74,72,55
78,35,7,60,48
78,87,67,59,0
14,64,67,86,54
50,60,30,56,56
64,69,88,80,73
50,86,1,40,51
58,58,84,42,1
3,88,61,88,23
30,9,39,73,69
57,3,42,60,43
23,21,45,38,72
84,4,38,53,77
69,87,12,76,48
59,35,56,33,74
68,29,71,7,70
45,44,39,1,27
60,89,59,41,16
52,20,30,78,87
49,12,62,38,52
14,74,1,9,22
5,65,26,38,21
55,85,13,76,41
35,44,13,49,38
21,63,65,63,36
73,9,31,23,33
89,77,56,44,23
19,18,80,71,64
75,79,10,13,38
55,10,10,10,53
26,53,28,52,87
15,40,11,73,6
67,84,7,25,60
65,26,48,1,3
74,2,68,63,10
63,69,34,64,17
9,48,6,64,89
61,26,57,49,8
87,72,87,16,82
59,21,3,30,34
79,63,12,53,51
37,21,39,36,18
53,65,34,55,54
34,14,57,52,30
56,27,70,66,69
8,16,71,10,84
75,25,20,60,32
58,27,35,0,60
37,76,48,38,83
66,57,4,80,74
39,7,42,26,18
43,4,11,65,34
74,64,36,23,46
71,71,33,11,63
83,82,25,76,13
38,47,18,21,12
81,83,77,55,33
85,70,9,32,49
25,19,17,5,64
79,51,23,46,11
39,14,16,66,67
14,42,2,79,27
82,36,71,26,73
65,43,78,84,7
26,28,74,59,79
73,31,32,0,69
79,51,6,81,17
76,1,70,51,5
55,35,72,76,73
41,88,47,75,10
61,83,23,71,42
29,24,37,88,11
50,66,50,78,47
54,53,47,40,3
0,87,86,44,61
51,1,83,16,76
87,62,32,31,41
59,25,37,16,85
62,56,35,78,36
86,76,4,34,29
44,23,73,60,24
63,49,65,19,7
36,45,2,47,88
28,32,18,12,66
9,21,54,49,86
44,67,28,72,34
69,69,9,26,40
53,83,58,15,74
12,87,55,59,64
56,28,50,27,66
70,0,65,77,53
31,11,17,74,89
2,83,88,17,35
45,13,39,35,80
67,81,30,23,7
47,2,79,20,53
39,85,63,46,13
67,10,68,1,65
73,84,81,0,29
59,81,8,84,76
75,87,48,18,38
79,76,0,75,60
32,40,14,62,54
21,81,24,52,2
49,4,82,20,25
63,33,23,59,16
12,34,15,9,81
12,77,11,70,45
87,61,78,69,73
76,8,89,61,69
88,8,43,39,48
52,45,53,1,26
60,2,56,82,87
89,54,22,39,3
74,0,10,60,68
41,70,61,2,32
54,20,88,10,33
33,26,47,21,53
88,28,22,37,32
83,28,80,84,18
74,5,40,3,0
59,21,30,28,13
40,19,34,11,14
77,58,7,30,7
37,21,19,83,39
62,89,27,77,61
77,0,40,57,56
18,39,10,36,23
66,82,11,48,63
48,6,69,47,28
8,2,61,44,71
35,17,83,25,10
36,61,1,78,11
53,10,45,49,64
3,43,41,20,65
85,24,74,40,21
41,28,56,13,13
55,48,60,64,25
44,63,71,23,56
63,42,40,46,43
89,87,5,11,66
51,45,30,2,21
12,74,61,20,27
32,43,74,33,44
89,28,73,31,36
12,60,87,12,35
43,74,84,57,56
30,12,45,14,70
36,23,80,68,77
68,46,60,35,64
28,40,79,42,66
61,72,84,53,6
40,81,40,62,4
51,25,73,1,72
54,74,68,42,10
53,62,24,10,54
14,87,67,79,68
6,49,79,12,17
60,49,72,32,47
39,73,89,68,62
16,53,49,85,75
31,16,60,20,38
5,0,36,32,18
16,16,74,49,50
63,66,61,84,50
64,85,25,76,11
13,47,36,78,48
64,36,66,51,20
41,32,72,19,38
16,58,58,59,85
29,33,81,41,19
81,71,26,8,20
56,12,12,78,22
4,50,28,48,6
73,61,20,71,62
64,57,28,1,48
55,62,3,26,69
33,63,17,83,18
59,33,25,36,36
60,75,70,49,57
71,15,24,33,9
20,40,26,49,40
88,69,34,60,3
76,80,81,66,89
1,5,74,75,20
34,62,26,3,65
41,62,40,71,40
81,33,86,70,34
27,66,26,8,51
9,46,68,88,52
36,71,34,89,74
77,12,2,34,78
14,18,11,46,42
12,59,30,19,3
45,57,38,76,35
72,49,72,36,22
17,6,13,48,10
64,85,12,57,53
65,35,86,82,44
58,77,22,0,87
0,54,68,33,28
79,52,8,54,37
56,37,15,16,9
12,14,35,22,23
64,86,59,77,54
6,71,81,82,45
53,10,4,7,40
54,5,24,48,74
40,71,55,51,59
61,56,88,32,77
2,65,77,12,34
70,82,35,3,75
53,40,48,20,15
26,31,86,8,17
30,45,49,45,21
63,44,28,49,11
22,45,31,13,45
45,21,76,30,33
8,76,64,9,87
18,44,89,8,36
33,26,67,10,62
53,73,29,35,14
49,20,82,9,21
59,30,73,55,39
22,69,37,76,65
68,69,31,65,78
55,28,79,13,20
85,4,76,15,42
34,42,50,22,52
20,52,7,34,52
65,19,25,84,1
46,32,21,27,48
46,14,33,81,83
25,44,46,49,35
6,13,86,42,6
5,38,66,14,78
13,45,39,48,43
19,28,1,67,51
80,48,15,10,9
62,66,4,72,43
10,2,31,17,1
54,78,3,38,8
86,22,38,69,71
12,72,58,27,35
7,42,66,26,7
65,5,61,28,87
55,84,75,67,59
45,46,0,80,29
28,45,80,2,6
7,75,50,59,66
43,18,35,86,22
70,20,40,58,79
8,83,44,35,31
48,80,60,44,36
85,3,0,64,19
52,33,66,12,70
12,78,86,38,79
69,24,50,82,33
6,34,65,20,76
29,41,29,66,36
76,75,47,58,45
48,3,13,43,75
18,69,42,4,42
35,33,82,8,44
89,5,21,11,46
84,31,81,20,58
56,46,10,11,79
40,75,16,4,18
12,65,75,59,11
76,13,56,64,89
14,63,14,54,39
51,0,6,9,6
75,67,66,21,17
40,27,74,29,72
50,5,66,58,42
9,84,59,46,32
26,70,0,67,54
18,40,57,83,0
89,26,11,11,26
76,71,51,71,64
71,72,31,16,17
56,34,56,0,72
15,74,62,49,21
38,34,48,10,15
12,79,10,1,79
24,9,1,29,21
74,61,22,39,73
18,17,65,50,11
75,64,75,46,79
60,37,43,60,29
63,41,35,79,57
87,47,59,7,50
80,14,77,3,31
34,42,28,85,57
51,75,8,79,1
65,86,21,54,19
39,11,20,12,29
82,46,28,27,27
33,46,15,22,6
69,47,46,75,25
4,38,46,54,71
41,10,6,46,83
22,40,78,74,58
53,45,7,4,76
78,9,69,68,15
17,4,51,81,47
88,53,81,26,17
43,71,15,23,84
63,5,9,34,76
12,88,86,8,53
85,23,23,84,89
43,33,41,4,43
56,59,48,77,25
50,24,84,73,74
2,84,39,74,50
10,46,69,70,31
89,60,74,52,21
2,51,12,20,77
40,23,87,32,4
83,62,69,2,12
14,79,9,43,28
24,3,75,5,88
45,24,40,36,42
27,49,46,82,87
7,38,25,23,3
26,88,27,44,22
7,4,64,3,26
39,57,1,77,86
5,36,70,26,29
49,22,42,15,22
89,2,25,22,42
36,18,22,71,14
56,54,80,49,57
41,28,28,27,61
77,18,33,35,80
66,11,44,45,0
89,67,54,13,10
40,81,55,45,52
75,44,89,86,72
76,18,22,84,24
63,56,11,54,71
15,50,63,74,47
65,27,45,36,79
23,87,71,1,42
50,36,54,55,30
86,64,57,68,14
57,67,64,26,40
77,74,74,21,17
77,50,68,28,42
25,24,9,61,41
67,45,4,77,54
60,2,68,64,76
53,43,83,89,13
1,57,60,86,61
81,87,0,45,77
65,76,0,83,70
23,45,42,28,29
63,70,33,0,15
68,38,43,58,84
19,8,85,45,88
69,45,63,44,68
53,88,84,58,8
75,86,0,85,81
17,29,32,33,49
42,35,22,35,16
31,73,43,52,3
15,19,44,45,70
30,30,0,86,32
65,81,49,9,30
31,0,82,18,48
82,71,9,29,45
53,14,41,9,56
42,50,13,18,74
70,12,87,4,6
29,14,32,65,14
4,5,45,73,81
64,60,20,67,11
82,27,25,40,75
84,73,2,49,1
71,40,25,88,48
28,28,15,67,88
64,4,2,35,68
32,18,38,88,78
39,0,35,3,61
81,83,78,31,41
89,44,17,15,85
61,84,13,23,32
38,29,82,3,52
39,59,54,13,19
32,12,82,60,37
51,62,10,89,25
1,10,67,23,57
5,61,41,40,86
30,81,59,14,41
89,80,42,39,50
42,74,71,58,82
59,63,85,68,54
34,33,68,36,89
23,44,32,57,30
1,86,49,52,19
11,25,76,75,38
19,73,18,26,79
67,0,75,53,43
59,27,44,62,19
79,82,6,39,0
89,53,43,15,69
25,13,42,11,50
49,34,68,51,45
33,54,25,73,85
17,41,66,6,80
31,15,42,4,56
49,68,29,2,14
62,6,66,55,64
83,16,44,82,61
47,71,32,87,48
61,89,55,87,45
65,1,79,21,16
0,9,14,3,13
50,69,60,34,38
33,44,59,50,28
37,1,17,65,86
68,24,84,18,32
84,76,51,8,2
85,65,27,65,22
78,6,24,1,20
70,81,74,72,84
10,79,25,81,68
1,1,8,50,48
72,13,72,19,61
87,7,72,70,69
22,32,86,14,18
59,47,58,16,79
29,72,27,46,4
67,5,74,57,75
3,12,71,39,37
20,57,26,12,14
76,58,31,2,19
46,53,67,57,2
72,86,89,60,19
57,36,37,76,23
24,0,26,57,34
39,50,67,2,66
53,85,77,41,39
81,48,42,64,22
7,83,74,13,80
1,42,10,75,16
58,10,71,21,73
33,17,89,41,25
58,26,6,67,61
25,43,30,79,79
26,48,20,4,9
10,81,56,11,23
84,6,84,24,83
28,61,57,78,10
48,88,0,76,51
72,43,12,59,89
6,14,17,28,20
64,4,84,21,23
89,15,12,1,68
26,74,87,41,56
35,51,31,5,84
20,17,54,86,12
60,61,1,29,1
42,1,48,4,63
82,81,11,89,20
53,72,3,51,0
10,72,87,22,8
22,46,73,76,57
50,53,36,36,39
11,51,61,52,39
17,45,24,3,66
74,1,88,3,60
53,59,8,6,32
85,0,60,54,29
85,81,24,20,54
88,17,20,7,2
25,32,20,8,86
28,70,40,41,4
71,41,43,3,56
39,49,31,14,61
51,5,39,46,20
81,29,41,89,48
33,61,49,42,54
19,11,32,63,74
61,88,3,74,64
79,9,54,66,66
0,57,0,72,1
83,31,26,65,76
40,50,23,63,47
59,71,55,79,42
6,0,1,38,61
7,34,20,28,16
32,18,16,19,76
86,66,34,51,15
19,64,73,28,37
88,52,60,66,65
26,70,36,34,4
22,89,75,62,32
8,6,6,2,69
13,21,13,39,40
18,8,3,64,67
87,12,0,13,81
32,19,61,64,43
8,86,82,6,31
47,75,65,58,25
24,75,63,18,63
16,33,21,46,47
16,57,51,82,36
2,69,26,63,40
72,54,11,11,76
31,3,48,16,22
31,1,70,39,43
77,53,86,7,20
24,50,51,82,39
26,61,13,34,44
60,30,18,89,79
70,68,32,11,61
84,49,13,63,10
8,18,57,43,60
2,24,45,48,45
41,74,72,76,6
49,4,38,88,57
56,88,37,63,23
30,21,25,74,10
73,35,7,21,89
35,26,73,46,3
22,22,60,55,40
13,58,16,47,84
35,23,4,40,58
13,80,30,50,84
61,29,18,33,55
23,82,64,23,31
75,58,56,1,70
2,71,48,53,62
12,29,52,29,45
23,82,69,75,86
41,25,35,79,9
16,46,70,73,63
12,54,31,20,21
62,37,0,27,20
19,27,21,18,31
71,68,17,87,7
50,24,17,83,13
37,44,40,84,35
3,83,25,52,42
71,24,68,13,71
45,18,11,17,28
40,50,26,29,43
19,47,11,59,48
28,79,47,17,35
60,36,63,39,77
73,24,50,11,71
7,25,86,86,3
69,86,86,29,9
3,70,44,33,3
66,58,79,69,76
26,1,65,13,74
87,18,76,4,37
64,77,62,88,79
11,74,0,4,42
38,61,46,75,79
6,15,35,4,37
29,18,44,18,49
10,83,62,6,48
44,26,50,77,7
37,47,22,81,4
87,53,18,21,60
50,76,47,2,42
85,49,10,22,87
83,50,53,26,38
9,47,67,36,18
74,19,30,86,66
60,22,69,16,6
32,16,19,64,70
14,36,38,21,84
30,6,52,7,68
12,37,72,13,17
32,61,58,16,45
13,75,53,79,32
13,21,54,49,27
27,50,64,44,12
59,47,75,32,14
86,13,84,51,66
7,57,9,1,62
84,53,1,47,83
28,70,73,70,86
64,57,76,12,38
82,61,27,40,47
21,71,2,42,47
81,2,50,28,22
17,87,63,44,22
5,73,5,31,31
75,76,89,79,36
46,55,52,60,8
20,71,63,31,80
53,18,72,79,53
58,72,59,51,35
87,6,87,72,62
34,34,85,14,70
22,37,50,52,68
30,41,0,69,65
14,2,27,89,26
46,28,69,73,8
22,58,87,64,52
76,72,3,16,64
72,31,17,47,37
45,78,15,33,6
36,79,36,8,78
12,66,24,89,9
34,54,18,47,17
62,9,0,57,49
77,15,60,54,80
16,49,4,81,39
63,9,21,29,58
11,4,79,67,23
16,2,2,86,22
10,17,19,73,39
24,68,89,66,24
21,86,3,61,83
88,84,55,17,79
37,49,58,83,42
47,80,2,51,67
6,15,16,5,75
8,19,3,38,48
56,75,16,22,87
58,48,1,30,64
23,66,32,29,86
66,11,81,24,35
53,20,53,44,80
35,86,20,23,22
10,74,52,5,56
17,21,22,33,64
68,11,14,25,67
83,52,15,38,62
33,46,16,82,76
36,56,32,17,32
64,57,12,39,9
71,81,35,46,78
84,86,89,5,42
2,89,20,54,47
32,60,72,41,43
82,60,18,32,30
5,82,22,18,26
33,29,23,38,85
5,75,77,70,77
68,60,87,13,36
57,20,9,16,71
64,67,84,35,58
68,53,52,74,86
7,37,7,55,88
9,81,71,57,46
37,44,32,36,86
89,53,5,17,27
43,57,50,56,38
66,75,31,80,72
76,65,75,27,65
17,57,69,22,81
30,84,16,11,19
43,7,35,81,78
64,42,35,89,57
3,62,6,48,33
50,65,2,15,80
29,13,16,63,18
87,79,19,37,26
46,64,64,53,35
12,77,68,86,46
19,49,81,47,28
33,7,65,85,58
40,33,50,16,54
63,13,60,31,87
28,13,8,28,13
61,71,40,45,64
81,78,68,57,48
73,23,35,67,7
63,81,7,35,47
35,16,2,36,54
30,28,75,67,87
43,23,52,41,39
78,14,89,53,16
20,89,50,7,24
17,80,61,68,22
84,9,47,48,33
70,23,58,56,40
87,73,69,63,84
55,60,17,75,57
37,10,69,9,26
78,77,36,66,9
78,75,32,16,3
89,62,81,9,53
45,36,24,16,49
11,39,64,9,84
75,78,1,70,22
46,85,9,38,72
0,76,60,3,71
67,27,55,13,46
7,78,40,80,83
4,55,9,58,63
34,81,30,2,45
1,25,65,15,65
49,55,12,4,69
9,69,9,36,39
57,74,65,34,69
45,24,37,47,15
86,73,5,43,76
36,16,72,9,25
87,36,74,32,89
48,14,28,10,23
28,47,86,17,55
23,23,56,25,58
69,74,13,46,50
22,7,89,13,55
73,80,10,54,76
84,40,10,13,17
54,77,76,74,14
77,0,63,22,89
48,37,7,83,28
87,4,69,25,39
50,8,36,72,31
57,72,4,79,10
28,12,45,34,10
50,62,20,75,59
56,88,33,25,89
12,81,36,15,65
77,56,8,54,53
49,63,74,2,62
35,14,8,40,77
36,43,60,31,62
16,57,70,76,3
15,81,6,1,73
8,36,81,59,15
1,20,34,54,63
2,89,52,72,89
73,32,49,6,67
36,32,35,4,31
8,62,37,10,40
25,28,62,5,8
17,21,25,43,79
49,19,31,29,16
89,31,69,10,5
52,44,46,8,23
47,7,53,69,35
18,2,44,1,32
36,3,12,41,41
1,7,28,15,62
15,14,67,36,43
57,73,73,74,68
41,89,32,40,41
55,56,49,32,33
18,57,17,63,84
52,85,59,72,76
62,86,66,55,67
14,89,12,71,70
9,18,14,76,68
75,52,85,75,61
22,43,19,45,31
71,3,78,27,72
75,49,24,46,69
67,76,77,87,69
46,35,39,69,2
41,83,32,4,27
16,50,36,32,45
38,59,5,58,12
27,59,72,66,50
13,0,7,28,88
16,72,17,29,50
62,71,59,53,13
78,34,4,22,51
22,4,86,36,64
41,13,51,14,79
71,15,40,86,54
19,41,36,3,63
14,1,34,14,2
58,83,22,44,77
12,80,39,86,16
5,45,17,0,50
74,83,83,70,7
27,50,49,48,77
82,28,69,18,70
71,0,60,49,9
15,3,53,49,73
48,64,36,1,72
76,15,11,29,3
50,3,6,39,10
68,80,83,79,9
54,47,16,36,8
33,61,76,81,32
87,67,27,19,11
63,41,58,53,33
78,62,39,41,11
7,43,8,33,36
73,78,34,18,47
4,83,76,8,61
71,42,63,63,77
13,83,14,73,33
52,42,16,30,33
75,51,18,50,80
65,41,48,39,62
5,39,89,49,33
55,87,63,79,33
49,84,80,55,82
40,24,49,20,89
6,60,41,29,18
26,53,1,16,32
63,67,12,9,17
9,61,65,3,19
48,4,7,52,1
18,22,58,49,77
86,34,57,80,8
43,46,81,59,56
70,4,68,48,61
89,21,71,61,85
45,25,14,83,40
48,61,39,56,81
11,15,66,84,55
39,52,66,84,46
7,70,64,20,52
65,66,58,35,14
83,28,17,50,84
6,7,14,65,54
57,9,86,10,33
5,77,77,53,27
23,65,60,81,7
20,57,89,38,79
44,14,23,22,51
32,71,83,5,16
88,35,20,14,9
77,86,27,61,84
1,81,53,29,6
36,61,78,78,81
78,25,71,57,21
61,18,51,10,87
3,36,61,13,36
51,31,54,13,11
64,49,88,6,39
59,14,1,49,11
6,28,78,77,13
16,59,6,8,55
88,20,27,83,43
3,82,63,75,78
16,14,28,2,71
39,88,24,86,57
46,41,32,77,51
67,40,40,49,52
82,32,26,43,38
66,45,16,10,62
59,35,84,34,69
33,80,49,30,64
58,28,14,85,1
22,16,49,14,79
10,3,29,12,60
17,1,25,2,53
16,42,72,14,56
2,23,39,79,24
63,11,21,62,25
70,6,85,3,0
64,30,5,2,28
45,32,77,87,79
59,63,61,54,71
15,9,80,57,49
3,75,62,41,26
59,77,88,88,84
50,80,66,24,67
33,89,38,13,79
64,5,60,61,70
40,12,17,74,48
49,65,14,24,44
69,29,10,75,52
5,62,47,60,26
15,37,50,77,22
10,72,16,3,43
33,30,19,34,33
28,30,56,36,4
48,49,51,26,52
40,22,61,46,15
40,64,83,35,20
47,41,85,82,37
24,10,16,16,24
17,42,42,69,0
3,11,25,38,45
56,46,32,75,26
57,86,53,6,17
85,79,22,12,30
70,35,67,24,22
17,26,38,11,38
55,13,87,47,79
88,41,73,31,88
86,44,80,18,86
74,71,65,60,47
6,17,51,44,36
70,89,31,89,46
51,37,72,16,38
7,12,19,86,39
80,0,19,41,61
16,44,61,54,12
28,64,5,17,64
14,78,59,50,15
65,67,10,86,44
87,70,84,89,89
66,50,22,65,75
1,56,46,65,17
13,60,75,86,1
81,65,77,18,15
4,10,84,10,38
0,35,9,5,46
28,38,83,31,68
66,60,0,9,24
5,35,44,51,50
2,80,12,39,1
80,83,48,72,39
53,44,4,79,11
42,20,37,7,26
53,1,28,67,27
40,60,65,31,24
44,86,31,29,50
80,4,44,87,38
69,80,88,0,55
28,40,82,31,9
66,71,14,88,38
57,86,19,71,60
18,77,67,69,28
12,44,78,4,74
38,49,69,3,16
52,63,13,20,50
20,1,89,56,61
25,65,86,7,45
68,18,56,57,71
51,9,56,35,85
61,56,19,65,16
11,19,56,7,71
5,18,76,50,34
54,27,2,2,70
86,53,87,70,53
36,36,28,34,1
39,68,63,80,50
60,4,60,65,46
58,74,4,77,21
81,69,46,55,85
73,34,18,5,2
17,4,7,16,69
40,86,44,19,65
12,23,6,8,18
29,14,75,24,42
67,27,65,35,62
10,77,29,68,82
41,18,61,23,30
33,77,16,82,75
85,40,1,70,31
52,31,7,40,39
17,66,23,5,37
62,11,40,66,69
69,47,63,44,10
85,86,20,48,47
11,79,74,38,43
80,61,82,58,25
82,49,45,74,3
10,59,52,42,0
76,69,86,75,20
82,62,71,66,74
13,81,7,37,43
25,48,33,61,89
6,48,60,22,41
60,22,73,6,64
62,45,45,60,74
84,2,19,55,87
8,53,89,43,60
86,35,65,45,61
8,65,54,50,57
45,77,13,0,69
89,32,67,66,2
12,87,31,31,63
69,55,34,15,23
51,33,81,47,88
2,0,36,33,62
65,46,67,22,46
64,13,58,21,72
21,24,56,19,81
34,30,17,57,46
30,81,49,26,51
55,73,62,45,9
73,19,26,88,60
29,14,69,85,45
25,77,21,23,33
73,44,67,87,32
20,15,23,57,18
48,47,47,0,15
6,57,13,69,64
55,67,76,37,20
58,36,62,23,42
0,67,39,16,43
46,87,44,55,38
73,66,40,12,18
69,26,58,76,40
68,12,67,27,88
3,1,4,3,37
56,17,83,21,50
63,72,66,72,55
57,20,59,13,76
29,8,41,35,71
54,84,5,20,56
70,8,69,44,53
87,5,22,16,61
27,40,4,28,55
83,6,3,21,85
34,25,87,79,77
87,32,86,25,1
36,32,1,33,21
78,40,83,79,72
69,71,10,0,16
2,33,10,27,20
61,22,84,66,55
73,38,85,23,56
81,56,8,50,71
15,53,28,62,7
42,83,70,0,66
15,2,9,31,89
26,44,31,82,40
28,15,48,57,45
69,64,1,28,32
38,38,60,67,70
85,43,59,50,24
7,33,4,5,57
61,55,29,26,29
42,40,34,41,69
61,51,32,4,5
63,62,65,64,88
24,54,70,66,2
72,81,41,1,36
73,39,68,74,77
83,74,64,87,30
39,67,43,16,6
65,88,35,75,80
36,21,66,68,47
74,42,15,20,46
71,50,80,5,47
61,0,20,83,48
6,67,70,14,83
67,43,84,19,63
25,59,21,24,8
31,86,69,76,49
13,5,85,39,56
43,46,5,29,73
22,24,2,23,15
78,52,88,70,45
46,30,77,35,60
87,0,89,29,4
64,1,39,42,88
10,57,70,71,36
10,14,14,10,79
34,63,20,61,74
47,13,71,16,15
5,60,71,40,51
62,5,13,67,36
13,35,30,6,28
12,62,28,17,26
53,61,54,47,5
49,49,22,15,1
65,26,31,61,0
48,60,20,72,17
20,38,35,32,33
62,29,32,52,43
9,79,8,21,81
32,80,23,78,16
65,85,72,89,61
8,24,15,51,41
68,45,76,77,34
72,30,25,0,82
6,19,48,38,22
38,76,78,14,57
49,78,57,89,2
7,48,55,21,37
31,35,56,58,19
69,77,78,12,68
8,38,26,49,20
83,74,2,10,47
77,52,22,81,71
10,32,42,89,59
68,39,3,79,65
87,36,68,88,9
72,9,28,87,67
7,70,37,84,52
85,45,29,27,8
1,10,29,35,44
33,29,19,31,9
11,43,51,12,60
3,37,1,15,50
39,82,80,12,13
70,40,84,56,73
69,21,51,74,48
61,5,46,51,51
3,28,23,79,1
51,0,23,45,12
66,80,63,78,7
89,42,63,58,74
6,28,30,1,10
65,77,65,35,32
16,77,18,19,54
42,75,68,40,46
49,61,48,71,60
49,61,28,35,12
67,16,26,81,31
53,86,5,42,65
51,38,19,7,82
30,0,11,20,36
82,33,7,33,13
1,6,37,41,52
52,67,70,4,73
67,81,40,79,13
37,18,1,22,84
4,64,3,23,36
67,88,73,56,8
69,21,38,57,77
22,3,59,41,15
9,11,73,76,84
57,24,84,1,89
64,86,84,2,56
72,69,81,88,10
29,69,44,10,26
38,24,81,46,50
0,83,67,40,62
69,88,86,84,14
1,15,77,43,47
84,78,12,21,26
53,78,83,10,68
48,85,5,56,34
57,33,35,64,40
48,31,23,73,44
81,32,45,6,3
28,10,50,12,72
26,22,6,80,23
16,46,22,47,85
43,46,0,48,43
58,70,46,45,87
46,64,0,23,51
11,61,32,6,3
75,75,26,44,58
60,63,65,59,16
64,89,34,15,89
39,54,51,47,25
53,78,69,51,44
33,30,89,58,0
9,37,8,14,39
4,23,75,18,24
22,52,84,64,9
82,25,22,36,8
75,13,3,42,30
27,6,87,34,19
69,34,72,37,50
71,15,15,21,18
29,66,27,1,55
46,81,45,66,0
25,81,30,35,69
56,32,10,16,87
75,20,76,10,22
68,60,32,45,31
62,26,3,15,23
41,89,50,7,68
58,35,78,69,79
3,12,88,7,42
86,56,63,42,86
89,50,49,65,23
42,26,1,81,75
62,5,16,73,77
25,76,84,16,36
77,17,48,64,30
17,60,73,26,41
48,0,71,30,87
16,5,39,77,5
4,2,17,89,25
26,71,81,87,63
56,28,32,27,60
51,56,11,11,59
88,87,81,77,58
82,23,5,84,69
51,10,73,59,5
60,81,78,88,3
72,19,34,66,73
19,80,65,48,72
53,77,1,56,59
41,87,42,7,52
77,16,37,32,25
0,13,54,6,17
44,54,25,36,56
73,1,49,34,29
25,33,74,80,5
35,55,2,58,15
11,6,74,53,6
57,12,33,55,31
32,19,79,13,53
33,56,41,53,27
85,51,88,40,77
81,34,75,86,60
71,9,9,70,67
62,69,81,27,56
23,22,14,42,8
64,12,35,48,80
29,84,15,69,50
61,18,45,48,54
8,47,5,47,47
58,33,63,24,10
53,65,69,15,68
50,4,35,1,48
8,29,82,41,59
68,51,20,2,72
15,0,40,57,8
79,58,54,28,61
79,36,62,9,65
54,60,2,79,25
19,6,57,34,66
71,26,64,15,21
43,87,19,4,68
69,55,46,15,51
54,57,17,34,69
79,21,28,60,74
85,0,11,2,33
84,56,43,37,37
43,27,56,19,37
78,19,70,79,55
87,81,12,48,10
9,51,55,86,55
32,56,77,59,5
89,49,15,83,16
89,4,24,86,67
53,80,14,42,80
59,3,24,46,21
66,0,89,35,2
63,66,88,67,71
24,6,40,53,68
76,24,29,73,50
27,77,58,66,9
18,30,58,38,54
6,69,59,47,16
20,16,70,51,63
33,85,48,48,6
11,58,38,21,88
7,33,65,66,21
23,5,16,85,41
30,18,58,65,16
8,88,38,54,40
79,24,42,12,34
89,82,81,17,14
43,28,25,84,43
32,79,75,15,5
56,73,84,63,34
8,27,15,83,40
52,82,77,79,60
75,15,53,53,31
80,22,34,16,15
88,24,78,25,46
46,63,71,50,5
60,23,31,23,20
68,86,10,23,21
87,77,80,10,59
69,65,38,31,17
21,57,24,47,77
46,89,68,74,52
46,63,25,31,68
67,88,57,63,38
35,68,71,79,41
5,53,64,38,7
16,34,78,8,11
44,0,52,88,81
48,66,87,37,59
72,22,36,47,37
21,19,84,42,77
18,61,46,43,64
71,5,23,2,60
80,67,22,82,17
29,4,28,10,29
29,5,70,27,5
22,75,6,73,44
73,81,46,44,57
49,13,38,18,80
86,24,26,58,22
53,2,71,49,21
25,5,25,51,32
51,66,30,24,49
40,17,29,48,68
64,46,78,21,70
2,3,79,61,73
32,30,53,55,82
20,18,89,76,8
5,55,16,19,85
12,33,54,8,24
66,2,68,0,60
6,79,40,35,72
77,86,79,1,6
52,43,12,24,53
52,23,49,89,48
72,43,63,77,62
3,39,49,69,83
47,60,6,33,18
55,74,33,14,59
62,13,74,36,63
4,72,68,15,79
21,63,76,55,53
40,78,83,55,31
67,28,83,31,15
30,81,74,57,16
26,36,67,24,41
3,71,33,67,64
30,65,29,55,85
25,58,50,42,27
33,80,39,0,34
76,22,39,57,58
34,51,85,17,64
5,27,25,87,19
28,34,50,19,63
38,56,34,16,13
70,18,74,15,18
11,89,48,54,7
48,11,79,81,75
44,79,37,18,87
32,79,34,83,47
86,61,58,63,44
10,32,89,24,78
28,27,35,75,41
74,63,61,86,31
27,25,64,12,61
47,37,37,33,59
89,73,89,38,75
44,38,84,74,7
74,63,77,80,87
61,4,61,87,62
2,53,5,76,11
87,1,26,73,23
66,71,32,37,51
70,35,81,57,22
7,44,24,68,8
62,11,34,84,10
88,53,27,69,52
77,18,88,84,51
35,27,36,3,24
56,85,70,50,8
40,40,50,75,33
45,46,23,21,8
72,42,69,51,80
47,87,74,9,2
74,8,1,76,6
16,80,45,6,78
40,40,82,32,88
12,67,89,12,74
29,79,32,49,34
59,86,66,67,6
47,35,45,68,85
39,1,46,89,66
52,50,52,84,1
89,58,77,18,9
72,40,45,58,19
69,53,4,29,60
0,37,38,44,5
59,17,24,76,60
11,34,62,7,68
83,36,65,40,58
30,38,66,49,29
74,39,31,47,10
28,79,8,10,51
45,0,51,45,71
50,4,7,28,10
4,41,36,4,65
21,8,26,48,82
35,18,7,57,83
48,24,9,72,51
30,55,26,19,27
44,38,82,73,2
38,14,18,21,64
15,65,84,9,34
78,66,81,60,1
43,59,76,14,14
30,14,79,24,37
55,10,74,11,5
5,88,55,24,44
74,56,17,48,37
14,41,50,47,4
1,54,9,77,48
85,81,15,66,72
8,88,77,3,88
89,37,76,48,31
2,60,21,42,44
22,71,30,31,46
73,70,2,76,74
58,70,1,68,27
39,52,38,26,71
33,41,52,17,69
1,66,27,12,75
73,6,12,25,70
49,62,11,39,86
51,74,82,52,38
77,16,3,11,18
15,49,81,0,42
41,38,7,86,71
16,76,53,77,24
64,39,3,12,50
24,41,42,70,2
48,85,2,60,26
44,59,33,15,10
51,66,73,2,42
35,32,47,65,80
9,49,16,11,64
79,27,68,60,39
65,64,18,48,39
58,46,67,40,10
66,17,28,3,42
51,9,20,1,74
25,45,3,43,35
9,38,25,35,60
29,74,28,38,13
59,14,1,48,19
71,42,17,60,81
13,71,22,38,60
49,76,75,33,88
30,32,62,39,57
51,49,22,41,68
37,52,18,53,53
28,66,64,47,62
62,12,36,21,54
73,10,22,54,11
49,12,25,70,76
27,82,65,56,59
89,83,84,72,86
23,48,54,47,49
86,16,41,25,43
7,64,13,22,76
7,4,31,48,62
15,35,68,43,14
5,50,59,33,12
79,55,86,78,0
88,49,79,84,72
72,79,75,82,79
39,35,75,33,47
9,70,26,32,55
88,55,31,50,17
10,51,1,29,12
75,27,40,80,0
73,17,36,52,4
19,44,46,55,65
43,69,48,61,45
36,68,50,30,87
63,65,71,69,41
77,32,50,19,20
68,31,19,25,78
84,30,35,80,13
60,36,35,85,66
62,4,28,11,10
85,75,17,68,7
65,84,83,47,3
78,8,72,36,27
41,63,9,36,48
66,8,70,35,29
75,55,38,77,66
62,31,74,4,36
82,55,13,3,87
5,84,38,62,71
83,59,33,75,54
20,78,77,49,8
46,23,30,48,6
12,43,31,54,57
58,1,59,33,8
63,29,58,0,25
87,33,56,87,44
21,49,52,63,74
27,24,3,72,63
17,45,62,76,87
75,2,38,58,29
50,78,8,72,49
22,18,36,16,51
81,51,36,60,5
46,37,38,5,26
9,14,46,32,69
41,34,53,49,71
32,52,12,21,10
1,67,51,3,7
73,37,72,32,40
2,52,42,60,54
30,48,36,70,89
46,24,56,38,3
55,11,74,9,59
43,81,9,3,22
85,71,11,16,73
43,88,48,41,80
12,70,81,70,71
89,57,44,11,40
80,73,79,67,61
40,16,87,65,83
72,76,51,3,77
31,73,24,7,3
82,61,22,8,11
65,35,36,36,34
70,1,5,33,32
8,18,36,16,71
26,70,80,29,57
57,0,11,12,78
64,73,0,52,55
20,62,73,26,13
45,87,17,71,53
39,13,70,5,61
34,65,36,76,55
87,79,69,15,12
29,34,6,62,59
8,85,71,16,38
25,51,39,1,3
47,29,34,76,12
83,18,42,41,14
45,16,37,8,70
9,14,28,79,49
38,13,15,11,87
4,87,73,41,31
12,83,35,50,57
41,45,43,48,30
14,10,1,50,74
76,51,68,30,6
71,55,61,26,75
35,24,51,84,52
83,51,79,67,5
73,77,36,65,48
45,10,58,8,17
55,58,55,86,13
47,47,67,27,34
86,7,33,76,28
38,66,24,50,43
58,84,77,70,1
46,7,82,20,27
26,26,62,44,89
52,61,88,71,82
4,3,20,3,41
84,32,11,68,61
24,76,53,52,46
47,21,29,69,83
5,17,7,48,28
34,23,28,30,61
50,25,37,18,5
8,89,81,57,10
83,0,68,27,7
9,0,51,41,6
47,32,71,38,80
82,62,54,76,41
57,79,3,77,31
87,46,67,41,52
46,65,16,7,2
16,54,27,19,44
3,13,40,67,73
5,57,36,55,48
12,84,28,16,75
67,75,67,60,4
1,75,80,83,43
28,65,82,19,2
3,52,53,74,39
58,22,24,2,16
62,77,35,63,79
65,11,54,65,20
30,19,56,16,1
75,5,86,49,86
50,20,9,80,68
48,38,28,23,34
12,84,56,70,71
35,32,67,89,42
44,0,77,14,66
85,52,77,44,25
4,16,1,28,8
3,1,85,54,49
22,28,21,21,39
77,70,19,17,77
7,16,6,77,89
0,82,37,22,21
43,44,52,2,80
58,51,41,34,29
15,32,27,25,73
0,41,23,5,6
84,17,70,2,49
72,32,65,7,12
78,71,20,43,73
81,3,71,59,12
33,18,64,60,50
22,12,25,9,47
69,0,60,56,79
24,89,20,77,76
39,15,61,47,60
77,78,17,60,40
50,48,43,15,82
48,22,14,59,26
65,54,64,84,63
33,73,36,45,32
80,40,11,13,25
70,9,60,53,52
30,16,71,62,46
32,89,88,54,46
88,10,41,74,85
1,69,40,2,18
24,50,30,24,43
18,41,24,27,18
39,1,40,69,35
49,25,36,28,25
67,59,39,29,77
54,36,87,35,45
27,34,76,9,1
76,73,16,26,21
85,15,75,56,66
76,80,49,83,58
21,7,80,43,29
79,55,60,13,45
20,29,31,60,1
85,9,70,18,3
46,35,55,77,35
26,12,16,51,75
27,25,60,74,63
64,54,6,31,64
21,64,16,7,29
43,80,19,87,41
17,18,3,87,41
53,43,85,18,62
72,81,53,64,73
36,17,75,11,24
88,26,36,70,25
89,20,17,5,29
66,58,72,56,71
42,28,70,74,26
48,75,43,79,1
74,53,72,78,73
3,37,31,26,52
47,30,28,9,16
78,0,36,76,13
55,36,43,16,3
0,54,68,4,43
73,62,39,74,45
58,35,25,7,42
3,76,84,36,65
17,74,17,10,31
56,82,42,54,50
85,40,89,81,41
29,26,33,64,53
4,79,43,2,69
61,13,3,36,81
75,14,9,9,22
59,0,64,27,11
2,68,4,23,42
64,53,23,35,35
85,25,12,18,31
73,63,31,76,2
87,35,10,6,49
70,29,81,86,29
77,57,61,80,37
71,49,52,34,22
22,30,45,13,28
39,45,41,38,24
63,55,85,78,7
19,6,18,88,56
4,14,6,37,86
87,16,10,25,73
28,1,89,47,45
86,78,12,21,7
8,4,76,73,75
5,73,69,77,45
61,88,34,3,77
13,62,55,24,35
28,80,61,89,40
40,69,74,44,86
28,15,53,12,11
81,65,69,44,28
58,89,11,74,48
7,46,74,14,78
5,4,42,43,59
86,23,26,1,57
12,15,10,7,52
17,72,54,59,3
79,63,89,30,15
4,9,46,78,61
54,59,49,58,40
54,61,68,55,36
16,18,12,21,24
30,89,48,6,85
72,15,34,27,31
80,50,33,54,49
56,46,34,4,14
1,15,16,29,50
29,88,6,54,79
29,74,8,81,26
49,30,81,45,42
6,74,42,78,14
7,71,76,80,0
6,64,86,69,38
46,39,81,31,32
88,41,32,6,40
42,50,34,78,40
4,40,11,87,6
77,57,16,88,26
25,82,72,11,69
63,41,85,20,58
0,31,60,73,47
14,86,11,50,2
24,47,87,48,44
89,81,39,82,67
16,34,83,20,65
31,28,7,86,49
24,8,63,23,8
81,9,8,60,15
73,84,28,77,78
70,72,71,45,6
68,49,85,29,40
34,18,73,87,52
44,63,66,17,6
64,5,83,64,18
63,52,39,17,62
49,29,47,80,34
36,48,85,39,1
54,70,43,21,5
24,72,71,72,89
14,26,7,74,25
75,33,12,72,60
6,50,30,77,38
23,30,21,88,89
85,32,47,71,44
15,68,37,1,64
34,54,30,39,56
85,39,73,22,6
82,58,51,19,58
5,34,53,64,7
46,34,81,9,22
57,13,45,21,59
85,33,87,70,71
72,13,50,89,13
16,50,34,9,67
85,27,12,65,43
70,0,49,4,78
82,38,9,33,51
33,10,58,40,14
49,0,2,1,20
16,66,74,52,8
9,55,65,54,36
4,1,21,41,68
17,89,25,9,26
31,10,87,64,73
18,19,4,38,26
76,55,78,81,53
71,85,59,85,70
0,68,6,29,41
28,21,25,11,17
41,42,52,60,1
71,18,19,35,56
58,7,47,8,34
24,40,82,76,82
89,28,33,69,83
81,86,66,50,85
77,75,74,58,6
65,19,83,65,62
49,37,37,46,12
77,73,42,52,1
4,83,85,60,11
80,38,47,50,55
26,22,25,13,9
11,34,75,43,58
21,47,2,62,58
11,4,57,8,28
12,11,36,41,71
32,39,25,54,19
67,70,48,70,89
59,38,56,39,63
7,84,27,30,1
89,71,45,47,45
55,52,24,53,19
49,6,53,32,34
56,84,89,64,56
55,53,45,85,85
60,41,84,13,31
84,14,57,20,30
9,29,5,27,51
12,63,76,20,36
10,67,20,87,34
12,79,29,78,71
24,5,41,81,7
33,7,52,28,27
70,40,61,86,8
48,32,46,8,1
21,52,51,64,19
84,47,59,74,57
4,56,60,10,7
13,60,57,66,28
84,4,73,80,48
20,26,46,75,79
63,50,27,11,35
75,88,56,30,50
72,44,6,80,26
83,31,87,84,69
31,57,27,9,2
23,22,38,78,63
13,88,87,67,24
66,7,28,26,33
76,37,17,47,19
42,72,10,22,31
34,35,0,38,4
83,9,47,65,1
20,51,47,66,36
67,19,39,14,81
64,68,76,49,24
39,37,34,34,8
69,84,70,55,20
14,3,81,36,0
2,53,72,28,84
56,62,21,47,24
71,24,27,84,17
5,61,71,17,53
12,7,63,57,28
81,10,28,17,38
30,16,58,10,11
54,47,30,84,35
31,68,6,60,43
31,17,69,20,12
7,32,64,89,89
24,50,30,14,4
56,85,82,18,89
18,79,58,76,15
65,76,42,25,8
56,66,65,14,77
89,7,27,11,76
15,68,61,6,82
83,14,53,63,85
10,10,41,6,85
61,1,2,68,23
6,29,69,31,69
87,63,64,8,43
75,5,86,83,36
29,15,12,62,32
61,66,12,26,29
72,42,63,58,58
61,75,40,53,8
63,77,17,69,19
49,2,31,89,27
58,27,43,1,21
52,63,50,57,85
88,24,45,9,86
37,23,66,81,30
0,32,74,0,32
39,48,85,59,17
19,17,4,23,61
19,17,56,47,50
30,12,87,13,4
11,54,22,64,18
75,57,1,39,79
67,58,39,74,73
13,29,27,51,89
46,53,46,85,75
4,62,64,68,86
78,19,52,83,58
1,55,66,31,53
14,57,58,8,27
74,29,38,39,30
19,47,6,47,73
29,2,8,58,84
74,63,1,29,5
88,82,43,22,29
5,63,57,25,69
74,68,11,1,52
34,67,74,62,23
67,1,82,30,85
18,84,55,60,33
9,16,7,68,1
53,85,34,26,5
86,25,41,7,57
10,30,88,34,58
81,60,49,63,37
45,52,13,73,25
56,3,87,52,16
5,61,7,7,69
6,54,49,86,58
6,49,26,66,79
49,85,80,56,80
13,13,77,64,38
25,35,69,5,59
19,89,40,18,39
23,67,48,87,21
1,67,89,33,20
35,45,14,25,15
40,32,5,28,49
21,7,40,48,19
40,79,52,79,76
5,8,8,83,57
10,53,4,9,20
83,83,12,18,65
22,14,36,72,63
77,11,19,70,72
48,61,15,60,84
16,88,37,4,10
81,31,30,35,12
50,41,34,73,58
18,32,57,19,15
53,58,4,81,51
59,79,29,87,50
82,89,22,75,6
79,50,26,73,83
25,59,43,83,32
6,10,52,65,14
18,36,56,24,29
87,80,8,30,70
49,61,14,47,55
2,77,64,67,14
84,9,84,35,51
65,78,37,35,60
35,79,20,71,25
19,29,71,17,36
82,76,4,79,37
26,56,67,55,1
2,87,27,89,65
7,26,17,48,52
69,43,60,70,59
17,53,18,42,89
9,59,12,48,11
10,32,16,82,60
82,36,83,30,34
29,9,76,45,87
72,26,25,72,41
89,42,75,87,31
61,29,50,58,35
63,16,71,72,88
77,54,36,58,85
69,44,58,27,49
58,89,50,47,88
52,17,61,87,73
44,33,51,27,63
5,24,53,8,86
65,38,73,57,68
78,23,83,64,71
67,50,54,46,35
31,48,62,76,66
41,10,77,38,61
15,34,49,67,6
16,55,28,73,77
13,67,36,51,72
27,65,8,53,7
87,23,28,79,42
20,16,31,69,47
83,34,68,57,65
88,12,11,38,75
74,51,45,67,77
51,79,38,42,49
61,74,82,86,78
74,11,19,25,83
24,70,11,44,74
38,38,12,9,27
87,13,77,66,72
41,77,72,40,71
16,21,72,33,86
29,85,17,88,75
76,78,40,70,45
39,82,83,76,38
7,86,83,33,76
25,88,10,59,83
40,69,7,27,74
83,84,1,71,54
36,65,41,70,55
44,75,5,35,48
41,70,5,76,45
27,66,61,41,26
85,16,45,29,62
27,57,76,28,49
4,36,19,3,46
37,69,22,74,73
55,33,45,0,28
5,22,43,13,70
87,51,58,84,3
75,30,56,48,75
9,68,70,32,72
28,12,66,9,57
13,76,79,71,34
45,53,4,1,86
83,68,73,6,29
28,50,3,66,18
54,62,37,80,66
45,7,24,11,21
88,31,40,0,17
43,36,35,74,31
10,68,62,74,78
69,63,42,46,76
37,80,77,41,26
47,15,11,21,73
19,36,6,34,82
24,83,22,0,64
8,51,29,23,74
49,12,9,81,46
66,73,31,73,27
77,10,45,29,6
76,85,4,65,4
87,43,40,11,46
0,61,28,39,75
24,61,65,7,82
75,83,8,26,58
73,18,40,55,0
5,48,72,19,38
75,52,48,21,36
42,88,18,10,34
72,48,18,8,59
6,79,70,57,0
76,89,63,6,81
30,9,21,39,66
45,22,17,2,57
65,57,33,33,38
41,2,82,57,49
77,39,41,71,3
59,69,85,77,35
54,28,63,13,3
68,74,78,66,6
59,54,7,13,60
24,33,11,6,50
14,69,76,0,43
56,7,40,6,73
28,23,28,64,64
64,39,15,78,58
49,39,88,31,7
23,20,30,55,34
45,62,58,69,20
45,67,58,7,61
12,49,11,8,10
76,6,45,86,26
15,71,30,75,60
65,65,54,49,26
15,74,78,73,2
54,70,81,5,43
5,59,19,23,32
17,43,83,7,51
38,61,41,89,72
35,71,86,1,66
4,11,50,54,50
41,37,14,89,48
26,65,80,65,70
76,57,38,79,75
80,53,73,1,56
87,18,5,89,10
22,25,64,47,51
59,87,22,36,36
88,9,29,45,77
75,5,55,37,36
72,35,14,66,73
18,8,64,74,68
46,75,22,46,26
10,49,79,62,18
56,44,0,12,39
64,27,62,44,21
79,61,45,18,60
46,70,7,17,25
16,88,27,76,59
76,87,62,79,62
86,79,61,60,80
16,66,86,73,38
13,58,66,56,80
5,73,72,4,29
35,18,35,47,51
79,52,62,63,71
26,22,13,81,73
33,56,86,38,87
23,46,10,48,74
56,0,34,9,68
4,65,42,21,18
73,1,72,46,55
86,32,18,70,63
32,65,21,11,72
73,58,4,68,74
68,1,70,43,66
18,2,64,39,89
15,55,43,89,43
54,14,49,51,36
26,4,62,36,60
0,12,63,30,45
9,14,51,51,9
53,58,83,15,54
72,82,17,28,71
2,63,60,74,61
73,28,35,16,86
69,35,5,37,8
3,65,33,15,73
23,9,65,47,84
67,14,81,85,54
87,3,32,48,17
70,16,4,83,54
56,82,73,22,71
67,33,29,60,10
26,51,31,46,56
59,43,64,73,61
84,80,6,33,65
50,78,10,67,65
73,3,14,31,60
28,84,76,24,16
62,70,38,63,60
81,67,15,60,8
33,6,6,39,61
2,89,30,25,65
66,43,17,55,23
61,39,83,19,69
73,9,53,57,83
63,20,74,89,17
22,48,59,88,49
35,88,12,81,79
30,8,38,29,11
31,29,42,54,35
64,21,32,50,39
59,0,57,49,41
89,4,65,11,22
10,43,32,0,72
83,88,4,41,32
83,51,72,80,40
9,36,21,82,36
15,43,30,19,16
80,83,61,46,65
7,56,9,18,65
72,33,78,39,10
29,81,16,3,54
16,30,13,2,74
9,68,36,31,27
34,78,72,87,50
41,46,39,40,37
81,21,80,84,72
10,85,8,24,20
33,5,82,81,16
0,38,66,84,74
79,36,27,7,25
6,58,85,6,56
64,54,17,22,16
53,41,3,16,1
11,18,63,75,25
13,66,74,73,73
49,15,50,52,34
4,30,77,5,49
12,7,88,15,51
59,73,31,49,41
2,59,67,71,65
54,0,2,15,73
65,18,73,88,17
65,43,78,61,35
50,54,52,70,39
61,0,38,29,50
15,77,17,38,79
32,22,80,33,56
21,24,56,81,41
79,60,78,67,87
47,43,80,51,6
37,86,49,87,78
77,34,73,78,54
35,73,89,62,76
62,14,69,47,51
45,67,6,69,5
80,78,0,63,70
70,43,46,68,80
9,27,64,56,33
10,76,27,22,32
44,56,23,72,73
81,21,52,4,29
77,73,59,21,55
56,50,54,37,82
2,4,26,62,58
83,0,3,14,2
53,73,81,7,8
18,46,20,67,86
76,33,45,18,49
75,42,39,81,81
31,33,85,82,75
72,39,35,55,66
67,2,69,49,55
56,77,79,4,13
65,75,62,41,49
68,3,68,67,47
3,4,72,8,34
42,70,55,81,64
33,27,0,34,83
31,85,62,20,83
74,29,31,13,81
48,84,61,81,78
23,9,51,47,26
85,12,79,15,7
32,60,1,78,49
13,60,2,61,23
58,74,87,61,82
53,42,82,25,24
61,39,71,1,45
70,30,35,43,45
10,58,6,41,45
60,88,2,17,22
23,43,9,11,73
25,3,83,4,30
69,6,58,85,2
54,16,40,14,24
77,79,12,33,80
66,23,44,11,48
65,34,53,11,75
80,60,29,68,21
68,6,74,38,40
4,4,61,55,89
9,53,53,66,73
75,27,89,38,25
14,54,55,29,14
64,7,41,80,83
32,46,43,4,7
2,39,29,38,65
3,35,40,40,28
6,52,81,31,75
12,39,63,6,0
84,60,11,77,86
63,72,81,67,44
58,61,10,33,47
31,65,64,74,20
45,79,28,21,19
32,22,9,23,64
0,21,9,42,29
85,5,84,27,35
13,85,45,46,5
44,49,32,19,60
4,1,84,20,60
43,70,58,15,84
49,25,46,60,39
11,56,9,70,51
64,75,68,7,51
87,34,21,89,36
7,51,85,80,55
75,54,26,14,89
45,2,26,34,60
49,30,73,14,72
80,26,43,46,36
45,64,60,48,79
69,54,36,6,65
36,79,74,9,60
54,47,38,52,41
64,14,88,43,43
74,43,66,75,16
77,29,72,4,68
68,75,9,63,48
76,15,26,8,0
65,7,51,87,88
18,28,24,68,88
1,49,57,61,7
63,20,89,51,41
13,27,73,27,32
31,27,71,26,64
41,28,37,23,16
13,25,46,79,86
45,13,61,1,79
3,60,44,55,29
8,65,32,2,43
84,16,82,38,65
74,73,19,61,51
42,65,3,19,57
40,12,6,26,65
19,26,46,42,38
4,33,24,21,79
63,7,60,57,74
46,15,87,84,35
80,16,75,22,24
68,68,59,60,85
43,5,4,10,55
66,75,26,38,53
69,54,55,43,24
33,1,11,15,20
8,43,66,73,75
32,18,28,18,83
26,50,65,39,10
13,5,5,5,2
39,75,19,59,69
76,17,76,1,50
34,34,24,4,66
45,36,28,48,36
72,9,36,51,40
47,29,2,43,34
67,74,84,16,37
58,72,85,64,44
4,32,81,46,75
7,51,48,66,55
52,13,33,1,83
79,7,76,71,13
32,30,3,46,11
58,60,66,71,50
62,51,56,6,43
49,35,89,52,46
24,3,67,5,20
28,67,57,11,24
34,26,77,24,72
48,70,83,89,42
21,16,68,80,10
52,36,42,67,7
49,17,76,59,15
24,46,65,67,77
54,61,33,66,38
6,68,1,82,75
1,49,77,75,70
35,46,76,27,75
29,37,37,66,68
22,48,3,53,49
79,57,29,29,55
85,4,43,16,41
67,62,41,28,23
45,71,89,67,2
37,53,83,46,52
5,64,45,4,38
35,52,48,43,45
25,28,10,36,69
85,25,66,84,53
51,48,44,77,15
1,53,1,10,67
85,41,87,70,38
69,28,27,33,38
33,83,85,23,38
12,6,7,40,68
1,81,57,82,73
80,20,33,5,13
88,88,20,57,3
75,69,72,77,50
72,20,25,76,82
1,77,48,16,81
70,7,12,7,11
9,77,86,89,17
34,85,72,71,50
47,82,22,77,34
69,5,31,23,24
21,17,61,62,31
56,69,10,19,58
62,74,71,70,39
73,79,89,15,70
3,72,54,30,35
71,15,59,43,61
82,70,16,35,72
45,84,71,57,89
44,4,28,35,64
48,81,35,2,44
42,37,46,70,36
64,47,82,61,66
63,13,27,82,85
85,72,65,55,45
70,85,18,46,28
56,80,16,76,41
66,24,37,31,54
13,27,41,22,66
51,55,19,33,79
86,15,31,4,57
5,21,15,19,61
65,36,10,68,12
76,37,33,50,75
87,23,7,16,84
12,66,66,72,13
79,71,36,40,21
50,51,11,85,2
45,25,39,16,45
71,79,33,11,24
56,40,45,35,7
87,38,39,66,17
32,51,15,45,84
83,9,64,54,27
67,35,3,37,33
8,68,59,27,40
83,58,21,57,17
85,43,18,10,69
8,85,86,89,53
44,29,66,12,84
77,86,69,87,81
69,29,61,34,34
33,61,71,26,72
75,39,21,82,18
35,42,73,44,68
30,40,51,1,89
12,72,15,60,11
77,12,50,74,32
83,53,8,71,11
30,12,42,77,49
84,63,63,28,56
25,77,56,36,68
80,36,86,38,22
31,62,61,55,50
71,37,88,37,28
51,76,83,80,10
55,46,66,46,77
69,86,45,18,2
62,80,49,71,30
47,1,41,32,12
28,84,2,76,11
32,63,18,87,17
15,81,55,3,73
88,14,34,37,47
9,58,32,42,22
31,45,14,62,42
50,28,4,70,61
34,63,78,12,38
37,50,35,2,27
29,23,38,19,2
64,65,38,51,74
70,62,35,24,9
26,69,27,65,47
75,81,51,41,64
63,26,8,18,9
12,66,76,74,50
63,43,8,53,18
37,45,61,39,75
66,74,13,0,44
17,13,6,42,73
84,43,52,62,8
58,31,24,1,10
33,79,72,64,17
12,29,60,13,75
37,80,24,57,87
19,44,8,83,33
76,3,56,88,46
17,2,0,36,82
56,13,2,89,19
87,15,82,14,80
10,26,41,74,16
88,20,24,15,23
86,5,77,46,12
36,69,56,87,35
34,11,18,33,63
71,84,16,34,87
56,74,68,76,27
74,2,55,82,66
88,67,38,55,46
51,8,59,33,7
76,64,66,63,68
63,26,13,45,44
57,59,67,68,82
30,1,5,9,21
69,66,3,19,27
8,80,63,85,48
73,22,58,11,87
6,15,45,6,19
53,81,53,71,36
65,70,86,77,70
83,71,5,13,2
29,64,5,45,28
34,47,46,75,41
23,31,45,22,75
38,25,10,61,54
6,43,80,70,43
42,0,0,60,71
80,26,89,77,2
55,8,40,11,89
33,1,40,18,77
67,37,55,32,62
67,13,66,47,54
29,4,75,21,70
38,73,18,75,84
18,39,68,5,33
64,79,60,15,71
44,35,41,11,55
37,83,22,74,72
33,39,1,81,45
33,45,33,44,56
16,58,72,24,18
42,51,24,15,52
26,58,23,72,42
85,58,22,47,85
37,46,57,41,67
55,79,6,22,39
77,76,62,66,53
31,24,33,52,36
78,8,13,79,22
34,68,67,41,5
52,48,59,10,43
49,17,23,22,35
79,76,66,60,6
73,87,60,15,40
87,83,9,78,59
12,84,37,76,81
6,51,0,20,39
42,74,50,72,67
22,66,15,36,41
24,74,43,84,89
6,72,25,7,76
42,42,30,39,32
60,49,17,46,78
84,67,78,75,42
18,42,30,1,62
8,24,48,65,59
83,27,38,51,53
31,77,41,19,44
70,66,37,0,76
6,15,32,55,63
7,24,67,51,71
9,22,41,56,7
77,31,29,56,27
73,48,4,60,18
9,2,66,37,88
32,65,88,63,71
40,17,81,31,35
17,22,88,88,78
26,69,28,51,61
82,61,36,68,66
26,63,4,13,34
67,10,12,2,20
48,87,14,10,11
1,6,70,72,28
29,33,12,14,78
88,83,67,77,45
1,69,70,62,5
42,9,82,32,34
7,9,21,18,55
40,28,36,44,39
39,50,28,85,33
39,24,69,59,24
8,10,68,63,39
19,63,75,26,83
50,24,88,24,13
80,49,8,72,11
86,51,1,82,49
76,20,51,61,49
86,45,54,29,45
89,64,5,25,53
71,83,25,67,34
16,41,70,87,39
52,71,41,56,58
77,49,23,8,12
73,15,83,61,29
80,52,64,69,29
81,69,53,7,3
55,37,80,67,62
12,9,51,5,89
27,35,8,51,26
81,42,33,59,33
3,78,48,63,29
17,36,43,65,19
25,45,42,38,47
47,82,84,36,68
3,61,61,70,49
68,51,0,86,56
67,36,53,64,41
80,23,17,30,66
80,22,70,62,10
28,78,38,33,89
24,29,74,14,77
53,49,31,33,86
27,83,15,75,3
55,53,58,53,64
5,57,34,43,19
73,54,9,74,59
54,61,60,30,56
70,19,23,8,4
8,87,68,4,63
49,28,23,76,29
23,12,9,87,38
41,15,56,29,0
27,17,19,21,34
83,79,61,60,70
37,20,4,46,14
69,64,54,62,0
57,35,79,43,82
80,81,77,23,72
74,49,69,76,10
4,78,20,31,50
78,52,38,13,1
69,73,25,39,3
17,48,75,26,4
35,31,51,58,54
11,73,67,12,39
5,68,16,27,53
76,38,33,54,41
85,5,63,54,41
18,11,2,7,34
20,67,16,74,13
11,59,22,40,89
53,70,61,3,11
13,71,57,49,79
16,34,30,49,53
26,82,82,38,66
57,42,86,88,21
60,67,1,88,52
6,17,27,23,64
82,35,16,14,58
85,89,60,25,59
60,4,30,24,13
37,43,30,42,9
22,88,86,11,0
15,40,77,20,11
5,76,30,87,79
27,56,62,40,76
49,42,60,47,49
45,6,39,5,38
75,62,51,86,30
42,16,29,75,58
60,78,43,50,12
68,33,36,35,83
85,57,84,28,66
41,34,15,59,23
81,4,53,38,79
16,78,66,81,13
16,4,6,58,63
63,16,3,8,78
45,64,39,15,45
8,42,44,41,72
43,15,58,84,49
25,35,27,3,29
51,24,1,84,26
79,12,59,79,34
13,12,75,14,24
56,88,17,58,42
61,70,47,56,3
46,81,18,48,24
25,84,55,23,68
85,10,25,28,7
24,65,25,81,86
17,71,11,6,3
9,78,46,0,77
50,60,48,5,81
61,9,43,25,20
73,61,26,15,85
59,84,69,49,61
3,34,43,21,80
15,56,11,34,46
57,45,77,80,64
64,53,79,62,80
80,89,22,24,86
18,10,60,27,28
64,11,57,44,0
14,35,41,50,4
64,82,66,20,54
5,72,37,63,72
0,46,56,21,59
35,17,2,38,85
0,58,80,8,63
6,30,86,24,3
80,78,9,63,57
23,21,58,1,52
61,32,43,47,40
58,66,75,59,78
75,77,4,76,64
40,57,55,14,69
63,41,88,67,24
24,16,82,11,66
13,60,29,89,62
32,10,17,51,80
85,7,56,87,63
24,31,66,17,59
48,69,25,46,46
57,38,86,45,40
82,29,67,4,16
6,55,60,84,17
7,88,81,23,18
22,58,47,26,10
29,59,10,67,84
21,57,51,23,12
79,0,32,88,7
27,66,27,48,9
87,11,3,20,11
54,71,69,83,71
70,48,41,13,6
22,31,6,25,16
14,40,74,12,71
53,66,40,60,7
41,70,85,20,70
48,30,24,50,66
8,29,35,6,39
64,43,60,66,89
41,58,54,55,20
5,38,13,70,86
38,36,24,66,36
38,89,55,70,86
6,16,0,13,53
88,81,51,10,85
18,42,73,57,62
7,64,15,20,37
5,6,31,42,11
80,74,18,77,88
22,36,5,23,67
87,4,60,23,8
60,16,55,52,19
33,18,44,87,4
12,42,9,89,31
6,26,84,65,53
48,30,55,27,4
30,87,18,60,10
73,40,21,58,12
24,43,18,49,31
53,10,71,33,40
52,86,80,39,88
78,4,72,26,17
21,80,6,63,13
65,35,78,66,77
48,39,13,23,50
80,52,6,60,19
0,79,3,2,77
83,23,50,37,68
15,44,69,73,56
59,11,80,85,79
61,26,79,63,63
3,40,50,74,55
55,54,86,49,41
69,67,36,6,40
54,26,59,69,37
26,17,9,11,51
70,82,16,0,50
37,43,13,60,52
20,84,51,17,66
20,11,46,33,28
5,53,33,43,66
81,59,41,84,25
74,83,60,50,11
14,69,64,89,17
79,69,34,19,52
23,58,79,69,59
43,9,74,9,5
61,65,1,41,77
9,89,54,29,11
44,73,45,7,24
65,59,34,46,40
80,85,41,84,80
50,66,86,43,85
20,55,42,36,80
8,42,45,28,30
55,45,61,28,68
74,66,88,83,66
49,80,54,74,54
47,49,32,54,36
49,66,38,64,0
26,89,20,1,23
66,21,40,85,36
10,79,21,6,73
38,53,19,49,57
9,77,53,84,20
28,7,75,32,41
22,6,17,70,11
10,34,74,51,34
62,0,9,66,71
78,45,38,73,57
48,35,2,72,30
70,27,49,46,68
80,67,33,23,38
82,1,27,23,58
21,56,19,69,64
58,60,68,3,42
6,47,36,30,6
47,30,10,46,5
81,26,56,17,45
60,17,16,80,15
67,39,9,53,15
45,31,70,12,26
4,39,69,50,27
59,57,25,9,18
30,51,27,3,11
7,3,87,49,5
66,17,74,50,54
13,58,38,50,42
34,7,21,37,59
63,43,39,59,44
59,26,62,89,89
4,64,5,73,75
56,72,70,66,48
52,38,68,2,61
73,20,81,17,4
19,66,44,24,81
45,47,89,79,71
13,44,66,13,15
12,32,48,44,25
50,69,59,13,13
41,10,12,67,9
74,20,16,72,6
23,17,63,76,2
52,71,37,80,22
66,8,12,13,55
22,65,20,11,37
44,8,21,0,22
59,66,50,59,51
61,65,7,50,67
14,54,77,27,38
25,12,60,70,36
45,54,38,11,29
35,15,51,68,55
77,30,67,63,37
20,75,47,35,51
7,6,30,78,42
42,67,81,65,22
29,17,29,8,64
83,19,68,34,46
1,89,38,19,85
89,33,47,36,47
17,88,30,59,43
59,23,7,15,2
50,11,29,22,19
47,14,47,40,38
80,41,52,89,28
25,59,78,68,78
1,52,0,82,37
17,18,82,66,53
5,64,8,23,84
42,40,69,13,64
65,51,32,87,54
36,5,32,78,82
0,82,41,57,70
28,74,12,33,1
87,54,40,77,67
28,61,77,4,5
12,75,51,47,45
53,27,73,11,51
83,83,30,13,83
21,53,14,63,26
37,30,31,24,10
67,14,6,24,75
29,25,17,2,69
88,3,57,37,35
80,27,70,75,11
77,3,81,48,83
23,81,27,87,20
57,75,22,9,59
39,71,26,11,47
88,57,5,84,48
7,19,27,69,33
77,57,3,78,44
25,6,18,52,11
2,33,2,35,12
86,40,69,7,46
23,71,66,75,9
36,51,37,60,81
47,22,23,10,67
38,6,8,13,11
59,4,68,42,23
49,60,40,74,32
69,46,33,80,82
86,19,82,27,87
89,76,70,52,16
18,11,74,5,88
3,14,65,9,73
58,39,86,59,46
21,6,39,85,64
4,8,20,84,42
73,19,66,17,48
79,78,87,84,35
82,70,25,80,85
16,68,32,36,43
59,62,84,84,81
61,6,4,16,13
65,87,61,42,30
48,44,18,16,40
52,14,46,56,32
88,61,75,74,60
62,11,59,56,12
61,47,40,63,69
85,42,81,76,22
39,79,81,36,2
67,3,7,31,8
61,47,48,21,79
69,3,25,44,39
71,78,31,70,56
89,23,23,47,66
32,52,36,21,48
61,83,62,86,12
23,80,64,20,12
79,21,84,79,19
19,78,71,45,82
70,89,68,6,41
80,5,43,68,62
84,8,15,85,29
55,48,48,20,25
53,19,32,85,18
12,56,35,87,64
22,18,25,84,1
21,61,70,75,73
72,45,0,72,42
51,87,14,88,30
31,45,0,42,31
14,84,27,3,19
89,82,81,37,44
73,42,44,83,79
81,59,76,52,49
74,86,10,66,79
2,70,29,36,77
43,31,12,65,74
20,18,64,66,48
0,14,47,7,46
27,62,81,5,59
74,50,26,29,1
26,65,48,50,26
31,1,4,75,14
4,77,22,51,56
33,51,88,22,12
23,36,38,50,9
10,21,4,5,24
14,79,35,80,57
29,9,79,5,45
58,50,81,71,71
74,28,1,23,68
31,28,43,32,0
7,7,59,19,64
55,46,71,84,35
66,54,66,77,48
17,81,50,14,7
69,12,29,22,46
56,12,59,1,58
17,64,73,17,35
24,65,46,76,70
42,42,63,86,76
77,27,20,49,68
7,53,19,52,19
45,43,2,73,16
59,26,54,86,63
54,52,51,86,85
58,42,69,81,48
85,47,68,2,30
17,29,62,86,29
37,20,41,21,28
15,48,8,49,24
75,8,73,33,29
87,77,9,16,63
82,50,39,11,57
69,72,16,38,26
66,80,36,70,86
54,46,6,66,35
64,21,68,85,19
84,9,31,65,60
51,82,66,83,82
46,74,5,49,15
1,23,23,53,65
40,23,26,58,22
47,45,24,29,37
79,44,62,77,38
89,64,71,51,8
60,56,59,43,48
11,17,9,56,88
60,56,70,40,1
64,79,6,85,23
39,81,3,51,51
88,0,55,78,11
59,41,7,61,28
13,42,69,22,54
88,73,31,70,7
17,32,33,57,11
48,64,51,6,2
26,74,53,75,29
70,66,2,34,67
24,60,19,74,72
24,77,57,27,84
63,45,24,80,58
36,58,5,88,22
40,76,63,39,14
82,62,7,56,24
38,11,52,8,34
30,86,32,10,26
68,87,9,76,1
89,50,9,22,0
36,45,82,61,89
6,82,49,40,37
9,88,28,82,61
55,88,77,3,28
77,54,22,22,43
15,22,22,3,24
12,87,56,2,8
42,30,38,34,49
84,7,85,25,80
18,19,51,37,31
79,9,43,21,78
54,43,9,16,83
65,50,40,41,42
40,22,29,53,23
66,61,44,82,56
19,38,57,56,83
56,15,79,26,88
69,78,41,75,63
3,1,62,64,78
21,6,26,83,32
45,22,22,69,7
82,9,58,63,35
17,52,2,63,12
64,18,26,39,81
83,10,42,47,65
44,8,11,13,33
17,77,31,56,41
7,1,35,67,5
3,35,23,84,52
21,86,35,61,14
2,58,21,24,72
18,40,83,57,9
30,87,79,10,27
56,27,75,40,15
30,15,80,1,38
62,19,83,34,61
19,3,58,41,79
33,46,87,83,9
8,25,43,48,26
35,23,16,8,15
80,22,86,53,68
41,6,1,85,83
35,38,41,87,31
12,17,2,67,66
66,12,35,7,13
26,60,69,61,14
75,48,23,32,45
17,20,39,88,73
74,17,75,56,83
81,39,33,18,50
77,46,32,59,20
24,59,73,61,89
34,19,82,1,86
14,54,66,4,79
59,14,22,55,4
71,49,58,11,80
13,35,18,20,8
47,60,72,81,58
86,68,65,60,0
75,54,37,23,73
51,74,14,20,18
8,73,72,86,3
53,54,14,25,70
39,61,22,1,28
7,88,82,69,69
38,49,37,79,6
1,63,27,77,23
67,56,69,32,6
11,30,56,16,4
35,44,73,62,55
72,28,78,20,61
2,56,49,19,55
77,16,76,29,25
82,83,70,26,22
25,17,14,18,45
43,58,71,20,63
13,26,4,60,17
5,13,13,15,21
20,47,76,13,89
28,74,47,31,61
15,7,5,4,63
64,61,57,27,16
7,20,74,73,81
13,33,46,78,78
47,7,81,28,77
40,76,28,60,53
52,57,48,39,6
66,8,69,50,81
78,19,23,22,14
34,15,68,18,69
65,30,83,58,82
37,21,55,23,51
82,33,5,38,82
59,29,62,76,49
67,34,76,37,8
72,81,16,79,52
31,27,80,23,0
41,54,28,74,28
73,15,73,85,2
24,0,11,2,87
7,9,5,29,89
57,24,6,48,69
33,6,25,71,23
43,34,60,78,8
19,89,30,48,2
43,85,82,40,34
80,87,31,53,6
10,81,4,3,75
46,79,72,82,46
67,9,27,77,84
12,79,17,6,89
1,35,52,70,40
29,25,36,47,22
84,41,70,5,71
70,63,4,76,37
57,87,61,27,82
55,7,28,25,82
32,5,20,69,77
10,17,31,78,38
34,77,75,86,50
18,87,79,50,24
31,64,22,57,28
40,33,52,14,71
0,88,4,21,76
4,45,22,69,14
76,36,76,78,28
2,30,18,2,60
47,63,67,31,66
21,29,70,87,15
53,73,51,29,84
3,82,50,10,83
36,7,70,87,37
8,12,6,37,58
54,89,53,59,65
30,33,26,0,54
13,61,45,76,87
22,18,10,74,17
80,22,58,32,19
17,7,20,82,35
5,52,30,27,49
5,79,42,48,71
55,28,40,50,27
40,45,51,67,1
27,41,19,19,41
0,40,47,48,38
56,74,60,83,45
56,28,82,22,47
20,75,15,62,53
47,33,17,62,2
85,72,18,70,15
17,3,57,31,87
62,22,40,19,43
2,59,15,40,71
2,62,59,60,57
15,36,69,71,48
64,26,27,19,44
7,76,23,45,72
43,50,69,64,60
1,69,11,80,69
43,6,23,65,11
18,51,20,7,18
31,86,57,61,11
12,83,45,74,77
12,35,14,9,83
86,34,72,61,62
23,29,40,52,55
65,74,59,29,81
9,16,32,55,44
48,78,42,40,82
85,44,72,85,7
11,49,38,64,78
48,30,45,5,2
16,44,78,53,19
57,21,9,53,20
43,79,73,59,65
31,18,68,52,20
51,3,36,40,75
13,60,2,66,1
86,10,18,23,53
83,8,10,39,22
56,60,13,52,43
31,3,60,67,30
26,35,50,27,29
9,38,34,86,43
32,28,85,33,19
61,64,68,85,77
64,64,2,1,46
15,61,88,84,7
58,80,20,86,20
75,67,85,84,7
20,1,31,36,82
46,36,58,7,14
33,23,80,63,51
62,54,63,86,1
63,47,21,53,66
44,2,14,2,18
75,67,15,10,70
84,30,30,64,32
16,56,27,89,75
0,56,82,63,82
63,80,27,10,9
41,29,37,64,38
47,54,26,72,4
12,9,24,4,43
6,56,81,62,0
69,73,35,69,46
34,31,74,4,21
46,44,67,30,68
0,52,63,72,22
76,22,86,82,35
47,68,22,5,85
48,38,66,82,73
52,33,62,32,32
43,0,60,75,82
51,81,47,80,64
16,45,28,34,85
76,43,66,30,24
44,6,53,25,23
77,74,71,5,50
89,1,54,1,22
31,88,35,63,41
74,13,63,13,64
18,55,48,25,35
56,14,49,42,27
9,33,77,65,55
88,55,15,0,8
14,27,88,19,2
72,74,57,36,72
83,77,46,62,61
55,40,9,24,74
78,70,74,88,17
19,82,69,54,45
52,28,60,79,69
51,53,9,84,19
1,62,89,32,83
10,25,0,17,40
2,28,56,32,24
75,64,88,61,72
88,27,84,4,53
87,50,81,30,65
77,42,26,82,39
68,61,71,78,46
3,44,14,31,22
52,17,47,23,56
67,65,62,15,5
65,29,72,33,1
49,38,69,2,55
87,73,5,80,13
72,16,14,24,25
6,29,89,83,31
22,40,75,18,38
30,49,61,14,85
74,19,53,35,83
50,85,17,31,5
11,8,42,86,1
58,18,65,66,85
62,69,87,81,52
38,76,39,4,59
32,49,28,84,9
29,78,53,37,5
13,63,5,9,22
12,57,18,76,57
79,0,47,89,42
24,61,26,62,5
74,19,29,36,21
34,44,56,27,8
33,46,29,69,84
37,41,60,62,18
25,6,60,86,43
68,51,3,82,33
14,22,25,68,15
47,38,82,71,2
31,25,85,33,65
89,6,76,63,46
47,44,89,62,8
25,30,17,46,88
80,31,0,76,2
48,56,76,41,16
31,32,28,33,44
86,85,83,47,61
10,43,86,69,24
67,0,65,33,42
64,32,59,89,2
19,89,34,2,43
20,0,40,71,76
39,43,48,81,64
83,67,5,72,28
38,24,5,32,56
69,51,38,12,44
13,23,25,75,11
86,68,48,19,86
56,39,51,39,63
56,44,55,25,54
44,58,34,79,74
29,36,56,18,47
63,85,44,70,27
41,44,85,82,51
40,86,79,0,40
77,51,34,40,67
2,33,51,26,78
48,78,24,44,87
72,11,55,36,34
30,58,20,52,12
11,54,10,30,52
12,57,37,23,78
42,84,33,77,3
31,77,80,63,38
29,3,33,7,81
31,51,54,65,26
51,89,64,68,69
9,54,76,86,25
81,61,49,23,75
83,71,88,51,37
30,24,25,35,4
34,5,53,41,2
70,55,78,9,43
64,46,33,9,17
6,87,48,61,80
3,44,36,17,39
82,86,82,39,38
50,44,18,9,57
2,10,49,83,16
22,32,14,70,0
13,8,16,18,26
5,53,55,22,12
86,73,38,76,80
16,21,63,83,48
83,7,10,70,48
51,89,78,19,56
77,68,72,2,18
12,11,48,6,11
62,45,35,2,30
67,5,51,32,71
45,44,60,9,49
56,0,73,78,47
77,1,57,8,20
20,60,51,68,66
60,63,79,83,13
73,68,39,10,24
35,66,37,10,83
57,37,62,12,42
15,44,2,11,22
27,0,55,80,78
2,22,30,32,72
10,89,44,33,11
70,72,24,63,33
60,46,83,86,24
5,24,85,86,6
63,40,43,33,2
7,60,31,57,54
16,71,34,43,43
28,11,16,6,2
60,87,73,62,21
53,89,34,60,22
87,86,61,9,62
50,66,79,6,0
8,6,41,39,87
63,9,6,12,85
72,18,64,54,7
27,1,57,16,50
37,21,46,28,12
6,77,17,83,86
51,8,8,2,71
6,48,3,27,18
83,74,78,80,48
67,44,68,65,37
29,58,31,35,72
28,48,25,38,46
27,53,65,87,39
76,10,0,41,64
58,89,45,79,70
81,62,36,69,40
81,13,26,17,56
15,80,75,76,49
67,24,6,84,36
20,29,87,70,74
75,3,76,63,3
77,89,71,2,75
13,31,50,69,81
72,68,78,60,1
35,81,64,35,67
16,63,28,78,18
13,26,27,37,7
64,86,78,89,71
36,10,22,1,72
44,19,69,47,51
20,46,48,72,38
30,39,18,16,55
0,27,30,51,18
4,32,35,3,81
72,20,0,24,58
66,14,57,20,11
2,78,44,27,85
7,81,45,43,9
68,49,19,2,38
80,11,57,28,24
60,67,4,31,35
30,5,44,53,76
82,57,50,52,75
30,33,82,71,76
37,53,73,62,33
32,50,82,63,49
19,87,12,72,57
58,47,16,26,41
27,48,44,86,81
50,49,68,29,13
66,72,31,1,35
80,75,59,87,22
29,75,12,17,40
41,65,64,33,44
69,71,5,87,60
36,49,7,18,18
75,45,1,44,4
39,48,22,27,30
35,27,52,62,36
0,12,49,24,45
26,31,38,80,18
4,47,35,73,72
86,10,36,46,24
11,51,75,62,30
67,1,53,18,1
16,71,33,0,58
34,40,17,5,68
68,53,24,1,35
6,67,43,16,62
24,87,19,28,75
5,89,82,52,67
15,75,30,56,30
80,75,65,45,55
77,16,78,25,70
20,34,71,49,12
43,47,52,69,74
51,5,77,74,67
49,9,17,56,16
14,17,28,36,58
37,42,72,15,27
26,73,20,60,76
35,34,17,83,39
69,46,41,31,89
88,61,12,19,26
75,12,80,0,74
2,72,17,2,82
24,4,31,49,25
28,63,7,44,84
16,17,50,24,85
13,28,20,56,30
34,82,37,12,84
44,13,3,73,50
26,15,30,61,77
37,83,6,48,88
60,20,32,76,8
30,10,56,82,80
65,44,63,19,25
24,64,82,35,67
85,43,52,21,19
12,63,12,17,8
12,32,63,18,10
43,57,1,42,89
16,55,68,85,42
7,68,62,82,13
43,81,22,0,50
21,9,29,11,33
51,8,73,70,2
34,42,77,16,88
54,37,32,47,68
8,75,22,77,32
24,48,82,76,4
33,20,28,59,49
19,57,9,13,31
35,87,25,68,62
88,76,32,22,82
54,45,51,3,50
50,15,4,23,73
5,79,16,20,4
4,82,40,3,12
21,40,51,28,35
7,37,87,37,66
37,4,43,62,84
8,46,3,76,18
72,47,77,8,63
75,35,47,27,52
69,16,15,55,46
65,80,16,19,10
2,66,0,52,22
63,34,75,84,5
67,18,12,46,78
58,16,21,66,69
28,40,23,26,46
35,40,59,9,40
1,17,85,85,55
75,39,59,29,50
89,22,82,7,34
79,24,70,22,20
29,13,17,25,12
31,3,57,10,89
2,38,77,1,57
11,59,34,76,75
73,37,37,88,32
37,87,80,82,48
32,11,13,1,83
84,78,18,10,76
59,88,36,44,34
38,0,79,0,57
84,77,9,4,14
27,31,21,59,6
70,52,86,53,85
52,53,19,14,58
39,69,14,79,23
46,30,59,39,82
29,62,72,29,55
65,60,35,17,60
50,87,13,2,61
34,62,19,34,79
2,56,62,54,77
2,19,46,42,33
12,54,11,56,59
61,80,61,27,70
64,41,75,69,77
51,1,78,3,71
35,47,0,62,2
58,76,46,59,7
8,82,9,49,5
79,23,67,38,2
29,26,69,3,72
58,68,5,72,34
31,50,20,9,62
13,81,16,2,22
33,84,1,62,86
21,32,67,71,6
85,15,16,23,31
3,32,42,22,34
6,45,21,45,55
22,39,81,34,44
45,0,62,11,85
12,3,25,38,70
36,14,32,43,76
41,34,47,61,85
3,1,65,18,55
50,66,49,7,57
18,14,14,88,31
19,3,1,13,36
46,88,89,67,16
15,66,48,25,3
66,7,51,69,47
79,74,39,7,71
19,48,36,77,89
79,31,64,55,23
48,27,16,4,66
19,33,61,19,45
42,39,40,20,65
42,85,32,26,53
65,17,57,20,50
5,75,41,67,63
22,28,2,52,73
50,29,82,5,57
2,75,25,78,79
83,67,32,89,49
80,9,47,33,80
50,40,88,47,27
16,88,38,25,63
65,51,0,14,33
58,68,45,47,34
69,86,38,50,61
29,22,89,69,57
20,89,22,31,25
75,76,65,20,72
13,12,55,81,15
21,38,58,41,76
50,15,13,15,5
65,9,25,12,18
4,55,87,29,89
85,81,74,10,8
50,11,39,9,78
4,83,67,67,21
47,82,19,46,3
52,44,51,22,45
17,7,14,61,88
84,32,34,2,48
79,84,58,66,16
88,50,82,57,76
58,85,54,15,88
71,52,13,37,12
83,53,14,65,54
44,78,88,36,69
6,44,79,9,7
44,73,67,11,55
82,83,62,8,68
36,53,6,8,73
35,43,62,22,61
47,67,76,46,86
23,63,69,40,44
60,72,15,70,86
65,30,53,45,22
15,86,71,38,7
23,41,7,55,75
68,85,17,87,38
75,5,4,38,42
45,81,35,13,33
24,3,46,27,62
45,26,14,46,68
59,66,83,6,36
79,1,78,3,24
52,63,21,39,60
47,58,4,36,19
33,55,67,58,8
55,17,6,72,7
79,31,37,15,22
30,61,76,3,83
40,82,16,83,22
65,42,84,69,1
36,11,87,66,63
43,70,51,49,34
47,33,30,18,48
46,30,74,17,54
52,40,28,63,66
73,63,31,13,74
53,86,66,77,71
77,47,29,74,72
52,85,83,72,28
71,5,21,40,11
37,70,2,83,48
47,34,38,51,60
22,66,69,14,89
29,66,4,40,59
45,78,68,51,54
15,83,14,1,61
12,27,33,25,32
15,28,33,26,21
46,33,58,79,42
15,47,77,53,73
31,64,37,29,87
65,8,85,3,27
63,17,84,66,53
10,59,31,13,84
74,30,56,64,81
65,74,50,32,38
68,86,16,50,89
72,89,72,49,60
50,16,31,40,80
20,64,17,1,72
24,3,73,22,87
4,17,11,9,73
50,77,59,40,4
54,75,43,8,19
73,27,9,22,24
16,49,75,10,19
63,10,68,10,69
45,73,59,54,53
26,75,83,0,70
73,24,70,17,64
68,41,15,42,11
58,66,37,86,18
49,0,56,69,20
68,5,41,76,84
68,59,28,85,50
55,48,16,14,10
42,23,67,17,66
79,2,2,83,29
83,39,81,1,28
71,39,26,46,58
4,73,53,3,17
80,62,32,69,87
75,82,77,85,9
88,4,50,82,57
25,74,21,12,70
17,72,24,86,61
50,32,52,50,75
78,82,87,14,35
31,26,45,64,72
3,76,82,74,43
67,49,76,8,39
48,10,42,25,89
24,71,15,81,72
46,36,12,22,69
60,63,31,12,80
39,62,89,78,53
59,52,82,43,73
89,27,33,16,27
8,81,15,80,49
8,8,30,28,62
14,19,45,27,4
14,62,4,81,59
82,43,37,82,45
54,70,42,51,89
34,86,55,15,25
49,9,9,44,16
75,42,0,47,9
79,81,80,46,1
57,67,54,45,76
48,53,10,29,71
73,9,82,3,45
55,36,27,39,38
15,61,41,31,54
76,49,64,48,17
2,77,9,7,38
88,25,7,89,33
65,34,48,14,42
77,38,55,25,12
45,79,30,18,36
49,43,57,57,19
84,4,31,76,8
17,54,63,37,78
54,25,65,7,3
85,6,31,48,85
48,21,67,54,71
2,52,66,20,5
38,88,26,28,63
5,77,46,4,67
2,32,68,41,34
42,33,52,24,89
78,14,51,33,66
76,65,67,81,63
84,10,42,1,69
3,88,29,52,6
77,88,54,34,9
51,21,55,78,6
15,22,45,29,40
42,51,0,14,44
76,31,32,74,12
73,0,13,57,6
6,1,34,16,74
77,31,75,49,51
26,26,59,9,62
86,17,38,14,75
56,88,1,74,45
29,66,76,17,55
19,69,60,58,68
1,70,27,55,82
48,19,82,22,71
80,50,65,79,85
2,39,0,58,14
62,7,54,66,12
76,7,51,33,81
13,34,79,36,67
40,85,54,89,18
24,59,6,51,67
24,28,22,76,34
24,32,62,43,36
23,2,57,2,14
40,25,20,62,24
30,40,82,85,14
78,49,28,63,32
37,11,25,34,22
73,36,81,53,87
21,83,29,34,41
0,7,86,62,53
67,38,24,20,58
52,68,86,73,83
77,13,47,18,45
26,41,6,20,44
81,48,71,56,47
87,61,39,64,60
41,8,6,65,13
42,4,2,14,20
25,35,65,2,20
78,40,37,83,48
20,61,55,9,44
89,47,86,80,27
71,24,27,69,86
47,59,64,6,19
6,57,19,47,35
42,64,56,3,23
14,60,4,53,19
6,27,17,59,67
42,62,56,5,15
65,56,27,22,21
12,28,14,60,58
42,14,17,73,61
33,40,32,61,51
15,52,50,84,29
42,41,6,53,31
53,30,85,32,68
77,55,52,58,36
76,1,72,48,45
55,14,78,40,6
0,5,79,41,25
44,7,21,67,29
57,61,59,32,21
43,68,56,54,35
31,30,48,67,20
40,46,82,39,71
89,58,61,23,13
59,40,72,85,81
47,16,58,40,4
52,15,65,45,68
24,45,29,38,71
58,5,51,26,45
87,80,43,44,78
27,27,22,62,32
88,24,14,86,17
59,80,44,74,0
6,84,32,29,87
15,78,68,10,44
88,61,69,31,27
48,87,28,66,38
80,18,24,38,81
74,14,77,33,33
73,79,43,48,33
1,10,45,12,29
75,11,65,63,26
70,3,37,86,89
62,45,65,9,7
29,25,88,89,42
8,72,34,83,84
58,47,3,34,58
49,23,30,89,24
23,39,59,26,3
52,19,0,47,20
75,84,31,17,15
26,24,27,71,43
18,1,70,3,0
15,9,21,55,1
59,78,5,24,89
3,55,44,88,46
81,79,77,17,85
69,41,28,63,28
62,36,23,49,15
1,68,2,51,9
19,35,49,56,2
73,36,31,61,71
12,86,33,13,36
18,79,78,55,45
4,20,49,32,79
19,37,76,23,2
54,31,23,8,50
89,9,77,59,11
42,24,56,11,69
79,82,17,18,78
82,22,45,55,79
64,83,68,80,84
33,12,43,16,43
31,10,18,88,57
11,2,58,3,45
79,21,50,7,53
51,47,20,58,41
65,66,52,68,0
9,36,78,87,53
35,88,46,81,87
36,9,2,27,29
73,34,61,75,51
38,15,27,24,12
20,85,77,59,13
77,30,13,11,59
67,6,25,72,7
77,68,3,59,62
4,49,69,67,14
14,40,23,5,12
51,26,47,12,49
60,75,33,22,17
35,15,3,63,13
34,85,58,3,86
66,80,89,13,75
8,71,32,71,58
78,50,11,49,37
56,0,15,7,87
8,17,31,8,41
78,11,22,53,63
18,26,63,38,20
8,72,29,32,66
84,11,83,51,6
55,82,81,71,59
85,80,1,62,75
84,37,43,23,81
23,16,38,40,40
59,34,54,33,46
65,34,66,74,78
60,80,40,12,80
31,70,88,78,88
30,59,74,60,62
76,22,31,17,66
72,39,43,78,49
80,6,89,34,77
21,27,70,2,3
66,63,37,32,85
50,52,78,62,31
3,3,85,40,0
17,77,87,59,42
71,8,21,2,59
59,7,75,55,28
56,70,30,59,50
66,85,76,52,51
19,32,44,65,89
86,23,17,1,82
56,57,26,80,65
67,58,56,19,55
56,11,23,31,70
63,16,67,79,14
21,34,18,56,11
67,3,44,62,67
20,13,70,77,68
16,58,41,46,29
64,79,56,41,47
86,89,87,54,4
41,62,32,69,39
3,89,28,11,47
17,29,73,14,25
38,18,83,18,56
2,49,26,10,39
79,12,10,17,43
77,18,15,62,32
74,40,56,20,27
40,49,39,70,46
22,27,13,0,31
15,45,81,22,11
51,18,77,30,58
60,19,60,64,78
7,32,84,17,1
34,53,5,81,37
60,28,14,4,62
71,66,35,58,51
27,72,11,63,53
76,86,84,72,65
72,63,13,84,66
33,1,41,55,80
59,39,19,56,28
80,9,4,2,11
28,14,83,28,49
61,70,50,35,26
21,62,88,31,10
65,62,4,45,13
5,56,86,21,4
4,57,4,1,84
42,41,50,89,78
9,77,18,89,82
50,19,42,61,62
55,35,66,84,54
42,43,52,45,0
24,24,54,17,1
33,1,43,12,27
45,61,75,32,79
9,87,11,38,85
84,1,56,6,49
87,33,15,69,5
80,3,44,59,58
39,7,39,56,7
79,85,85,7,32
47,10,19,84,17
63,86,65,50,25
30,47,18,3,45
38,21,84,57,80
25,35,87,30,87
50,59,67,54,89
47,12,52,48,86
25,21,25,82,22
23,70,3,9,83
70,81,78,61,80
53,66,6,25,41
20,55,79,66,25
35,39,72,76,38
3,37,1,46,63
82,67,4,69,76
89,20,26,48,4
88,25,85,0,50
60,44,56,26,9
73,44,84,82,21
38,6,62,71,47
13,36,64,53,56
26,80,25,80,10
5,29,16,65,74
81,54,78,89,89
46,76,19,14,54
28,78,5,73,43
47,10,79,78,19
52,74,39,33,41
75,33,44,80,32
43,27,11,89,20
26,8,87,88,76
76,11,25,11,58
63,57,13,82,39
33,89,82,51,71
82,59,42,19,52
9,44,71,89,73
30,20,88,5,38
51,72,39,74,37
89,80,28,61,72
66,85,33,74,38
64,11,45,81,30
29,46,18,85,67
72,32,42,61,29
19,16,31,46,3
55,61,45,8,45
58,77,59,8,16
45,52,9,8,30
73,0,79,66,12
77,9,48,26,39
77,73,3,34,29
73,3,7,49,79
28,13,49,4,69
59,70,41,61,26
24,38,3,9,8
42,83,71,4,74
66,39,54,51,27
58,48,43,56,26
68,68,49,53,83
9,74,51,62,8
56,83,88,4,85
21,35,21,27,82
20,0,21,8,35
88,20,89,37,40
55,43,53,9,25
47,63,36,25,73
22,44,12,17,70
72,1,72,74,23
36,30,30,66,45
12,80,83,9,79
60,26,45,28,44
0,25,27,67,47
78,41,18,33,30
35,65,65,41,84
65,1,30,38,82
86,42,28,80,43
80,58,51,32,85
29,24,11,30,40
60,43,19,77,34
45,54,52,86,50
59,32,32,61,52
47,13,67,65,35
1,2,43,28,24
15,70,63,5,88
15,60,3,38,38
22,39,6,39,88
59,84,5,36,50
18,64,76,43,29
11,17,75,64,79
3,10,60,72,58
44,87,14,39,42
78,10,50,5,16
25,6,56,35,64
14,62,2,18,40
27,49,59,68,30
23,21,69,64,25
80,76,59,62,71
28,4,50,0,1
55,66,27,24,3
3,25,14,9,4
49,21,72,84,32
40,50,12,19,4
75,61,82,30,22
37,32,49,19,14
70,88,4,53,89
84,89,64,49,26
30,16,12,80,0
86,26,69,50,57
14,67,9,24,59
77,75,85,61,27
50,5,75,88,25
9,34,71,85,85
62,80,0,35,63
13,43,1,12,79
54,0,69,17,53
23,79,22,45,44
41,53,77,15,13
76,55,45,61,42
26,50,43,51,75
11,51,89,88,12
41,89,78,19,78
67,12,69,20,83
66,39,29,73,38
88,85,5,49,69
74,3,5,57,75
83,31,38,70,28
88,10,11,19,16
31,13,72,43,78
89,12,81,60,22
42,52,88,74,24
18,33,41,48,24
34,53,53,64,28
86,11,21,72,76
61,67,83,24,62
21,41,81,12,30
4,15,79,56,13
86,77,51,80,54
26,40,53,84,52
53,79,43,18,14
46,28,69,48,60
41,5,50,6,59
68,40,66,26,36
16,66,80,80,57
65,75,77,74,28
50,76,17,28,31
80,42,82,30,73
19,65,64,58,56
39,79,48,63,21
77,86,71,73,24
31,17,31,74,39
54,9,15,3,6
41,49,8,66,22
17,69,81,54,40
19,71,89,59,85
10,59,39,15,62
85,46,68,72,85
63,7,74,54,13
25,53,21,49,88
71,62,21,26,31
42,11,26,9,72
24,4,11,14,68
68,1,85,72,43
35,84,22,25,10
16,71,76,64,69
18,54,48,44,30
36,65,62,16,54
62,11,7,22,30
49,33,3,6,77
14,58,6,68,76
12,36,74,26,11
45,21,67,25,85
48,13,3,29,70
12,33,80,1,34
72,25,35,42,37
3,64,80,38,39
0,50,13,62,43
32,51,33,66,89
69,89,13,49,78
22,29,64,62,87
39,48,82,37,89
64,83,9,26,5
9,37,22,28,76
31,83,2,39,58
48,58,52,27,73
32,34,35,50,17
78,27,32,50,41
20,84,8,27,67
53,4,70,27,49
3,38,23,2,48
23,61,62,56,84
82,26,12,83,7
64,30,70,6,82
44,45,78,8,30
63,21,33,67,30
33,29,60,82,40
63,5,36,28,9
9,35,35,12,62
80,63,57,0,49
75,46,45,32,46
8,55,39,65,81
15,82,33,48,51
82,64,47,57,2
33,10,31,40,27
48,46,62,61,63
49,54,56,59,75
9,59,67,80,87
22,86,20,8,2
67,53,48,75,26
10,51,52,55,19
65,1,50,45,43
1,88,89,55,0
8,71,44,44,21
15,8,64,32,75
56,13,52,0,1
22,77,65,9,29
7,76,47,86,60
57,86,10,50,51
16,87,83,34,78
71,5,53,79,18
14,74,70,89,6
44,62,73,6,22
46,14,73,80,81
33,88,71,36,79
37,14,35,66,0
73,57,18,39,28
45,27,6,4,31
27,50,6,55,43
41,75,70,69,12
87,24,76,14,4
36,8,80,19,25
87,63,49,30,61
58,89,87,14,26
45,11,34,68,0
77,82,5,24,51
56,27,21,33,20
3,18,24,33,33
43,0,3,57,48
28,16,45,41,20
25,68,55,63,29
66,86,45,84,11
47,66,65,6,78
4,82,66,16,80
86,60,50,83,61
48,57,0,53,81
20,58,21,32,62
74,34,39,48,89
33,7,24,50,66
84,30,65,75,10
5,21,25,17,79
26,25,41,71,10
1,64,6,29,9
27,69,39,55,79
37,85,54,31,55
49,60,78,6,48
58,29,60,12,19
72,72,70,71,35
89,42,82,1,80
64,85,31,18,74
59,73,45,22,81
59,10,66,15,32
17,7,22,42,81
79,66,8,41,57
2,33,13,19,64
43,89,21,36,46
81,75,17,48,86
15,3,13,50,64
18,21,35,68,60
41,49,60,3,31
15,19,87,84,51
79,17,87,31,44
74,5,24,52,27
17,84,39,32,75
63,13,75,56,85
20,9,77,9,47
48,45,88,89,27
68,89,35,53,87
52,41,25,27,9
26,77,47,66,16
30,71,84,74,65
84,53,9,62,19
6,20,72,57,7
30,33,38,29,39
55,11,41,45,62
2,26,38,58,61
61,87,15,26,27
59,5,12,19,17
35,43,85,88,8
84,12,54,85,14
69,74,0,55,84
41,3,6,29,3
54,63,81,39,84
53,33,52,85,22
3,2,52,25,12
18,89,16,82,1
49,23,14,19,86
61,15,0,29,10
15,43,35,56,30
40,13,77,84,42
33,56,16,12,35
6,82,70,2,31
17,0,68,84,79
33,61,2,89,15
73,78,14,8,30
17,26,23,39,20
57,8,21,83,59
46,11,36,74,43
8,53,76,6,4
77,50,55,63,72
26,30,10,76,9
81,86,18,8,79
86,62,56,76,46
28,70,32,15,58
60,76,64,75,28
61,72,27,27,13
85,66,71,53,24
78,15,38,54,21
34,26,77,37,33
69,77,69,66,51
32,30,67,12,31
0,84,36,35,2
74,68,66,13,32
50,60,83,38,73
71,9,55,40,70
52,34,5,81,6
19,71,38,35,60
27,22,57,74,14
44,78,18,77,74
62,24,49,1,52
72,32,28,79,12
40,33,16,46,28
26,12,64,73,14
87,73,68,75,56
52,58,35,84,62
11,44,55,39,22
55,69,37,71,12
2,29,40,15,76
39,0,80,17,7
65,59,60,82,81
79,41,25,67,25
28,73,2,7,60
52,64,51,26,0
48,22,53,9,71
58,84,76,4,78
35,37,41,18,14
60,54,87,47,19
43,12,34,44,82
14,50,42,83,0
49,5,1,6,45
29,43,73,28,60
8,31,31,29,63
25,27,32,86,25
49,18,4,29,18
30,22,27,6,80
50,45,55,46,59
23,14,21,85,79
32,40,7,63,13
71,31,17,27,77
81,73,60,85,22
26,19,83,80,41
59,63,44,86,67
79,76,71,60,71
7,81,86,24,87
36,20,5,64,28
45,3,48,63,37
4,75,1,58,71
15,87,6,44,68
52,62,34,66,47
39,87,86,42,11
56,39,49,23,34
12,63,65,24,20
57,34,8,76,62
64,6,36,43,57
54,2,16,68,50
69,31,44,70,35
27,86,46,18,42
0,13,64,32,68
36,24,47,38,14
84,83,7,59,88
72,37,77,29,39
56,10,41,82,75
43,69,29,44,12
48,27,77,61,89
76,46,17,83,7
85,48,26,5,70
68,50,15,46,58
57,54,88,41,28
16,77,1,26,54
31,0,48,21,74
33,73,23,54,76
72,81,23,9,74
57,0,12,28,39
48,5,46,49,44
39,68,16,16,16
23,55,59,85,57
40,41,25,73,44
43,39,30,65,34
20,80,37,50,88
61,51,86,55,11
28,53,27,70,43
37,41,72,2,83
25,39,41,51,57
43,31,1,55,7
76,85,69,30,76
8,56,25,51,66
40,26,34,3,58
73,46,40,12,87
10,26,1,77,19
20,84,30,61,80
14,69,33,0,63
32,83,38,80,73
68,89,70,87,47
86,26,61,65,22
46,31,3,61,67
57,79,83,51,17
76,36,36,82,5
13,54,22,65,44
3,14,47,87,26
72,39,64,0,77
7,25,88,69,26
15,69,58,15,57
33,89,0,76,28
87,63,52,7,24
5,83,89,69,8
68,48,49,23,26
59,1,89,7,29
31,37,71,58,70
12,46,56,83,73
77,15,44,16,87
34,69,43,88,10
53,62,13,44,54
49,86,77,19,18
30,27,88,61,89
33,9,57,72,5
28,71,73,77,33
66,5,89,12,41
65,46,31,31,41
69,71,11,15,43
73,81,62,89,2
16,63,32,22,24
49,24,45,24,37
35,8,78,26,22
69,42,74,77,31
53,5,23,75,47
18,35,65,48,47
4,23,76,43,4
21,50,5,49,55
82,24,80,42,40
19,30,43,46,39
77,75,71,62,26
60,88,14,20,33
64,9,31,25,29
83,18,56,41,71
63,58,71,17,54
68,10,43,54,0
70,30,35,54,24
75,23,51,26,10
30,50,59,31,37
72,8,49,53,78
74,73,42,29,80
69,27,1,59,13
20,75,55,45,86
42,17,43,77,62
8,1,27,48,60
89,2,60,2,5
76,17,82,1,84
32,33,89,80,2
65,12,48,22,35
49,70,68,72,19
13,38,66,46,40
33,51,47,60,49
68,31,9,52,44
47,10,12,50,0
7,38,74,38,63
11,65,18,6,59
48,31,89,31,84
19,72,32,85,84
55,73,6,66,47
61,42,42,22,78
1,40,61,14,71
13,31,78,67,26
33,48,66,82,39
25,19,45,16,0
77,43,3,67,88
31,31,77,40,5
86,76,32,88,82
25,28,32,84,31
82,46,74,3,88
88,18,37,60,54
70,44,38,1,8
7,49,88,61,37
80,49,10,54,46
8,45,21,79,76
82,58,43,29,86
67,68,87,19,79
4,65,42,25,80
12,88,49,80,43
60,19,70,78,78
57,47,74,33,73
54,18,72,79,29
20,65,31,74,24
39,17,15,59,83
35,79,55,49,33
71,61,52,47,68
71,49,10,44,56
3,50,0,85,37
39,34,83,20,22
83,51,0,74,52
63,33,65,47,71
19,71,55,19,25
73,64,80,76,17
50,83,88,35,11
88,20,1,29,22
71,5,63,64,47
52,84,82,12,51
6,1,24,48,0
78,73,79,82,30
47,80,15,80,4
36,62,50,36,29
5,25,51,16,1
50,88,26,71,45
74,57,58,59,0
46,74,58,0,33
58,16,65,73,48
54,41,33,83,35
28,57,32,16,3
59,51,28,45,54
43,66,23,80,27
13,24,3,54,65
26,28,11,77,82
37,63,17,4,29
64,13,87,65,22
83,46,38,23,58
46,86,63,55,53
70,59,16,75,53
82,49,26,75,19
21,35,21,87,26
51,88,38,50,22
67,35,17,78,39
4,55,54,88,80
15,19,21,71,64
72,1,56,64,89
72,19,73,21,87
47,71,5,78,48
83,25,41,39,52
60,30,33,25,85
59,26,26,77,84
49,43,69,49,57
57,12,19,88,77
69,70,60,15,59
26,62,36,24,68
22,54,57,43,24
83,83,3,67,83
40,47,55,25,6
77,33,50,45,13
5,54,55,25,84
38,77,4,46,58
64,59,43,58,17
56,44,30,17,27
14,9,86,66,71
60,1,75,5,27
38,65,46,25,76
59,36,1,27,70
57,4,14,3,34
29,23,11,83,0
9,10,27,40,16
13,20,74,8,25
13,6,2,12,47
55,25,88,62,37
50,19,69,87,66
89,52,89,5,75
48,60,78,79,47
45,7,0,41,27
79,8,75,75,29
79,82,87,43,81
56,52,48,77,49
3,55,73,69,28
30,79,6,20,88
48,89,85,39,54
49,15,87,59,65
44,83,21,26,14
12,9,46,47,6
84,37,21,48,28
74,75,36,52,6
80,19,49,10,52
67,21,48,82,60
83,18,21,62,19
41,10,13,48,56
31,13,50,43,58
23,31,21,38,18
69,61,84,85,88
57,26,13,20,19
82,5,26,23,1
32,65,39,51,78
80,64,19,33,70
42,82,43,22,43
39,12,56,20,11
18,79,34,0,49
9,46,34,27,83
67,34,38,72,30
31,8,62,14,10
41,29,0,88,31
11,52,9,56,54
80,4,4,49,63
65,51,86,61,69
80,57,2,49,22
76,12,58,30,55
86,61,75,45,27
78,2,74,28,35
11,70,40,21,1
53,89,62,24,60
85,59,50,54,29
89,20,74,27,2
71,55,88,63,52
34,5,57,39,5
8,6,43,69,78
34,74,36,79,2
39,61,20,25,47
4,79,71,66,21
62,2,66,29,59
44,7,50,63,81
62,3,34,20,15
73,0,70,3,88
50,24,16,2,47
31,33,72,18,35
62,84,79,79,68
18,73,60,79,62
19,11,11,61,1
49,15,77,39,15
4,41,44,40,41
59,67,19,75,79
30,74,28,31,81
72,17,3,9,53
44,88,63,12,77
29,73,6,70,50
88,33,60,17,47
53,51,32,62,67
81,63,85,69,38
55,87,58,39,39
34,10,1,17,63
55,23,23,33,9
71,34,53,11,30
34,8,10,32,68
35,6,28,38,40
10,29,15,7,17
85,44,44,1,38
48,60,17,84,28
5,45,75,43,74
88,57,10,13,12
27,21,72,89,65
34,87,49,29,21
0,87,3,73,56
13,84,81,11,45
27,24,14,7,66
60,27,63,41,69
31,13,36,62,89
83,56,8,10,64
67,63,48,73,56
36,44,20,26,1
44,79,67,16,38
40,42,79,74,42
58,9,20,5,72
71,54,68,88,9
9,74,1,14,64
50,11,50,25,1
15,16,13,36,5
14,75,83,10,2
18,19,56,80,24
42,62,24,65,79
24,67,51,19,52
12,5,30,76,9
88,45,9,57,82
27,13,33,16,71
49,16,78,79,50
81,26,48,28,33
69,54,31,40,44
27,55,78,41,59
43,34,76,30,19
24,81,51,89,28
10,30,16,6,16
56,32,72,79,36
73,62,78,70,84
42,17,37,88,36
50,73,19,23,0
53,6,79,37,30
47,60,23,79,70
45,8,55,13,63
59,72,9,69,24
18,17,65,61,28
2,32,38,51,2
3,17,27,27,11
45,40,1,72,26
56,81,19,41,55
41,12,78,52,27
36,23,68,74,34
54,46,27,28,39
88,56,86,74,49
61,21,57,0,25
80,88,74,6,65
85,13,48,35,5
60,1,40,9,1
20,46,7,16,84
64,15,39,54,69
36,68,89,40,75
39,15,84,1,69
25,69,51,75,52
22,79,29,64,0
31,14,26,71,65
55,62,20,13,10
30,46,42,13,1
49,5,20,19,1
80,44,52,2,40
65,49,81,16,15
42,41,29,15,10
14,66,78,62,14
2,52,82,47,6
32,68,28,40,25
43,39,5,62,79
49,67,55,8,2
32,46,39,41,83
63,47,29,31,79
54,22,47,77,82
42,8,29,23,27
46,68,57,76,87
51,79,47,62,41
61,47,13,48,5
15,66,83,61,27
34,35,42,19,63
79,14,57,36,68
78,75,9,61,18
6,33,39,28,15
69,10,71,20,36
80,23,34,4,58
11,39,26,87,49
2,75,36,57,6
40,67,7,59,53
15,61,64,3,31
40,23,59,86,55
84,59,12,46,64
75,86,82,10,1
58,60,59,7,28
29,79,71,7,16
54,88,54,13,89
74,9,62,28,15
61,12,18,44,4
38,54,47,68,25
9,31,74,4,4
72,9,23,36,21
65,33,62,28,12
66,89,35,69,25
21,84,82,47,31
81,77,52,53,63
5,56,58,85,79
75,18,45,52,88
30,33,73,12,39
77,71,2,47,30
84,12,10,65,25
27,37,9,9,25
55,53,2,51,49
23,35,50,21,13
35,14,0,81,12
64,78,25,2,46
77,75,66,80,72
42,67,27,29,46
54,7,51,44,24
70,79,12,88,51
34,29,42,66,28
88,37,55,38,30
36,52,18,86,32
70,15,76,83,39
77,23,58,17,6
80,67,22,47,7
14,10,4,73,9
25,50,31,86,13
66,25,65,29,22
85,39,32,60,54
75,80,14,74,18
22,45,18,87,11
41,23,75,66,35
86,81,88,70,75
16,62,24,83,11
7,2,87,38,9
69,77,41,74,17
85,85,74,76,34
16,43,71,84,76
76,20,1,27,85
49,1,26,82,59
25,39,47,12,22
65,81,52,86,59
49,89,72,20,26
36,66,15,39,26
53,41,8,73,74
13,70,0,22,0
28,48,35,47,86
33,10,12,3,8
49,50,56,38,88
49,86,85,49,21
2,69,50,6,62
24,72,83,64,49
67,39,41,85,44
13,70,53,89,26
56,40,48,55,20
58,11,10,63,37
4,0,36,45,0
49,76,70,76,44
68,31,77,83,22
61,65,51,73,33
61,68,50,53,22
69,39,32,24,82
50,26,56,89,24
73,9,0,1,78
53,48,60,43,44
46,68,9,28,71
30,29,22,18,21
76,23,14,66,30
0,7,35,73,35
73,77,64,68,3
56,27,82,89,15
71,63,58,85,48
12,24,33,18,82
12,42,69,18,0
43,46,63,31,48
81,10,42,4,13
82,76,22,62,29
79,40,86,26,14
46,3,84,85,2
53,60,86,3,9
74,71,71,73,61
29,73,84,49,70
62,72,1,60,20
23,19,27,65,21
31,16,78,42,42
22,39,76,75,79
45,38,67,61,61
86,85,52,23,55
85,43,57,78,72
61,53,41,89,58
42,20,12,37,1
67,68,67,8,27
16,11,61,13,77
37,36,70,18,40
14,36,44,56,38
54,2,14,63,64
29,45,85,62,53
50,43,87,23,51
10,33,57,35,57
4,0,19,27,88
44,26,15,55,36
71,72,87,22,85
64,74,49,76,83
78,4,22,50,39
83,49,19,2,24
61,0,28,84,61
55,47,29,27,29
22,37,81,22,59
40,51,15,13,28
56,9,26,44,21
85,23,44,13,73
74,51,4,35,22
0,3,61,63,20
68,84,38,32,25
6,46,16,82,22
15,12,45,20,87
60,25,1,26,72
13,58,21,28,31
72,38,70,21,8
15,34,78,63,21
75,57,58,30,35
72,31,82,23,39
49,69,62,15,84
88,30,56,7,53
68,45,62,75,55
57,84,80,13,42
15,67,33,77,78
45,22,21,25,2
63,7,12,18,78
49,78,51,7,15
34,38,61,68,45
12,77,53,66,6
73,44,1,78,36
83,45,77,48,76
13,31,19,7,38
86,25,38,44,34
58,4,24,45,3
36,0,19,47,50
39,51,16,81,42
11,34,32,26,49
58,87,27,83,73
27,40,79,65,65
88,36,8,9,67
51,28,55,9,38
25,78,74,14,18
13,60,26,84,83
65,71,43,63,66
10,6,30,59,50
48,10,35,85,52
61,34,70,2,7
87,81,40,65,56
10,51,26,10,21
29,81,61,8,62
73,56,39,58,36
47,60,41,76,1
33,40,24,64,70
72,14,39,54,52
73,36,77,34,36
12,41,72,73,53
42,56,75,73,49
7,67,75,42,50
47,33,3,4,67
43,5,38,69,73
47,11,34,35,77
3,21,79,14,11
55,31,20,4,24
22,37,7,14,38
71,47,50,81,27
87,86,72,57,33
60,80,85,73,85
36,72,9,10,69
23,0,33,28,82
19,76,69,4,18
85,65,63,87,78
45,21,59,79,68
76,44,30,72,43
61,31,58,45,10
1,82,43,80,8
37,15,1,39,79
25,70,23,79,85
73,43,73,54,31
74,85,62,12,37
36,56,42,79,86
70,53,37,37,83
8,73,55,87,18
11,46,14,55,66
12,34,5,6,61
58,73,54,10,9
80,77,44,4,13
81,62,75,83,38
18,1,77,72,26
33,0,44,15,37
44,45,49,7,11
61,71,79,31,61
8,70,26,24,48
81,38,57,73,51
64,0,27,5,71
34,30,5,8,14
76,88,38,41,49
25,61,61,57,2
63,17,60,9,13
72,79,24,89,86
74,72,17,21,67
31,22,24,2,30
79,69,48,5,63
18,29,49,26,52
11,76,70,21,42
83,45,54,25,60
84,64,48,30,63
11,71,80,42,87
66,52,60,30,1
9,62,18,87,47
60,33,41,30,46
57,65,50,60,48
0,64,17,31,71
60,21,2,25,81
88,28,76,16,57
70,14,31,47,30
69,16,52,86,42
69,61,3,32,33
13,57,82,3,15
69,74,88,82,21
1,26,79,47,55
29,17,36,80,57
1,35,51,0,20
41,48,83,18,25
57,89,48,19,37
69,54,59,30,66
20,6,47,24,87
38,60,29,48,48
15,14,8,41,58
48,18,25,79,8
22,13,71,89,25
56,62,22,59,74
86,61,53,75,18
2,22,27,0,58
42,28,83,75,40
78,86,88,66,6
66,5,69,61,10
60,23,0,42,5
7,7,51,59,31
64,55,57,53,29
0,4,62,67,89
23,89,86,23,62
75,42,11,81,27
48,84,4,34,59
26,1,72,18,50
62,85,10,1,53
82,19,37,44,65
21,55,58,89,57
19,36,22,15,29
4,81,5,38,86
38,18,3,79,72
17,9,65,61,25
48,88,87,69,86
46,1,48,50,60
51,74,44,10,52
16,83,66,13,8
5,5,25,63,9
40,16,40,74,88
32,15,75,45,73
49,58,25,22,13
37,82,39,65,85
65,86,23,34,42
13,38,59,71,41
21,35,38,25,21
66,76,59,21,53
73,77,43,54,18
83,65,65,20,61
9,51,19,25,88
54,1,6,66,84
23,67,86,63,5
21,58,73,74,16
87,26,45,52,82
8,15,43,50,63
2,40,64,15,14
0,83,9,59,33
53,4,57,10,5
87,80,44,22,16
2,8,12,85,45
17,34,87,2,58
52,30,89,20,79
22,23,78,11,9
44,51,58,48,25
45,20,1,10,29
75,33,32,84,82
27,18,77,38,78
84,21,44,4,27
89,34,37,59,5
65,59,56,3,38
26,88,68,29,65
68,31,68,49,73
24,12,72,31,38
54,50,47,26,36
44,89,7,21,78
69,55,66,9,74
84,43,86,68,49
15,26,39,45,61
67,31,67,11,0
82,18,47,12,46
89,11,48,56,38
84,64,67,6,37
37,36,36,40,15
59,5,59,12,82
38,64,86,83,68
40,54,38,32,75
28,53,33,80,83
4,88,10,12,31
52,78,77,10,87
72,70,88,41,79
40,25,36,22,88
73,55,64,1,83
38,53,22,26,80
17,21,39,28,58
50,64,56,62,1
16,65,84,44,45
36,23,30,29,62
67,46,31,6,71
76,59,15,88,0
47,59,81,6,23
10,10,31,34,15
13,75,39,23,12
25,5,38,20,12
26,40,23,49,12
67,21,27,17,57
79,84,60,33,52
57,16,6,27,89
8,79,78,83,46
8,29,11,84,34
60,26,84,40,35
67,41,85,5,68
18,22,26,36,38
60,85,10,5,52
76,17,0,24,30
86,81,86,11,37
58,62,52,59,69
15,10,70,6,35
39,20,36,19,78
57,28,33,85,53
28,25,79,57,82
53,38,82,1,59
78,89,7,35,30
34,53,24,43,67
27,17,67,24,27
84,36,28,69,46
21,11,27,19,2
35,31,50,42,70
42,30,5,86,56
86,24,75,27,31
63,45,88,39,52
36,55,23,47,17
57,15,26,68,73
77,56,66,41,76
9,15,25,32,29
56,39,60,83,33
70,17,11,32,88
29,11,80,48,59
2,7,0,15,64
43,71,10,79,44
56,29,85,26,42
59,37,8,61,55
16,59,4,6,88
14,76,8,30,73
81,19,77,81,12
31,77,79,87,22
27,54,45,46,35
72,1,47,79,30
23,27,28,67,66
79,59,46,31,58
21,30,7,83,72
56,36,36,18,71
8,83,74,44,34
74,44,73,36,12
83,10,88,64,36
79,84,72,20,39
52,72,23,61,52
45,46,5,16,33
36,53,78,10,62
36,11,3,81,38
88,45,65,47,9
28,8,20,39,5
35,18,42,86,22
42,37,68,5,41
52,53,82,38,69
65,2,16,67,58
84,45,53,62,26
40,64,4,16,55
31,40,52,41,17
56,23,56,20,53
55,87,77,87,33
17,8,26,35,28
58,49,23,18,9
86,19,63,7,9
70,34,4,8,77
56,78,57,25,79
53,68,67,36,35
18,34,63,47,14
75,88,66,2,5
77,83,7,11,81
84,19,45,46,57
44,52,89,5,27
40,66,54,9,81
31,61,59,79,37
62,9,23,42,81
44,0,75,83,82
78,59,78,54,73
80,59,57,71,32
62,54,67,54,16
38,10,49,54,68
83,55,15,48,72
10,15,10,71,57
2,14,49,53,27
4,26,43,58,7
42,66,66,7,51
48,46,24,22,89
43,47,43,61,22
6,65,29,78,28
28,50,69,57,31
45,16,80,50,50
53,14,38,14,48
67,52,0,56,63
64,60,71,89,73
0,80,40,6,61
42,43,29,84,29
89,1,72,82,39
16,23,61,62,70
39,54,54,17,24
88,88,23,72,41
51,28,29,69,51
38,5,9,83,12
5,35,10,56,19
37,74,40,28,44
35,9,44,30,84
12,4,42,85,11
3,15,85,17,82
74,78,30,68,25
4,21,56,11,76
23,62,49,65,17
41,62,58,50,3
59,71,51,12,79
81,70,31,68,36
26,26,31,3,87
27,31,28,22,43
11,33,30,18,67
46,80,4,34,12
52,13,63,0,14
57,28,62,23,88
74,89,18,59,4
11,40,24,43,42
55,82,36,89,15
3,14,28,33,75
15,19,34,41,37
11,38,39,83,34
13,17,39,22,57
85,54,56,88,83
68,21,44,72,2
3,58,46,53,26
67,0,65,77,3
20,58,84,8,54
40,76,26,15,53
59,78,54,6,3
68,13,13,28,72
87,53,3,13,56
12,76,78,76,6
39,47,55,25,89
68,47,11,61,4
81,65,86,75,19
34,34,20,2,35
60,18,18,20,43
62,21,54,67,37
27,79,68,51,0
39,17,56,32,55
76,42,38,13,64
29,29,86,51,76
4,49,71,16,41
80,20,39,84,44
30,24,28,42,8
80,13,45,36,13
40,73,37,39,14
61,34,84,26,34
64,48,57,61,79
6,72,21,22,28
64,19,81,1,58
19,68,15,43,55
55,21,12,84,18
20,65,17,81,60
85,71,16,66,26
25,1,50,89,75
45,78,4,45,61
64,40,43,45,75
3,68,39,88,80
57,50,76,74,43
17,45,21,88,19
81,47,6,80,56
74,76,52,37,57
56,52,63,20,76
0,59,20,56,22
20,80,33,79,40
57,0,65,62,19
50,38,48,26,28
42,49,43,60,74
35,51,88,82,44
61,0,46,41,62
28,88,23,39,10
78,42,47,51,4
20,76,61,5,43
76,26,27,17,85
33,33,19,3,8
4,59,75,22,78
19,10,87,60,83
8,31,68,83,22
83,50,31,67,68
22,58,40,73,42
73,65,59,25,67
11,51,48,53,50
60,21,57,25,75
54,86,62,76,59
78,13,23,60,84
45,85,23,53,29
78,4,85,77,65
41,22,81,73,40
8,55,81,12,17
54,68,11,87,9
80,19,20,88,50
64,81,23,68,36
5,74,13,11,11
72,56,22,20,44
38,13,85,13,65
84,50,8,32,67
87,14,2,82,46
37,18,2,35,3
11,16,57,35,17
89,6,44,8,39
40,15,28,47,30
53,47,61,86,69
77,57,34,63,46
16,28,24,31,62
42,24,67,84,47
0,87,30,40,41
73,46,16,71,11
12,45,6,62,86
15,75,61,23,59
7,1,46,84,81
67,53,24,10,24
63,10,30,47,62
6,20,33,61,68
58,54,13,10,54
39,62,3,81,18
40,77,4,51,33
87,55,42,57,68
18,76,68,76,77
78,45,87,5,40
19,63,33,1,40
75,4,88,2,41
5,47,25,86,52
41,48,36,21,30
1,5,18,49,52
45,38,24,22,74
62,50,64,40,37
27,86,41,17,51
72,22,20,76,79
12,85,72,29,13
22,15,22,85,86
81,42,84,25,73
49,65,83,50,18
2,50,87,81,52
30,83,65,47,63
2,27,83,38,5
0,33,32,27,27
17,71,18,79,68
65,10,32,85,66
18,9,37,68,14
10,60,60,51,32
0,68,75,35,4
41,89,35,76,71
32,4,1,77,45
21,75,54,74,37
66,67,13,82,81
29,58,72,47,8
39,30,29,45,63
27,13,31,48,68
41,66,61,74,67
67,64,24,48,43
78,69,33,63,65
8,68,56,34,39
18,78,36,65,35
5,53,0,37,84
80,54,81,32,13
65,69,24,61,88
47,78,14,2,61
26,66,12,18,51
66,14,44,5,68
75,80,19,78,65
57,62,25,1,76
83,53,34,72,71
44,87,59,45,61
62,86,47,38,6
77,88,85,55,62
76,41,14,14,70
38,15,10,50,49
36,35,57,64,7
7,42,5,68,58
54,12,74,57,55
64,53,42,26,75
55,20,78,88,42
39,1,42,62,57
58,5,77,19,10
45,20,23,51,26
41,43,86,74,69
58,48,59,42,18
42,68,30,67,83
19,9,71,10,31
75,59,34,5,16
7,28,56,34,50
47,70,47,60,70
26,63,50,74,43
89,11,42,42,45
36,69,69,5,59
46,84,9,70,30
10,53,19,59,43
89,74,28,25,56
89,89,45,25,46
36,63,50,52,61
71,57,54,16,5
32,78,87,1,71
7,86,44,63,45
75,73,23,2,65
0,4,2,59,89
31,31,26,41,81
22,80,23,77,10
71,10,54,60,31
82,65,87,51,1
7,82,42,67,61
70,65,62,52,30
34,72,34,38,75
85,67,82,25,26
22,61,31,60,45
54,62,19,2,85
25,48,51,68,82
71,61,86,33,89
43,77,34,36,78
68,18,19,87,23
34,89,34,81,20
5,58,59,86,42
77,82,12,23,15
19,19,33,34,80
80,82,41,68,75
65,32,38,58,54
3,7,2,60,38
35,58,25,24,89
10,38,47,66,11
74,87,76,65,66
55,77,46,18,76
29,7,28,70,49
21,41,3,56,80
60,38,12,10,14
20,1,82,26,17
12,46,30,22,63
5,16,3,1,20
63,42,83,31,10
4,49,1,0,70
24,84,0,2,47
66,46,11,74,21
27,79,60,46,61
3,36,61,10,46
45,29,42,59,10
40,47,81,38,47
72,55,25,73,30
9,13,15,84,35
22,86,37,80,80
24,41,28,63,16
81,27,48,52,45
45,3,12,29,14
44,15,46,16,38
43,2,73,20,22
89,49,51,49,55
76,70,78,68,3
43,79,56,11,56
17,21,10,21,89
39,17,24,58,78
76,22,61,5,45
43,69,17,87,80
16,89,86,25,25
19,38,7,18,35
35,38,46,10,20
41,42,33,27,61
48,88,85,5,22
81,54,52,67,29
32,55,5,66,53
71,83,74,17,27
84,54,33,59,66
61,46,2,51,72
82,21,19,7,0
7,84,60,15,72
40,17,78,50,52
55,48,81,57,48
24,7,45,28,75
77,27,44,3,22
38,33,73,64,62
53,65,42,4,19
81,54,40,83,3
84,19,30,41,21
10,5,76,67,41
3,48,19,78,43
49,88,79,13,31
57,69,29,68,21
77,17,82,80,18
89,6,61,13,55
31,76,16,83,23
20,62,15,62,40
3,89,10,28,5
25,36,75,85,6
88,64,27,16,31
49,45,11,40,26
83,44,83,38,7
61,9,42,62,66
44,47,22,23,82
63,67,45,23,19
53,84,16,37,82
15,70,79,57,65
45,17,82,73,19
24,49,8,57,88
52,36,37,71,25
42,44,49,83,21
70,79,32,70,59
72,79,70,60,61
54,17,39,57,10
26,8,26,49,89
78,89,60,15,31
68,42,73,64,31
4,78,43,45,22
0,79,50,30,2
2,23,17,68,30
40,74,6,59,63
45,74,49,62,63
31,66,52,0,62
15,89,3,84,69
29,67,0,22,12
2,30,74,53,31
43,34,23,14,16
34,52,71,44,54
16,51,87,34,59
24,28,19,7,45
71,32,2,61,37
56,56,17,13,10
0,83,73,14,6
53,76,80,24,43
13,62,67,30,81
83,41,73,84,31
33,29,30,52,58
6,25,12,71,16
64,44,5,50,16
27,19,0,2,27
63,31,81,50,12
79,32,20,49,56
78,70,13,87,61
3,38,85,82,0
65,77,53,58,62
54,85,88,55,56
45,43,64,85,3
72,71,22,7,32
76,65,72,71,10
21,71,10,76,82
45,80,74,65,72
70,19,30,22,66
56,37,80,26,15
19,79,71,86,24
42,73,12,25,31
51,54,86,77,71
11,87,29,84,59
88,16,55,24,17
32,17,64,84,78
64,49,51,16,23
73,27,41,3,67
51,10,70,18,0
58,5,44,84,51
30,80,52,1,14
44,42,74,9,34
5,47,4,71,73
23,35,59,81,23
85,46,71,79,13
11,56,69,79,59
41,89,84,24,9
72,20,60,20,83
33,83,67,80,30
34,27,21,5,72
44,30,32,10,45
50,75,51,80,10
29,52,78,15,62
45,28,37,28,24
58,13,53,20,36
20,16,40,76,63
51,2,21,49,46
66,4,28,88,72
27,61,69,72,33
16,49,64,4,85
68,63,46,32,20
32,68,40,62,35
85,61,21,4,44
26,40,18,9,36
78,45,46,35,85
42,24,42,50,20
5,71,1,6,51
30,60,30,47,25
54,89,30,52,30
41,88,60,78,52
4,34,4,19,81
64,5,4,37,27
2,46,1,65,70
74,71,30,17,0
0,7,87,21,76
2,33,29,17,10
87,13,74,58,37
65,56,69,11,54
56,35,58,5,72
6,72,56,32,59
80,42,30,49,80
17,59,57,68,88
31,51,22,53,87
62,47,78,71,70
4,73,61,19,12
14,11,55,68,81
61,18,81,88,80
66,56,2,65,85
83,68,26,3,58
10,76,2,71,56
76,41,61,56,59
39,52,70,63,6
30,74,74,68,21
30,49,26,8,31
69,4,24,53,76
39,10,74,31,84
2,72,18,47,15
75,24,14,7,64
4,22,12,8,48
80,52,68,61,2
6,30,55,84,35
65,85,29,35,80
41,21,12,60,51
79,46,45,39,20
59,84,84,52,82
55,61,56,62,5
34,47,58,76,7
83,14,66,27,60
17,0,68,14,85
57,73,5,24,37
83,50,4,73,55
63,32,0,70,30
10,61,53,35,3
28,45,13,3,59
74,29,82,28,48
48,37,15,20,17
15,13,61,23,17
73,35,7,17,63
56,35,62,76,86
40,51,83,61,21
3,58,1,83,56
72,75,79,8,29
27,15,24,48,9
50,78,68,60,1
57,25,70,14,63
10,35,68,32,33
74,85,75,33,37
1,63,88,42,7
53,47,7,26,88
40,85,40,38,30
26,51,1,76,2
48,56,23,52,89
20,86,56,76,73
29,59,14,63,23
10,19,69,2,56
73,2,87,49,64
8,36,44,7,37
57,53,24,4,89
77,9,13,36,23
15,72,72,50,69
43,87,55,73,64
24,67,62,35,54
79,2,12,82,23
36,48,40,6,33
64,43,66,31,36
31,51,1,60,16
26,51,60,20,13
48,45,74,24,0
12,11,60,40,12
33,47,33,75,8
18,76,9,75,43
36,23,1,30,38
47,55,50,18,69
7,79,22,82,3
64,51,13,49,61
55,83,58,26,3
26,81,48,38,3
89,66,55,17,63
82,74,65,30,76
45,86,55,55,38
52,32,37,54,10
46,83,53,61,61
70,62,63,28,34
79,57,14,82,40
65,64,76,39,58
45,57,81,26,84
25,75,39,22,63
88,52,7,4,3
40,52,67,40,31
11,78,74,25,36
41,75,56,68,66
3,50,39,11,62
48,25,1,38,74
46,63,72,78,79
16,23,54,64,40
10,15,0,17,7
43,62,76,78,86
10,79,69,8,25
23,19,64,74,21
62,23,84,40,30
49,34,16,43,79
14,42,70,44,61
85,78,26,80,65
21,63,18,81,36
64,82,18,81,9
72,0,4,44,32
45,44,11,28,41
58,89,87,60,4
68,46,89,31,83
25,77,51,9,78
12,41,44,26,27
58,71,75,5,58
48,9,66,11,64
29,34,89,72,2
20,63,40,31,3
58,45,30,49,9
87,10,10,16,79
23,24,88,59,16
44,9,0,31,38
46,5,11,35,74
84,38,17,11,70
53,76,44,41,33
65,27,25,55,34
77,16,75,1,11
60,71,42,48,67
49,12,14,70,21
0,45,34,13,27
16,87,41,47,47
7,67,51,57,61
28,7,88,59,21
41,69,59,69,36
88,4,51,89,58
60,8,48,24,59
80,65,73,50,10
14,84,62,59,55
32,28,53,49,3
44,17,60,27,62
4,56,48,49,19
79,2,7,70,67
50,50,71,85,83
71,64,79,31,73
62,45,46,46,10
46,35,56,36,69
69,88,24,51,35
19,55,47,28,78
13,25,2,15,85
14,83,30,58,73
40,43,23,60,84
75,27,45,26,56
26,60,17,29,27
81,65,32,26,81
35,18,36,80,56
0,47,79,57,72
85,3,78,8,17
1,82,65,55,34
48,0,3,20,84
79,59,75,55,79
52,40,38,34,37
64,3,35,73,25
89,0,35,70,33
40,69,49,49,71
83,56,54,34,11
58,14,27,71,89
70,4,31,29,82
13,42,60,43,9
30,73,74,59,83
37,43,43,76,64
41,69,2,25,42
43,72,62,33,79
18,35,32,36,57
59,7,24,4,12
11,36,71,17,69
18,29,71,82,26
64,63,46,4,24
52,55,26,61,84
19,37,29,27,17
23,87,78,30,36
10,45,4,34,13
6,61,84,72,44
5,78,23,8,65
12,83,74,75,50
22,82,57,82,31
20,80,71,49,51
80,24,83,43,5
17,29,66,56,70
52,74,78,67,55
53,3,53,50,33
6,38,2,83,56
43,36,26,12,32
30,56,26,47,3
3,73,7,9,9
45,75,3,70,66
15,23,78,12,38
79,77,72,26,49
25,51,41,44,77
48,41,1,32,13
54,60,62,2,70
51,80,70,63,81
0,11,68,65,40
27,73,43,34,16
30,3,84,35,42
71,10,67,11,63
22,68,86,70,3
49,20,57,68,59
24,31,36,4,48
62,4,82,62,18
85,17,1,79,4
57,47,55,16,70
43,4,88,86,66
31,12,88,22,69
11,75,72,44,34
20,42,68,9,14
63,70,5,27,14
67,54,36,66,77
19,0,8,83,71
80,51,39,16,58
70,56,61,34,26
57,81,35,16,24
85,33,0,71,48
7,8,44,45,73
58,39,85,31,42
29,88,66,23,27
14,36,53,34,71
44,3,27,7,31
24,64,42,77,77
89,25,20,1,89
23,46,85,63,42
24,1,24,4,25
32,31,14,17,88
76,84,25,4,40
56,21,84,86,0
80,47,23,69,5
2,18,20,43,72
19,58,3,3,14
63,85,34,67,31
16,41,55,18,13
13,61,74,8,4
1,42,37,59,35
83,54,3,38,64
25,67,33,86,16
80,69,14,46,46
87,54,64,81,64
63,80,18,34,16
61,7,45,15,19
44,55,69,14,89
18,75,35,8,43
7,35,54,88,83
4,64,45,60,62
24,31,84,68,49
4,78,45,61,34
41,63,82,43,21
19,44,61,10,41
57,35,75,89,16
23,83,49,24,64
47,60,64,63,7
51,19,13,73,31
33,43,24,5,28
84,0,36,64,49
34,36,48,29,42
86,38,50,4,57
8,84,19,7,46
87,34,34,18,44
27,79,5,2,70
40,15,0,80,60
67,65,73,56,0
23,19,41,3,88
51,66,2,54,16
10,33,59,73,23
61,81,51,56,53
52,5,78,7,29
40,36,34,83,48
12,10,78,28,23
55,7,27,37,46
9,89,27,15,45
84,85,87,79,7
17,86,24,64,6
12,68,38,73,7
17,58,83,13,30
7,85,81,68,70
19,20,72,69,55
66,39,73,58,8
73,88,10,42,84
56,0,18,10,83
72,17,46,52,21
60,45,32,65,60
64,64,14,41,39
49,77,18,43,0
10,41,9,74,16
39,40,19,81,76
28,29,22,80,38
42,58,22,65,9
22,62,10,39,56
56,23,79,51,77
39,39,31,75,87
75,0,13,5,65
49,7,10,78,81
12,8,65,50,15
60,74,38,65,80
58,50,89,48,0
71,23,15,57,56
11,14,20,85,38
17,86,1,9,59
64,3,11,13,88
22,42,51,76,72
69,66,86,36,79
29,6,77,40,20
1,11,49,33,21
69,23,2,75,29
2,88,52,83,86
83,9,23,53,71
47,45,36,69,65
21,3,28,62,47
19,1,51,16,19
86,87,72,11,49
46,64,22,43,87
41,33,34,44,73
7,15,6,76,53
67,62,36,31,47
47,29,52,14,71
15,30,56,54,51
29,28,62,70,10
84,34,39,14,35
52,64,39,28,21
48,84,51,10,24
85,48,38,27,44
56,32,40,55,23
6,55,5,9,30
86,82,28,53,4
4,89,52,29,50
27,88,27,22,5
51,87,77,29,21
33,57,82,71,11
43,2,34,86,36
29,83,33,62,30
4,13,16,11,31
38,32,46,31,13
0,19,5,82,68
11,63,28,68,26
30,63,74,35,84
37,75,60,21,40
68,35,20,38,58
62,12,11,77,61
75,18,6,67,77
12,41,19,17,33
43,55,71,88,56
34,43,66,57,12
75,32,4,74,48
51,80,65,65,80
45,49,82,54,29
30,25,49,37,72
66,68,10,0,22
46,38,57,62,41
5,72,68,4,57
77,86,33,73,43
29,41,17,87,53
20,29,83,71,28
38,18,28,2,80
83,37,41,45,66
67,85,63,87,27
46,58,50,36,53
29,4,51,87,80
62,51,41,21,46
35,30,3,51,84
73,51,29,45,42
85,66,21,3,84
48,86,59,60,74
26,46,13,30,54
69,36,31,76,81
62,63,15,16,73
49,9,31,21,77
4,88,51,72,14
80,68,54,67,57
83,38,55,8,70
0,83,40,48,68
14,81,69,73,77
51,87,5,67,13
8,20,80,38,16
50,52,59,15,74
27,13,32,9,12
33,2,38,1,2
26,80,30,29,11
50,9,79,69,1
85,46,35,58,0
61,27,68,65,74
3,7,56,44,1
36,83,61,48,14
49,63,45,12,52
56,89,76,32,74
84,42,86,73,42
76,29,49,81,45
32,84,56,29,9
37,44,20,31,63
7,83,75,60,25
10,72,8,49,4
79,15,31,69,21
27,3,30,78,39
33,28,52,76,0
78,84,45,23,42
30,22,18,54,4
37,22,51,43,59
17,20,49,69,75
0,7,47,28,74
53,21,58,87,11
37,65,54,25,14
42,26,72,49,6
57,84,72,14,22
0,22,59,59,44
25,0,11,38,35
72,57,12,43,74
44,40,49,6,85
0,36,88,15,13
62,65,46,12,81
57,29,56,71,57
67,7,79,52,30
19,31,29,43,69
39,62,86,12,73
53,73,77,68,42
78,56,74,7,29
13,86,31,1,19
17,78,16,80,27
13,38,40,46,47
72,88,1,14,34
38,52,41,4,13
23,56,55,67,5
29,27,87,65,18
13,79,22,79,33
85,86,47,30,0
12,51,60,36,37
28,31,16,13,40
1,17,39,21,10
20,73,10,25,84
53,56,14,47,86
54,30,72,76,17
23,20,77,23,3
61,59,71,29,1
72,59,65,35,57
2,32,33,42,45
87,78,46,39,75
3,16,30,40,40
21,17,38,21,32
62,28,78,37,82
52,58,24,0,75
65,38,82,18,34
46,71,81,50,75
69,16,32,71,66
7,82,67,37,66
4,26,15,5,87
38,24,86,27,7
68,39,44,59,73
26,5,62,29,36
69,10,23,39,42
42,84,12,52,70
56,1,67,64,35
89,84,77,23,46
46,63,14,56,57
43,65,10,73,75
63,47,3,49,85
75,89,17,43,62
27,81,71,3,6
19,49,83,62,65
68,19,26,63,32
2,25,39,61,7
20,41,85,55,44
76,37,49,76,6
30,15,84,23,43
60,71,20,67,36
14,66,7,60,40
31,46,24,9,28
89,46,59,8,61
57,1,59,16,81
26,61,16,36,13
58,3,20,84,0
85,30,3,56,44
65,58,66,13,82
47,62,30,55,63
60,31,68,31,13
82,26,82,30,80
80,13,5,82,18
72,83,85,42,5
79,44,71,88,88
80,55,49,33,65
83,69,66,85,88
25,83,60,6,26
72,26,53,26,77
83,16,26,10,51
71,46,72,37,61
32,25,49,16,42
9,65,38,81,68
62,81,66,4,69
59,82,44,61,49
55,46,89,66,34
80,67,0,0,20
76,81,11,16,40
30,67,85,80,10
85,38,4,63,71
71,5,64,31,67
6,77,51,77,41
2,73,17,20,68
43,29,74,5,81
57,15,82,89,8
51,9,6,18,72
30,7,88,39,35
1,17,39,82,88
46,66,44,41,52
11,60,73,32,86
18,31,34,55,72
46,57,51,38,19
7,74,41,52,73
52,53,63,6,34
36,88,53,24,42
7,18,49,67,56
9,15,69,11,86
67,12,51,15,37
26,76,38,88,43
17,8,55,35,58
78,5,12,64,78
31,56,84,53,30
67,61,37,47,48
44,46,25,18,11
58,71,32,10,74
12,7,45,50,42
74,10,27,62,8
35,62,7,46,69
54,82,21,34,77
73,15,66,63,35
1,86,1,21,85
31,64,16,64,83
12,35,75,79,27
16,79,89,89,6
46,76,45,65,69
69,4,8,86,65
56,10,54,60,50
22,69,68,73,42
32,20,78,11,45
4,73,4,32,20
39,71,47,84,57
69,54,4,15,1
28,50,37,24,40
58,14,27,68,85
82,21,63,13,30
53,70,43,11,86
21,33,50,11,58
32,7,14,68,0
59,25,2,52,75
24,74,71,21,50
10,39,35,12,19
0,41,48,71,24
8,34,25,51,38
54,60,66,70,49
36,13,69,74,24
83,0,7,89,7
66,55,14,16,88
33,70,46,69,70
62,89,83,25,6
85,5,5,33,57
85,51,48,58,87
75,67,6,81,8
75,57,65,27,9
15,5,84,27,41
34,56,70,77,10
53,59,15,51,64
70,52,23,76,56
66,37,44,1,76
20,55,74,33,62
21,57,8,16,1
50,14,30,9,28
89,63,65,26,45
30,27,84,35,44
36,12,41,32,84
65,64,24,17,46
20,78,84,87,11
88,50,15,75,89
4,85,62,86,46
77,6,65,80,63
61,21,46,4,86
36,6,61,67,33
5,28,34,47,25
43,39,35,73,29
86,73,55,87,79
33,15,8,46,54
74,60,50,77,66
75,84,34,45,86
54,1,67,37,83
70,8,65,70,13
66,63,87,11,76
60,67,52,33,50
14,75,80,24,70
13,48,61,53,57
25,78,15,21,1
24,44,51,25,63
17,22,28,3,6
23,42,31,46,61
61,55,64,14,76
51,46,10,7,51
36,36,77,10,35
20,75,25,73,47
54,41,82,89,62
89,14,38,42,24
30,67,81,16,51
38,4,3,59,82
56,20,66,81,60
75,42,71,36,0
80,61,30,37,2
37,5,65,30,81
74,44,9,59,58
68,79,19,81,62
47,33,70,21,48
21,69,52,20,33
62,12,26,73,4
37,40,57,70,25
76,29,25,68,44
30,55,21,17,68
58,7,34,15,40
39,0,66,38,88
13,16,11,49,69
71,15,79,24,28
4,30,37,68,85
14,13,56,41,35
76,13,30,3,50
61,40,12,57,1
28,20,63,25,55
11,81,34,3,25
46,14,45,8,85
13,76,22,51,56
55,64,8,9,73
55,69,83,0,17
32,67,44,27,27
42,78,14,71,66
88,2,50,19,88
87,63,69,11,3
72,58,8,77,34
54,40,73,42,35
65,8,68,64,15
7,40,10,21,28
87,48,68,53,42
9,24,42,84,2
30,86,64,88,38
18,50,41,25,46
85,3,60,79,22
48,85,55,23,48
85,11,79,55,24
10,59,65,83,19
63,51,72,54,48
31,84,32,53,18
49,4,60,2,60
76,22,56,29,10
82,40,89,25,28
53,18,78,46,30
42,55,20,0,17
39,53,26,15,84
44,7,6,19,42
15,49,26,27,69
29,56,24,89,5
66,2,40,10,27
71,9,55,47,59
40,4,88,54,12
59,81,76,80,85
46,16,22,69,5
45,57,36,63,51
39,4,23,16,16
26,65,13,3,66
81,50,26,10,49
87,63,9,70,6
83,20,43,66,54
74,78,36,47,62
25,17,67,61,49
41,53,6,13,73
75,68,56,39,63
21,76,44,0,11
52,67,12,54,44
23,23,9,26,55
52,4,80,79,57
2,69,44,48,29
54,85,88,62,72
86,28,7,48,58
38,33,30,38,19
41,20,44,42,34
88,52,20,85,89
76,70,67,70,38
53,40,9,17,63
30,4,10,22,80
0,46,87,16,10
30,83,12,33,2
35,49,81,27,6
29,77,37,12,17
66,82,36,21,77
84,3,69,83,10
42,86,10,50,64
85,55,50,3,48
33,25,51,88,49
74,28,71,73,82
38,21,26,29,3
31,79,47,86,49
21,3,44,8,7
80,10,59,67,64
45,9,83,77,73
62,34,58,78,55
53,57,44,85,85
49,80,47,28,33
5,89,61,10,12
52,4,45,15,79
57,9,41,27,52
50,58,26,68,56
17,73,18,9,59
22,60,54,70,48
78,81,13,40,15
70,26,12,44,52
9,19,69,69,84
35,50,3,41,70
85,83,86,37,20
51,63,66,3,53
62,63,42,13,86
85,41,60,60,76
51,15,57,77,31
44,76,3,9,87
69,77,46,13,53
9,76,29,62,10
0,30,28,71,26
32,54,78,18,9
70,89,35,54,35
7,34,23,83,80
41,66,50,46,70
77,51,18,65,67
10,61,25,56,87
41,43,63,0,34
79,9,68,69,89
11,39,44,4,0
67,88,54,61,18
20,72,48,6,84
23,33,45,46,80
54,58,68,43,41
81,60,12,70,20
33,18,85,70,35
45,41,48,12,2
83,23,19,6,9
47,48,81,35,47
4,60,33,6,64
23,12,68,12,85
67,74,29,31,89
3,68,10,27,84
60,75,26,13,63
33,61,39,5,13
63,58,79,16,32
68,38,67,75,7
26,55,37,3,37
81,49,4,16,58
25,2,19,64,45
17,26,82,71,50
33,36,79,51,43
20,51,25,70,89
31,58,87,83,44
10,81,13,21,25
81,64,49,17,83
32,38,34,48,40
30,5,61,33,10
3,7,50,75,89
12,72,12,77,47
87,4,84,63,15
8,73,67,86,9
28,63,1,81,10
37,83,12,18,28
83,0,50,46,31
66,30,61,80,6
54,66,85,19,32
61,75,40,33,55
1,73,63,89,74
49,13,76,52,87
4,23,35,88,36
66,47,51,9,15
52,30,38,81,51
14,6,47,60,24
85,58,43,24,20
67,70,36,47,78
75,76,15,37,40
22,3,47,37,27
22,48,70,26,7
51,84,73,1,67
36,62,28,80,37
15,16,19,73,19
88,20,35,30,17
87,43,3,35,28
2,37,50,86,20
39,23,39,1,67
44,87,41,77,78
65,39,23,65,4
44,82,53,65,35
21,47,63,19,11
4,54,71,66,34
23,28,24,6,78
6,43,76,4,83
63,51,24,28,50
19,84,22,43,14
68,79,45,23,85
0,56,16,79,44
82,21,12,61,58
66,49,57,4,50
80,66,8,88,78
73,35,2,38,55
29,40,7,55,17
33,24,52,29,50
21,54,14,35,68
36,44,1,69,62
51,31,17,48,47
6,56,81,73,9
73,75,31,55,61
59,54,11,80,82
21,23,52,8,81
33,84,50,63,66
65,45,27,82,29
62,88,66,80,24
86,43,4,13,81
27,17,86,34,68
27,68,71,14,38
2,51,54,78,48
50,50,48,25,67
51,5,80,77,42
6,57,23,0,2
34,67,43,17,58
42,17,6,7,69
80,1,84,58,54
13,12,61,51,39
46,54,87,18,6
68,80,70,73,17
60,42,2,73,2
48,86,51,69,12
13,3,69,49,17
56,4,39,21,31
76,71,53,62,18
47,87,37,89,59
50,14,60,7,66
85,84,87,10,30
63,35,29,64,74
27,24,79,64,15
88,20,11,24,87
0,9,32,18,7
51,80,70,42,8
84,65,48,57,39
54,28,69,85,29
5,61,76,20,54
74,47,49,51,15
88,23,31,41,81
50,28,72,38,30
20,37,79,83,76
14,9,43,1,66
42,18,79,72,47
58,0,19,31,36
64,39,18,49,8
50,27,87,66,62
68,3,21,72,30
18,67,30,18,83
44,9,27,50,40
24,57,8,80,41
21,56,78,24,80
62,33,28,54,32
58,74,19,73,4
79,40,83,35,37
42,83,54,74,78
32,47,54,72,71
61,40,62,74,81
75,46,53,85,53
73,13,61,40,57
9,72,45,42,24
65,82,46,37,61
1,72,14,21,74
18,8,58,85,19
86,83,83,82,69
24,34,10,5,77
57,21,14,73,69
13,77,10,75,52
26,62,58,20,77
35,41,5,83,66
69,85,89,81,24
19,9,30,63,41
84,66,77,54,8
25,42,11,34,79
10,68,79,49,29
75,70,18,72,86
64,14,4,18,83
83,48,36,5,88
5,69,71,23,72
61,34,71,4,73
47,12,47,45,37
7,28,64,6,10
87,74,0,79,31
45,3,82,39,72
59,61,81,22,47
7,59,56,3,13
9,5,60,8,42
48,9,68,11,18
0,81,28,79,20
81,79,46,8,78
33,52,89,56,57
65,42,69,42,11
4,60,17,42,21
47,76,54,54,54
41,33,79,19,81
78,74,78,19,15
52,81,29,78,1
18,60,27,79,37
44,50,60,42,10
22,84,31,11,39
71,46,51,31,70
13,69,33,10,70
78,67,52,23,87
51,19,77,17,20
54,86,42,67,65
66,63,61,26,9
81,89,62,66,47
83,86,82,23,80
34,60,6,41,27
46,33,46,83,18
9,33,37,51,88
88,64,71,48,4
32,74,58,45,37
61,37,69,50,22
72,71,4,17,26
52,34,68,85,46
52,7,24,84,4
27,18,18,13,25
45,57,39,82,14
23,71,34,46,80
53,21,58,87,0
53,47,83,39,63
46,64,4,83,82
22,11,0,33,10
53,0,89,17,52
21,21,33,13,7
72,19,24,24,45
56,39,30,29,53
49,76,55,61,48
77,6,18,14,11
13,13,5,37,49
9,69,75,80,12
78,40,61,23,51
56,50,2,15,19
55,1,68,41,5
29,5,41,74,69
23,75,12,38,77
38,52,47,44,71
12,27,86,25,44
75,9,27,22,37
20,79,9,34,58
72,12,60,68,37
89,49,31,65,38
47,45,56,81,60
76,48,2,18,12
2,63,19,19,56
17,2,31,67,84
79,0,56,21,70
41,31,72,31,65
59,3,21,76,27
7,4,46,2,5
38,13,29,1,0
17,89,51,29,74
73,47,78,78,18
28,27,18,33,56
43,73,72,17,20
58,71,39,73,46
61,77,66,20,22
15,39,3,7,83
80,84,69,6,16
76,47,76,76,56
83,87,14,58,8
57,59,68,42,19
23,60,66,14,3
75,51,4,16,0
29,37,14,80,62
89,44,30,80,73
41,66,14,73,62
65,86,78,3,77
56,3,52,66,77
31,2,13,5,73
25,79,48,88,65
85,10,60,78,54
30,75,5,18,37
66,9,68,17,55
50,88,39,7,75
88,59,68,35,10
1,52,51,47,34
65,30,62,30,53
36,21,57,71,52
32,2,35,53,30
22,5,77,3,32
89,84,37,37,61
31,25,74,49,25
19,80,86,67,43
54,41,31,27,47
10,54,47,86,86
73,12,64,85,19
33,62,29,25,79
4,10,89,24,6
62,10,6,89,85
66,70,36,87,79
56,20,64,62,51
14,73,70,37,79
59,65,16,4,11
74,55,53,65,20
60,39,14,2,82
7,25,81,68,77
62,48,84,39,50
45,32,27,6,64
50,15,9,17,55
8,43,12,50,48
36,11,72,86,53
53,17,79,83,30
65,79,66,57,65
54,45,62,70,85
52,52,61,47,65
68,87,66,18,63
70,24,53,68,10
44,40,63,50,18
15,57,72,48,79
54,16,80,48,8
83,83,19,34,47
18,8,41,17,76
76,75,89,25,64
53,14,52,26,81
57,26,46,48,38
16,47,11,73,9
75,57,30,17,12
80,46,70,21,12
12,47,48,44,3
77,43,89,38,61
48,80,79,12,76
60,27,49,47,35
83,47,14,23,13
70,65,14,9,54
89,6,7,30,72
5,18,25,15,82
48,83,51,57,45
33,42,10,13,9
36,72,24,70,71
13,77,37,38,81
19,18,62,57,53
24,24,9,4,52
48,21,17,8,3
33,36,78,88,59
61,88,1,18,53
43,87,85,73,75
67,61,71,7,46
6,27,77,52,2
36,48,49,30,53
37,88,72,75,40
24,46,51,35,64
34,3,35,25,7
57,24,58,88,29
40,78,47,22,70
42,69,19,47,65
59,20,41,1,14
69,13,42,66,71
76,25,54,88,40
12,21,53,61,60
15,67,55,25,53
50,71,89,87,10
59,83,57,16,84
36,39,49,41,17
77,89,50,16,79
75,11,43,56,47
55,20,49,19,13
78,43,39,29,43
60,58,74,84,84
52,22,5,23,58
24,11,34,29,5
8,28,65,4,33
86,61,74,5,57
54,13,40,47,60
59,57,54,49,41
29,9,57,39,31
14,44,45,7,75
38,10,33,61,61
64,72,13,58,50
69,14,55,53,4
5,13,71,36,10
27,48,75,28,37
77,58,44,16,84
48,17,53,82,37
6,21,42,1,7
13,54,5,86,42
71,70,86,2,85
62,58,53,74,34
14,68,71,63,36
4,32,44,86,31
48,85,74,57,64
66,70,18,22,41
68,45,62,86,62
69,28,4,28,67
41,29,78,12,0
79,17,9,71,9
6,74,61,8,26
12,57,74,64,50
71,29,50,18,65
52,28,80,10,28
49,22,61,31,16
38,9,52,30,38
42,47,57,13,16
17,18,42,26,46
43,20,44,26,23
27,13,58,21,2
11,71,69,38,52
54,16,44,68,65
15,20,13,82,41
22,13,37,48,20
14,73,0,18,69
64,58,51,33,5
72,28,33,0,72
53,62,31,51,83
24,33,88,2,43
41,33,65,13,10
30,54,60,51,25
13,43,74,39,63
29,21,77,34,5
70,76,1,62,77
13,83,39,29,27
62,81,76,24,60
15,43,56,9,64
76,4,22,75,8
89,6,71,23,22
23,69,83,75,21
66,55,34,27,87
86,48,27,88,68
39,40,57,0,17
81,78,35,32,57
56,35,52,28,79
3,70,41,4,77
35,26,70,70,14
25,77,7,13,69
11,8,40,64,52
71,23,87,31,2
15,0,24,88,1
19,61,44,27,15
56,6,44,62,73
68,40,37,2,15
55,66,58,17,72
1,20,66,1,55
89,59,57,48,43
7,36,21,65,27
87,51,4,59,79
16,25,73,38,40
50,25,24,1,47
16,26,63,3,1
9,89,51,13,3
57,75,28,15,21
77,71,29,11,57
4,51,48,75,57
60,8,9,64,51
2,74,41,83,55
70,77,25,31,42
79,34,8,71,64
27,22,14,60,84
86,32,52,59,57
47,63,58,30,82
33,0,4,61,79
52,80,43,34,8
20,44,88,9,78
30,48,63,12,65
66,13,10,12,17
21,30,26,34,44
89,15,86,10,45
54,55,59,69,63
16,34,60,61,85
70,82,88,42,55
20,62,58,57,30
13,43,34,81,69
7,6,0,81,39
37,55,56,34,79
37,3,82,61,60
27,7,4,6,70
2,49,84,36,55
40,87,33,71,44
0,84,87,38,70
25,6,19,64,75
42,21,10,47,85
70,11,9,52,64
22,54,32,66,29
47,32,79,50,69
78,57,6,39,34
84,47,10,26,73
63,43,82,26,71
37,17,29,7,72
10,53,42,42,47
33,43,29,52,2
79,5,35,55,84
81,54,23,37,56
50,59,79,33,58
86,53,18,36,38
70,47,85,89,74
78,30,24,40,88
37,85,27,57,15
66,39,40,3,5
82,64,68,77,20
64,14,52,67,37
50,69,23,2,54
64,56,0,59,36
64,21,51,5,79
43,49,31,14,57
73,15,58,0,27
84,8,35,12,39
88,56,67,80,24
58,7,77,83,84
51,48,55,15,41
50,1,80,8,53
19,72,87,70,20
17,64,47,54,62
83,65,81,72,26
45,58,33,4,1
69,88,1,20,72
41,40,1,77,74
36,48,84,45,54
46,7,85,86,70
50,2,89,67,59
88,48,80,18,4
60,29,13,85,36
88,20,13,38,12
30,9,73,55,21
23,49,51,79,55
65,26,38,30,49
18,9,72,17,29
80,64,83,8,50
54,58,30,3,68
24,64,42,58,88
46,83,66,13,40
20,46,40,16,64
29,66,57,6,41
63,34,18,25,59
63,33,14,54,25
35,22,48,65,13
85,81,49,12,13
64,81,37,38,28
27,5,53,4,33
39,2,60,18,35
34,47,34,86,56
37,10,86,65,10
25,56,29,77,10
86,67,48,86,62
20,70,86,10,37
26,2,71,82,85
55,22,30,22,78
14,28,80,51,32
13,21,25,51,2
23,24,58,64,73
7,8,41,59,58
33,66,70,10,14
3,9,87,62,47
71,20,23,7,54
86,46,87,59,78
67,53,59,69,52
15,48,79,52,28
84,37,18,63,31
64,3,12,26,77
9,62,63,50,75
53,79,71,71,18
22,0,80,39,54
29,35,8,75,48
64,3,23,65,12
24,61,26,54,32
80,17,33,9,11
46,56,86,27,76
89,57,50,23,51
58,30,4,48,13
60,10,50,56,77
72,77,58,20,52
69,73,71,17,25
13,86,73,83,41
64,80,35,58,67
83,74,67,28,11
81,44,20,22,71
37,32,26,79,0
89,71,51,23,45
44,19,77,59,45
64,38,36,23,14
37,58,37,28,71
59,69,68,81,16
30,7,50,20,49
73,59,15,66,85
27,48,88,2,48
82,58,41,12,27
78,29,60,82,46
71,85,20,1,27
67,13,22,47,64
45,80,18,27,14
64,65,45,2,10
24,17,60,81,69
3,76,70,24,36
50,42,62,12,11
81,55,59,23,89
74,47,8,19,42
51,85,11,79,19
78,61,16,52,69
15,79,28,22,81
77,84,32,82,54
88,15,80,80,38
12,56,37,27,22
23,45,9,3,62
2,84,69,76,44
67,86,1,60,89
15,82,44,39,8
9,22,12,27,78
60,13,10,26,52
1,75,2,84,57
59,26,20,14,69
74,76,40,67,21
36,33,32,55,73
20,66,4,82,3
57,80,35,23,2
16,59,65,26,20
27,10,18,69,23
78,59,16,12,67
67,10,25,63,80
9,34,69,62,63
42,84,13,70,10
16,57,76,52,3
24,18,6,19,45
21,22,63,28,84
51,70,71,41,20
7,61,77,50,12
36,31,84,42,39
73,75,22,22,50
35,65,49,10,5
53,23,63,5,55
81,79,8,62,85
43,14,76,76,59
82,15,14,85,24
20,72,7,9,71
15,51,64,75,13
13,22,6,0,54
56,67,76,44,83
39,41,0,19,15
27,86,49,32,11
70,79,50,62,60
5,2,15,79,76
76,12,87,28,45
74,44,28,81,54
40,3,72,30,12
23,70,15,35,63
76,40,3,1,12
75,39,1,73,35
61,38,63,30,46
44,26,56,53,25
34,32,76,77,61
84,89,59,88,56
86,3,47,21,83
66,81,27,46,59
50,35,8,19,47
46,38,6,45,65
19,12,42,0,76
30,43,25,43,66
69,0,16,65,45
44,36,62,72,5
8,17,52,25,63
10,16,84,67,45
34,34,19,55,55
77,57,30,31,28
5,71,58,89,85
7,36,88,2,19
76,44,46,76,2
47,89,24,65,72
55,48,65,74,77
40,39,47,88,85
10,22,31,68,3
86,63,46,16,12
45,72,54,46,19
67,64,75,48,27
40,79,54,0,42
5,5,31,78,8
21,42,29,70,73
31,75,54,39,78
10,29,58,79,29
61,32,19,25,22
15,17,10,28,76
74,7,36,45,76
45,15,34,50,62
75,61,81,42,89
86,80,46,30,86
84,5,31,67,24
15,48,60,63,57
89,33,25,85,80
42,4,87,18,61
78,84,42,77,40
30,68,2,46,14
89,60,65,77,40
35,69,46,14,4
13,70,48,40,26
73,72,52,17,41
89,68,69,38,41
76,25,35,13,44
29,41,67,64,16
8,51,88,56,22
15,82,30,83,57
22,16,10,18,29
22,41,60,85,45
14,37,66,29,62
30,4,30,25,71
82,31,45,80,49
53,14,21,58,26
61,34,85,8,63
20,76,26,7,63
39,23,25,12,53
40,76,23,79,8
41,87,16,34,39
12,59,0,81,3
68,9,74,23,76
24,27,43,28,14
41,36,7,14,42
7,75,12,22,74
53,42,88,17,69
74,35,59,44,42
32,53,9,71,33
39,54,28,42,55
15,15,73,57,83
39,60,43,85,79
26,68,46,14,82
5,6,27,65,59
69,47,45,83,75
43,27,55,56,24
6,74,31,54,5
62,58,12,42,47
50,71,4,24,87
62,56,39,86,39
74,84,56,42,83
56,74,31,59,53
59,87,65,13,65
66,43,19,55,11
56,10,71,52,85
70,26,88,19,25
62,66,17,29,44
56,9,25,61,68
4,51,60,43,15
64,10,83,15,87
34,38,19,11,41
35,39,32,66,46
62,50,2,73,36
60,85,7,22,26
38,56,50,37,40
10,9,58,80,75
54,30,1,84,27
56,33,76,76,3
71,69,82,40,41
25,1,43,69,45
68,47,25,27,59
9,13,78,21,61
60,50,2,62,33
49,16,47,46,76
16,65,34,25,16
30,57,27,13,16
76,78,17,53,14
5,13,30,27,32
40,23,89,7,47
45,31,68,3,10
70,82,14,27,19
56,30,77,75,8
73,22,81,21,12
15,79,51,9,21
53,54,37,20,13
28,3,9,32,52
75,64,62,68,22
10,57,6,16,9
58,36,18,47,83
38,15,42,80,30
21,7,10,51,68
77,64,83,33,79
44,60,43,63,21
54,42,34,8,40
78,8,66,48,11
64,69,89,83,82
84,35,29,89,53
54,35,55,61,87
63,5,34,58,66
80,19,45,74,8
11,78,65,6,58
58,68,87,19,86
69,56,40,74,78
19,50,46,21,79
46,72,60,13,58
38,63,78,55,41
24,4,24,51,32
5,77,67,59,51
43,84,29,70,32
5,8,64,56,64
22,69,25,58,14
4,68,70,58,45
53,8,74,31,35
31,54,69,7,73
5,86,3,64,42
29,64,33,69,26
51,13,80,26,6
36,45,35,32,29
83,36,62,44,75
38,56,12,63,31
30,34,38,64,66
9,53,19,63,80
81,19,39,21,68
25,73,60,60,84
62,10,5,10,35
60,31,45,43,54
45,7,32,79,30
69,28,17,24,41
3,77,23,75,43
72,27,44,49,33
15,7,23,55,40
57,27,79,38,81
81,71,34,43,15
74,13,29,42,3
10,21,41,1,81
9,69,33,48,76
4,75,76,65,11
57,7,36,0,56
34,71,42,19,86
19,21,30,84,80
40,56,0,36,7
72,13,50,10,35
51,45,47,29,31
89,84,72,53,53
57,88,78,49,68
32,68,89,4,5
70,15,49,20,62
40,0,1,6,46
61,84,22,18,75
20,6,51,89,61
19,41,2,4,43
34,4,11,10,78
63,4,29,8,46
67,80,33,17,38
4,8,0,9,32
74,40,78,83,60
48,5,58,85,15
41,19,49,72,6
9,71,58,73,47
10,76,34,63,81
3,49,16,84,3
51,87,47,18,69
79,49,9,63,31
77,35,45,40,22
68,29,20,68,79
16,16,55,53,17
46,61,80,79,11
86,1,82,53,10
62,60,64,71,22
54,78,16,28,41
33,38,45,19,25
43,55,46,36,6
29,45,65,69,74
75,19,10,62,6
70,33,33,37,50
16,62,36,57,10
51,55,81,83,46
11,17,3,31,22
16,30,79,83,23
19,10,68,89,74
36,40,38,18,12
10,58,81,62,70
56,6,28,70,87
82,3,13,38,63
5,82,46,54,60
3,4,4,51,77
72,53,37,23,88
58,65,33,37,49
82,39,84,80,84
84,48,62,33,56
27,4,10,32,44
72,13,75,20,43
57,12,65,68,81
82,42,53,6,29
50,22,3,17,30
54,27,50,26,55
23,21,53,80,7
20,75,77,81,36
82,66,44,2,6
11,16,29,32,67
87,4,82,27,79
73,33,39,23,8
68,31,13,12,29
24,35,73,87,24
31,33,35,88,59
84,48,37,1,34
42,68,32,49,0
37,61,89,52,68
34,39,48,8,17
30,14,26,12,67
39,33,11,20,20
34,4,27,44,31
87,82,65,40,55
66,24,83,81,86
4,64,68,65,5
62,84,62,84,10
26,61,33,39,11
21,69,41,19,78
81,81,73,53,28
45,74,29,57,62
51,30,58,76,82
28,15,3,52,68
53,32,60,7,42
38,27,71,38,83
63,69,21,28,76
38,45,58,84,9
59,17,75,9,73
3,40,64,65,86
53,79,60,76,37
64,84,84,84,37
73,27,73,48,51
70,54,40,88,68
1,0,43,13,78
32,48,35,0,48
75,75,8,57,48
54,47,48,63,23
76,46,51,86,60
11,49,58,23,23
26,57,80,72,0
48,67,61,23,82
83,77,3,16,59
7,44,38,45,58
72,37,49,23,60
62,33,3,61,53
9,80,80,79,79
20,47,18,22,68
23,27,58,2,81
33,8,1,70,88
42,38,55,12,20
31,7,30,78,82
8,45,54,28,46
13,77,32,80,51
89,13,76,5,49
65,46,9,44,88
16,46,10,30,9
68,68,55,15,20
29,37,12,18,21
78,28,36,41,44
36,25,53,30,20
33,74,79,5,56
22,5,44,8,80
4,53,62,44,79
60,8,48,29,37
12,71,2,82,79
80,5,70,59,23
58,19,86,41,55
15,49,35,41,36
0,12,70,29,73
54,62,62,71,44
36,83,58,12,54
13,56,72,62,65
9,45,82,85,23
66,36,77,16,5
48,10,12,80,23
82,72,37,7,38
3,27,72,71,39
36,43,12,24,88
61,28,7,86,3
79,79,5,14,6
40,35,55,2,44
8,15,16,53,76
20,17,29,81,22
5,26,10,42,27
33,22,53,45,12
7,73,12,56,0
2,10,75,81,21
5,35,44,49,13
32,23,26,56,26
46,43,3,19,81
77,12,27,42,0
77,9,11,8,83
56,5,16,9,54
13,69,55,81,62
53,12,42,10,44
57,56,23,12,55
78,20,39,73,42
89,80,83,67,18
36,34,14,80,61
29,7,53,83,70
39,13,63,67,3
41,1,69,89,72
12,12,77,7,14
28,89,65,12,85
79,10,77,42,5
76,82,1,42,84
45,23,42,75,10
12,59,38,87,34
38,13,34,4,74
36,24,85,34,36
35,65,21,31,76
87,10,53,47,12
58,46,76,26,76
64,27,14,14,24
77,83,34,50,58
53,19,84,49,7
60,35,3,34,65
40,47,16,48,31
50,63,33,30,2
33,61,75,60,2
0,21,28,41,25
66,15,71,73,2
77,78,8,78,52
51,7,68,34,66
73,5,70,23,82
78,16,72,56,84
4,30,72,45,45
36,82,85,32,8
66,23,29,53,33
27,24,30,54,9
20,26,41,74,67
66,82,62,73,57
19,61,25,65,47
13,35,15,84,61
42,57,38,7,19
71,72,9,81,59
12,89,85,78,57
87,17,86,55,39
28,8,35,76,63
69,41,52,80,74
55,66,89,47,17
72,69,17,86,54
78,81,71,58,48
14,9,84,63,50
19,8,50,79,53
2,2,85,56,10
2,13,70,47,41
49,7,72,49,68
0,86,65,55,74
55,66,80,44,43
34,12,27,46,33
13,57,48,18,9
52,9,45,44,37
78,76,76,27,89
13,42,26,78,23
2,6,25,12,51
78,36,43,27,16
17,44,57,3,78
40,20,79,40,63
30,82,16,8,81
77,50,82,30,36
73,71,52,48,0
25,5,12,51,6
7,7,8,82,8
52,81,74,49,70
28,80,80,66,6
27,55,16,55,50
21,82,74,7,55
38,64,42,57,70
58,30,84,74,88
55,67,22,40,20
55,42,80,2,48
86,66,5,72,39
46,73,42,51,9
79,73,38,39,55
39,28,72,21,69
3,19,23,44,52
69,3,74,72,0
41,70,11,35,6
7,83,42,72,82
1,80,21,82,60
65,65,72,75,52
28,72,86,66,71
89,24,54,66,25
10,17,77,18,78
51,19,82,36,39
82,86,44,6,83
36,60,63,62,88
66,15,8,42,34
7,89,15,46,22
19,36,34,81,44
48,11,83,54,56
65,21,11,77,40
34,7,62,30,1
87,77,1,44,46
27,45,60,62,34
36,3,88,58,65
4,11,89,59,78
70,15,86,71,41
29,84,81,56,3
46,63,62,37,29
42,41,54,4,12
12,44,71,76,7
49,76,17,37,72
21,23,27,84,1
82,88,10,22,41
55,34,81,16,79
58,56,25,22,60
44,43,85,29,65
24,4,38,42,28
35,85,69,22,43
1,13,20,40,88
48,38,23,20,36
41,47,54,58,56
89,28,38,10,54
10,55,35,3,68
47,59,3,60,85
55,70,48,76,45
62,56,76,58,72
18,15,18,66,36
13,87,65,39,21
72,53,30,54,26
42,38,46,35,67
14,70,47,15,46
38,57,39,69,3
69,50,79,55,52
44,87,87,83,13
11,69,19,58,68
61,8,46,22,42
36,67,27,73,60
64,14,9,5,68
3,66,49,21,30
60,21,57,60,59
55,20,3,19,61
21,44,24,82,34
45,44,19,68,68
15,28,42,29,74
76,34,32,83,71
77,71,27,89,65
0,87,64,24,32
60,41,76,63,29
75,46,84,17,4
21,26,9,40,3
69,45,1,17,16
82,61,82,13,10
40,52,89,24,28
66,32,61,69,2
24,74,61,40,63
17,85,61,75,18
9,28,57,23,68
29,16,34,45,15
71,11,1,39,42
59,24,84,89,39
6,80,43,60,44
34,48,71,42,60
73,53,84,70,38
54,64,36,56,60
26,48,4,80,38
85,89,24,3,33
48,45,46,31,56
34,30,11,63,68
68,48,29,78,51
55,25,14,32,34
18,75,61,62,64
59,74,25,13,66
12,68,21,41,61
41,30,68,82,61
77,73,30,53,75
82,83,32,52,86
70,17,51,12,20
44,15,33,21,34
46,51,59,71,53
35,35,21,43,78
80,82,81,54,50
63,61,11,86,65
15,2,44,21,65
85,6,80,62,62
10,8,63,2,44
66,27,80,51,28
34,45,39,33,84
50,9,9,34,75
27,22,32,44,66
32,57,21,82,86
22,46,22,54,26
51,82,28,48,44
21,44,50,83,38
87,16,3,88,0
58,8,18,26,79
31,52,79,54,54
85,9,9,26,23
5,50,14,51,34
58,39,50,4,54
83,20,85,86,1
76,60,82,37,50
80,74,49,86,25
85,26,44,79,64
27,17,0,29,24
44,21,75,31,19
10,28,62,84,59
87,70,39,48,82
80,46,64,62,43
67,75,19,24,43
80,19,85,10,1
54,44,83,12,40
8,87,77,27,40
27,27,31,81,78
72,18,76,13,25
18,1,55,32,1
1,60,86,36,37
36,27,62,30,59
11,8,62,16,61
40,10,31,35,63
52,55,9,88,74
31,26,41,30,15
49,39,35,19,50
59,77,30,12,40
38,54,30,30,6
83,72,5,76,63
18,86,78,27,53
29,46,88,58,76
35,16,78,61,51
21,47,52,61,7
80,82,85,12,85
5,82,47,7,21
33,86,87,38,55
80,25,66,78,36
16,59,14,25,1
67,25,50,9,54
30,64,64,27,76
10,41,86,38,4
50,46,64,52,41
36,48,88,32,64
53,73,45,28,54
84,23,23,32,80
74,8,43,88,82
10,20,21,41,51
47,24,55,7,25
40,87,7,14,47
39,39,57,68,11
31,56,25,11,81
76,41,37,61,75
56,36,68,15,69
22,7,11,2,73
79,31,19,28,56
2,51,52,87,1
87,14,81,52,32
17,23,17,48,3
29,6,73,69,85
54,6,34,60,33
26,39,88,20,22
49,11,37,5,62
52,39,64,19,41
15,70,11,21,43
83,78,48,8,75
71,35,6,74,55
52,86,1,64,10
74,13,36,1,51
86,3,0,65,65
43,2,60,53,9
37,28,51,60,1
84,14,41,24,9
70,11,55,36,82
55,17,19,51,11
64,45,17,29,45
59,67,80,25,67
80,31,1,75,53
50,27,3,34,77
23,47,75,69,7
59,56,31,67,5
83,45,73,20,44
8,49,64,5,69
79,6,55,74,83
53,86,86,86,78
32,9,56,18,70
17,47,7,81,7
2,13,27,83,60
11,41,32,80,48
22,81,36,50,67
28,43,80,57,16
11,48,37,14,54
0,60,81,74,87
49,10,19,61,7
59,89,52,47,45
36,89,2,23,19
28,39,53,41,44
16,40,68,2,5
18,18,15,80,4
69,24,83,51,42
85,64,40,52,41
86,52,24,70,81
53,70,65,28,37
24,62,16,26,6
17,48,7,84,71
19,25,84,31,16
13,67,40,7,35
48,77,62,31,86
18,32,69,14,19
69,30,52,6,52
83,80,59,50,10
27,12,65,10,46
88,2,74,72,17
62,38,81,61,5
6,40,3,53,51
13,15,43,11,41
50,51,76,57,56
31,58,61,25,57
38,67,57,42,57
47,35,22,36,56
26,56,76,87,89
21,0,57,78,46
64,19,79,79,85
34,82,57,20,40
35,6,18,53,19
9,23,72,15,34
33,7,15,61,56
68,10,73,55,63
23,56,70,77,74
20,36,36,86,80
82,72,53,57,73
84,50,54,45,48
6,76,54,48,70
0,41,78,44,32
41,37,84,76,51
41,44,31,77,86
29,20,61,48,24
66,73,85,62,75
50,73,57,69,70
8,85,77,78,22
76,22,45,48,73
87,1,57,21,29
61,46,86,51,39
76,57,37,27,87
29,43,27,31,18
24,37,80,19,61
18,22,89,83,25
39,70,21,89,2
36,76,40,78,39
28,56,67,86,71
74,42,71,11,44
79,47,30,47,78
63,44,83,66,48
22,62,57,57,48
36,45,74,1,9
41,43,58,76,55
19,38,52,74,70
68,87,26,27,14
24,55,58,2,48
43,1,82,39,79
3,71,29,69,45
39,76,83,79,8
84,39,18,85,29
64,62,63,19,60
6,2,37,37,52
30,66,49,5,83
62,10,3,78,30
49,29,44,88,6
16,9,86,6,25
10,36,40,36,57
10,57,66,7,61
16,79,17,62,41
38,27,85,63,85
17,32,23,16,63
50,6,50,5,76
52,22,4,49,6
33,29,13,34,83
25,50,81,67,52
86,85,15,50,26
50,25,25,41,53
51,38,52,88,87
42,38,33,38,87
2,67,81,44,50
13,68,29,17,73
23,81,77,57,31
1,51,33,57,49
40,32,87,80,83
69,7,5,26,87
3,59,76,4,66
16,1,2,12,89
72,26,22,28,27
16,21,78,4,12
17,85,34,21,47
24,24,66,81,70
41,22,51,18,66
72,80,2,75,4
17,80,36,30,40
38,55,65,80,7
45,81,65,45,75
63,82,51,67,69
12,32,7,61,84
48,18,24,26,67
47,31,72,0,50
74,17,82,9,48
18,48,50,41,39
19,89,43,18,46
0,22,56,50,35
5,78,10,69,37
76,7,37,82,29
42,20,19,77,30
42,36,7,85,71
54,28,64,34,11
30,52,32,36,32
4,38,67,69,65
80,13,86,85,30
65,0,8,22,49
20,86,74,84,2
62,13,23,35,26
23,42,34,39,51
78,52,45,35,34
82,60,88,73,9
47,69,78,26,38
62,4,56,68,40
69,54,52,24,43
81,29,24,32,31
43,49,76,23,47
88,0,76,66,4
42,80,80,7,51
67,41,49,61,86
43,13,21,45,44
24,34,2,27,50
84,88,56,46,17
7,4,26,44,50
48,21,15,4,64
20,16,8,32,20
48,13,84,47,17
27,89,37,27,26
32,53,64,62,21
14,1,27,40,84
46,15,16,37,35
56,1,29,59,80
6,41,45,18,89
86,68,25,38,38
60,77,46,14,59
83,84,66,49,38
18,82,5,57,69
1,13,0,17,75
75,37,49,84,20
34,13,89,63,66
71,10,62,54,19
60,7,10,4,29
5,3,48,11,33
28,21,72,30,62
63,54,41,53,40
47,62,54,33,58
60,86,8,11,85
26,74,25,83,24
54,58,55,36,87
2,43,24,0,34
71,55,43,28,73
80,64,50,64,64
34,87,21,26,1
78,52,17,2,51
1,62,2,71,82
5,41,29,73,63
2,89,11,35,27
63,57,50,67,78
85,70,68,41,81
45,59,23,56,11
8,70,29,37,7
28,65,65,64,46
87,72,21,59,35
53,75,48,31,36
0,81,76,42,73
76,34,19,42,54
40,81,31,1,65
51,38,9,53,12
34,66,24,24,63
52,64,75,5,54
84,44,37,41,15
28,32,67,83,34
58,12,52,17,11
18,74,75,55,52
60,32,56,51,89
2,46,79,55,61
87,28,88,77,22
70,59,27,19,76
12,29,59,31,17
13,78,84,2,35
83,61,2,83,50
38,7,71,51,87
34,7,88,54,71
9,77,46,50,57
6,78,32,15,74
4,65,57,15,40
33,21,49,3,11
25,12,45,83,82
41,17,5,36,17
13,39,52,61,55
25,46,24,8,69
52,0,25,9,35
49,35,11,17,2
54,46,71,42,0
48,32,82,87,89
0,77,56,69,78
16,87,44,54,62
20,24,22,31,66
45,30,36,19,17
24,47,0,56,34
62,66,56,25,84
66,28,72,60,40
45,81,50,56,15
68,43,86,30,10
43,9,29,47,9
44,28,24,23,28
68,26,26,0,53
7,69,80,43,6
53,21,58,26,34
24,30,13,6,19
12,56,75,29,44
88,48,4,40,44
70,36,21,82,72
15,25,6,48,30
43,88,13,53,48
27,75,64,8,36
10,34,60,81,5
79,83,57,17,13
71,65,86,9,53
22,67,41,33,45
10,57,15,87,10
61,22,15,51,28
12,88,87,74,34
9,19,23,26,35
48,89,1,86,49
72,69,47,77,24
9,86,14,69,73
76,15,45,31,54
16,49,47,33,31
7,62,44,79,41
54,65,36,77,72
58,36,84,2,53
45,7,48,3,48
66,24,16,40,42
38,3,26,46,30
60,82,87,85,35
2,67,32,65,31
53,1,55,14,3
49,16,68,28,56
40,60,42,83,48
80,70,48,79,1
35,17,55,0,21
4,7,35,12,54
31,50,68,59,48
52,74,19,22,4
79,20,71,5,5
78,50,25,41,69
5,35,42,21,63
61,9,5,28,65
63,34,67,47,47
64,88,74,38,53
43,44,33,2,16
35,64,18,47,89
88,35,22,20,7
44,55,42,56,83
68,84,13,44,69
7,68,43,4,20
62,48,73,9,29
55,1,33,24,78
29,36,28,12,54
38,26,24,11,7
76,63,19,23,63
5,51,67,26,9
36,47,87,32,44
44,3,36,75,86
65,60,38,43,68
55,88,18,30,29
74,2,50,27,62
80,74,33,64,5
63,15,83,44,23
28,59,52,10,14
57,60,44,23,50
46,75,25,59,63
53,22,7,3,0
65,63,64,70,40
37,87,21,9,0
72,89,11,50,24
11,86,28,83,35
32,47,18,78,70
33,52,72,86,30
37,85,74,64,11
72,28,45,70,66
72,6,80,37,35
47,10,53,26,37
38,59,60,37,20
28,1,78,50,14
59,47,31,27,58
13,50,4,78,57
82,76,14,49,41
39,28,2,29,3
79,35,26,82,45
74,74,40,27,24
69,38,30,71,64
23,36,21,45,63
22,81,10,21,8
15,45,59,25,33
64,24,14,14,11
34,73,86,7,88
63,31,46,48,10
37,59,31,75,39
61,24,25,10,24
62,39,71,10,49
81,66,61,11,88
72,34,78,41,45
69,8,63,81,75
52,3,46,37,73
79,24,56,22,7
6,67,77,74,65
11,56,79,32,22
33,34,89,83,51
48,37,66,39,7
65,53,77,64,55
5,29,79,32,57
67,82,12,47,71
77,39,84,81,26
8,32,66,83,31
67,1,10,59,69
36,9,66,2,64
73,61,37,76,24
41,8,70,9,3
53,3,77,87,16
59,42,2,38,65
67,13,8,48,51
79,62,50,41,55
66,1,50,46,10
58,61,65,80,76
13,33,35,50,1
54,49,37,33,7
45,68,25,17,43
34,57,18,65,51
4,69,4,84,86
58,57,87,71,42
77,20,8,52,35
21,85,26,62,25
86,76,53,36,19
37,66,48,2,44
78,41,17,10,6
61,3,57,77,88
42,82,6,4,2
83,62,88,50,72
75,29,48,58,43
25,61,5,34,3
16,9,40,20,62
1,54,40,45,5
29,52,71,80,45
20,38,22,34,7
80,76,63,78,16
59,8,56,3,74
82,56,75,82,7
23,4,51,35,83
30,73,11,66,29
42,76,40,34,72
22,46,53,80,38
68,87,62,4,49
29,18,39,53,45
3,67,14,80,63
57,62,49,69,63
21,20,60,20,7
1,12,33,66,49
39,85,9,68,75
22,0,2,34,5
76,36,42,82,54
80,83,53,75,3
47,49,43,69,75
38,70,12,80,9
88,28,38,89,42
13,85,22,44,74
63,8,22,82,25
43,57,87,34,71
32,5,53,54,7
87,87,49,42,38
18,21,17,65,56
78,18,44,33,60
0,36,84,19,1
21,5,88,12,24
42,64,32,7,27
32,54,89,27,66
7,40,8,84,71
19,27,23,58,50
28,51,8,16,24
18,4,0,47,17
42,41,55,7,55
51,39,49,15,20
19,37,27,40,67
12,78,51,85,9
87,79,61,17,30
88,15,36,66,29
78,31,3,86,48
67,28,47,44,88
69,79,35,12,35
80,74,31,48,4
35,22,14,87,7
46,22,55,10,62
81,34,37,39,58
55,28,84,48,65
14,48,19,46,72
4,59,70,89,11
15,39,45,64,57
53,56,50,72,20
65,1,13,67,84
83,50,47,46,21
89,59,50,53,23
73,39,9,8,53
88,43,26,49,25
9,87,24,69,71
12,42,57,47,23
79,12,36,16,39
72,52,82,73,2
19,18,54,71,31
0,38,89,43,3
76,63,12,56,18
28,45,33,41,4
83,84,76,7,67
37,61,44,67,86
69,18,50,17,82
77,86,61,80,65
18,35,12,38,10
59,44,19,25,67
50,49,60,16,61
17,10,0,72,89
31,53,15,36,60
44,27,86,59,21
50,20,22,71,13
84,54,20,17,72
88,87,71,65,2
11,66,33,48,9
4,14,83,85,86
56,19,34,46,57
28,72,82,51,62
79,24,37,50,43
77,42,68,10,79
85,72,79,68,81
22,54,66,87,70
16,82,53,43,8
25,50,71,8,2
3,53,38,68,44
70,86,28,25,54
19,83,55,2,2
71,10,85,86,47
44,17,43,38,21
9,7,33,59,13
49,47,72,29,9
21,74,14,16,74
63,63,32,36,65
71,52,72,60,21
14,46,57,19,77
26,53,29,3,26
84,15,63,28,0
88,83,57,81,39
44,78,60,29,58
31,3,29,81,42
0,28,25,3,26
63,38,79,45,42
5,27,63,12,39
23,66,26,75,5
59,78,40,47,34
81,34,58,81,81
47,25,61,8,26
12,46,9,12,13
8,30,60,66,60
59,15,43,8,2
30,53,85,29,52
31,47,22,88,55
33,20,78,43,14
30,28,36,88,75
51,47,47,81,25
9,36,35,63,71
16,8,51,65,74
47,59,29,89,12
35,44,24,67,27
26,52,82,67,24
78,71,71,66,6
68,39,86,74,22
68,80,25,68,29
51,9,5,22,35
12,14,47,52,71
0,68,32,4,36
28,75,64,55,60
9,69,81,18,79
5,34,82,44,79
40,78,78,7,77
79,61,62,87,77
16,23,45,52,70
7,57,64,19,20
83,52,67,60,30
9,29,78,19,40
41,57,27,45,19
75,19,57,38,44
47,48,74,45,38
10,21,32,59,60
45,75,14,30,10
18,1,31,85,28
65,17,26,89,5
50,19,62,75,8
19,27,16,63,77
39,22,46,36,27
35,79,15,67,50
55,24,5,73,42
72,46,15,38,61
4,14,7,72,34
20,64,46,63,67
66,63,65,11,57
73,37,6,58,35
67,50,68,78,81
12,45,32,27,48
0,5,74,39,28
50,78,82,47,41
33,24,11,75,31
27,49,56,54,72
88,25,24,23,33
16,77,9,21,44
30,82,58,83,48
76,31,40,20,74
3,16,2,55,17
35,47,0,16,23
30,87,30,20,52
49,88,46,41,17
49,42,58,59,24
60,4,48,38,17
0,21,49,31,6
79,83,27,58,44
36,42,64,50,80
40,21,74,35,68
20,7,20,17,48
45,21,1,5,14
1,57,23,62,83
13,86,38,6,14
42,26,43,34,52
78,82,30,31,82
8,87,55,18,48
30,83,27,78,37
48,82,29,27,67
2,25,38,89,48
83,76,12,41,45
72,23,59,50,72
84,37,76,4,61
67,20,32,68,47
65,12,43,56,40
63,39,38,6,46
36,41,62,13,65
35,75,20,40,11
16,26,85,84,20
45,81,22,68,70
49,78,45,15,64
21,31,24,59,55
54,34,49,45,40
69,10,75,28,31
72,50,25,44,65
35,1,20,69,57
33,81,71,37,29
69,18,68,18,50
68,80,41,9,65
83,30,24,24,7
66,60,79,7,35
73,70,81,81,26
63,38,41,40,21
84,86,28,66,4
26,67,15,13,39
73,59,21,9,46
71,14,43,47,11
59,14,52,82,87
26,48,26,69,19
61,31,16,24,34
24,78,10,27,50
64,9,55,17,62
18,53,29,0,44
50,88,73,69,53
85,63,13,7,18
16,46,6,59,28
16,68,41,34,1
78,41,18,6,62
13,18,5,14,43
18,1,34,71,19
44,83,43,31,23
1,41,0,21,14
71,74,30,14,80
6,43,72,13,45
35,46,26,34,66
26,73,39,57,49
47,15,13,56,62
62,34,56,5,8
7,67,82,57,83
27,21,10,31,57
63,64,83,79,82
14,88,67,14,64
76,3,83,13,58
67,4,84,52,27
65,28,48,51,17
73,27,79,56,64
12,38,5,54,82
33,82,30,53,30
23,81,40,7,69
31,41,82,28,85
88,28,59,38,73
35,81,61,81,16
74,50,52,36,65
40,84,77,54,52
84,37,86,23,48
80,71,19,18,87
46,17,17,42,62
54,54,88,24,77
49,30,63,19,82
24,7,66,85,6
7,51,75,2,54
37,61,26,46,1
85,26,75,58,11
5,30,82,64,41
73,3,10,63,78
18,39,14,4,35
68,43,66,30,32
21,26,67,20,83
74,49,3,63,7
43,3,13,34,7
82,77,63,54,71
76,20,20,67,86
32,6,84,29,47
28,69,48,15,30
30,39,26,15,44
15,84,23,39,9
73,31,28,8,77
17,57,73,46,55
23,66,65,53,30
34,29,5,47,20
67,77,20,75,37
2,17,41,10,71
33,83,49,4,47
25,46,0,86,76
70,44,58,76,3
84,67,23,11,32
4,78,59,6,88
45,83,24,31,57
40,59,84,89,67
69,27,14,33,81
68,73,31,60,80
52,20,5,7,10
40,65,81,53,58
23,0,8,33,37
60,66,86,26,24
57,33,71,2,19
1,84,65,84,62
71,49,51,56,73
84,10,56,48,86
77,6,83,54,59
42,53,87,78,73
30,74,87,57,82
71,40,26,14,58
47,16,74,20,30
88,12,69,20,89
53,66,71,80,14
59,15,46,2,89
55,49,72,81,40
40,16,30,6,3
7,23,23,18,24
57,7,63,32,30
46,1,14,45,51
6,38,42,57,24
35,66,39,27,32
77,5,59,55,76
49,14,12,45,85
88,33,4,57,43
0,35,75,56,15
83,27,31,77,46
81,75,89,82,0
6,8,29,52,84
3,48,3,88,68
29,68,29,36,7
63,1,44,58,46
56,15,53,27,45
53,15,18,43,80
55,69,60,28,73
59,43,6,57,73
79,81,83,44,79
69,17,20,24,34
86,66,48,23,47
31,19,22,77,19
48,6,7,36,22
37,68,62,11,70
47,80,77,65,39
76,1,51,21,82
5,5,64,3,0
84,12,36,55,62
44,15,14,68,19
0,51,60,22,86
19,54,56,11,88
75,52,10,7,6
12,56,42,12,55
4,83,74,32,30
51,63,33,21,49
42,19,23,9,84
31,43,72,28,77
42,46,57,30,74
33,14,65,24,60
73,16,89,72,34
77,65,38,11,37
64,29,32,60,89
4,31,75,34,74
36,75,68,20,36
46,35,34,6,84
87,28,2,43,49
35,33,33,33,83
59,2,46,5,62
13,44,43,34,12
52,30,59,26,42
74,1,39,60,39
84,9,10,41,68
41,45,21,7,72
0,31,38,34,73
26,61,15,20,51
66,23,6,66,86
85,50,51,83,8
7,47,83,61,55
32,48,22,47,49
62,47,52,15,5
39,56,26,8,39
37,83,55,18,4
20,7,61,5,38
11,18,12,34,38
69,50,6,78,38
66,19,24,31,75
54,31,64,37,79
60,7,58,40,83
39,39,34,41,64
72,70,63,57,45
42,20,11,31,87
66,18,29,55,52
11,43,37,21,72
61,15,9,74,11
81,68,33,27,6
34,27,17,14,19
17,28,6,40,14
60,29,47,19,54
41,63,15,5,39
17,76,32,77,73
17,40,72,18,65
29,8,70,13,89
64,43,44,1,84
41,88,50,72,76
49,80,17,32,25
37,46,45,32,51
37,33,51,61,84
12,63,40,13,55
80,40,32,34,50
23,20,70,18,11
52,44,18,49,84
3,73,83,37,21
33,47,10,72,57
10,83,37,8,37
9,75,47,63,43
26,67,42,81,61
77,45,72,38,87
8,20,67,64,59
19,34,7,23,26
62,4,70,87,38
60,6,59,19,1
60,34,37,77,19
84,66,2,0,0
50,69,18,1,68
12,54,81,84,9
13,36,44,32,76
83,58,16,28,37
31,50,15,33,65
54,2,19,59,87
10,15,37,76,73
43,77,81,66,71
46,47,21,29,79
75,72,26,89,64
0,51,28,48,81
60,44,75,14,61
7,85,16,78,15
76,61,53,38,73
55,54,6,70,27
42,69,87,87,24
24,25,29,72,89
83,29,18,14,61
21,33,5,42,2
53,56,20,7,76
62,32,78,83,10
53,86,16,12,15
19,20,7,41,52
80,51,24,66,23
4,78,26,84,27
44,72,41,27,63
37,72,73,55,71
5,82,4,66,8
61,82,72,49,44
71,81,81,87,61
8,33,76,53,84
65,7,42,15,81
39,30,21,75,42
69,60,87,70,50
37,38,27,19,12
31,57,17,23,22
74,13,40,6,39
73,56,11,42,64
33,48,53,24,62
50,1,39,87,25
57,45,7,10,84
20,15,14,3,13
85,36,25,45,57
64,31,49,21,19
20,14,18,59,23
51,33,72,49,68
21,27,44,45,76
25,74,78,79,66
44,26,29,77,27
7,42,60,1,32
52,72,5,74,0
74,71,85,57,21
69,73,43,30,67
62,30,82,49,77
61,83,89,71,33
72,10,45,84,40
5,64,28,37,53
61,67,69,33,62
61,27,51,5,88
75,4,31,58,78
17,83,56,89,19
63,3,35,35,82
10,15,18,33,38
63,44,49,69,21
0,31,54,35,29
55,9,4,31,68
46,76,3,42,0
23,55,47,88,4
56,38,49,4,2
2,63,65,8,32
53,74,27,3,33
69,40,43,13,10
47,35,8,39,46
36,85,85,10,88
24,47,38,5,50
8,10,63,87,59
19,7,52,28,60
89,43,61,77,83
83,56,15,58,84
52,16,69,14,38
16,77,27,23,5
28,88,82,85,89
50,4,7,8,74
4,9,56,0,47
80,29,43,75,87
5,34,64,71,41
52,63,89,78,71
30,67,20,71,80
22,78,53,9,3
63,5,7,22,68
66,32,12,45,71
16,76,79,67,11
44,35,16,28,89
13,50,79,63,0
53,79,86,55,15
29,57,18,52,3
62,69,47,17,33
8,59,31,1,52
17,87,60,5,13
59,88,24,68,67
63,56,76,83,6
51,50,45,61,27
52,16,85,7,56
48,34,75,8,11
0,58,72,69,75
3,20,46,36,15
59,68,81,26,37
27,7,39,32,71
6,36,22,88,71
12,66,17,84,35
4,1,47,13,43
39,44,10,36,11
53,3,62,54,85
45,81,85,76,48
79,0,56,15,52
3,34,83,18,3
24,76,3,12,63
10,67,0,83,30
24,34,17,39,9
79,63,66,14,41
86,61,22,31,23
76,36,80,9,31
54,40,22,81,52
69,81,26,48,10
41,75,11,56,47
36,52,82,82,42
16,34,26,76,43
44,75,69,62,37
70,8,9,81,3
11,72,80,73,81
41,23,12,31,19
30,76,24,4,82
32,89,60,46,70
75,31,40,41,73
65,1,48,28,69
65,26,48,55,62
86,23,25,67,10
75,30,55,51,58
17,70,32,26,3
76,3,43,77,19
86,41,5,52,8
4,25,47,67,65
0,89,87,84,14
28,2,16,12,61
89,14,0,34,45
70,42,56,9,15
74,39,6,15,0
84,81,48,87,27
89,53,31,88,22
37,56,22,88,40
1,70,65,89,35
24,53,28,49,65
42,75,85,20,43
40,66,51,65,51
32,37,22,48,41
62,71,63,14,25
80,48,86,35,84
29,12,86,67,67
0,87,17,80,70
59,81,6,9,20
37,84,78,49,70
6,75,28,75,63
1,31,24,83,60
66,52,59,66,82
53,53,54,79,61
0,10,67,74,68
37,1,32,81,50
62,22,34,16,32
44,3,85,88,42
88,52,59,34,29
2,51,19,64,17
20,32,14,0,76
80,88,66,65,48
16,25,2,26,32
48,51,38,82,42
87,68,77,31,28
83,28,9,72,59
56,81,88,22,6
11,24,88,53,82
26,34,11,78,7
78,39,54,5,18
51,24,64,6,19
23,70,64,67,88
80,73,55,67,80
16,22,25,63,24
19,22,57,19,68
82,42,75,34,42
0,14,10,52,4
62,74,2,43,58
88,77,62,3,83
56,85,31,13,78
17,67,34,13,47
2,66,69,62,70
47,25,36,15,89
67,46,21,35,61
18,87,61,34,73
81,50,12,2,43
45,11,11,87,44
17,69,46,12,66
81,18,53,87,3
29,82,77,15,86
27,50,21,30,40
20,1,79,37,37
67,17,29,13,11
84,26,34,87,36
31,3,83,24,58
79,15,69,16,32
20,62,44,12,3
41,27,21,55,87
10,80,12,78,36
87,55,79,0,33
27,43,47,13,16
62,68,51,64,13
87,44,88,7,29
50,67,74,11,5
30,48,77,22,48
34,52,11,84,24
61,35,44,41,15
46,4,54,42,61
48,80,17,58,37
63,57,75,46,19
28,48,44,30,0
89,84,39,86,15
16,69,68,44,80
43,73,75,50,72
77,13,76,35,69
13,4,6,21,40
77,41,18,47,42
31,2,61,80,19
4,19,3,41,22
42,23,47,18,77
79,23,2,26,21
81,15,22,31,51
77,33,51,78,16
15,55,13,37,84
23,15,73,71,46
24,67,8,64,53
47,34,42,84,56
10,81,79,54,0
59,58,73,20,29
54,19,8,39,49
67,46,68,33,55
56,65,48,27,85
45,17,81,41,39
32,89,65,89,68
82,39,51,71,78
26,71,2,45,15
85,84,25,4,23
68,57,85,33,86
78,39,73,36,15
80,6,89,50,54
14,48,89,56,36
82,73,37,86,11
78,47,44,51,44
52,37,39,50,79
85,81,37,57,17
63,2,27,83,28
8,20,14,68,89
79,46,68,31,53
80,11,24,33,72
59,6,42,8,38
43,28,69,85,88
42,5,68,54,20
55,6,22,54,76
50,16,76,1,9
27,21,45,72,65
73,52,2,74,53
37,28,47,41,77
43,50,78,16,33
52,28,39,41,1
38,51,24,26,29
71,25,32,18,86
49,86,42,66,56
78,49,23,37,17
65,8,34,47,10
60,67,70,61,12
1,38,2,17,33
84,76,10,27,65
21,16,26,53,78
35,6,56,40,36
86,2,3,64,4
71,48,57,66,28
44,22,11,8,0
82,69,23,61,1
42,3,86,50,26
24,34,52,9,89
29,41,38,47,18
8,82,83,0,21
7,30,30,6,60
65,23,89,70,53
73,10,75,77,41
79,62,50,21,30
34,17,58,3,85
50,10,6,24,21
24,48,13,31,75
83,59,43,8,89
22,86,46,30,6
87,36,49,70,56
23,64,51,80,80
31,59,27,64,58
88,70,13,73,10
15,6,56,26,13
25,51,33,14,68
42,27,19,11,80
45,70,16,45,17
65,45,69,53,0
39,75,62,20,71
63,51,32,1,13
56,53,21,39,35
61,48,83,49,7
69,77,28,34,42
17,17,85,21,16
89,26,56,7,88
5,8,27,3,8
83,47,74,67,89
17,89,27,11,28
61,87,16,32,7
40,23,77,13,82
44,29,46,5,73
65,14,89,62,41
42,35,39,32,83
57,85,43,18,69
51,6,59,7,3
30,32,2,84,45
70,74,85,64,44
85,51,61,47,1
34,66,49,1,49
53,5,15,6,7
44,31,45,62,16
6,77,81,1,65
27,35,56,61,34
18,33,69,52,28
50,63,63,58,9
4,45,58,75,67
4,66,35,59,87
26,78,3,30,64
26,27,82,7,85
56,29,88,34,61
12,79,44,56,72
16,30,28,52,50
12,8,19,4,78
2,34,9,60,52
72,22,63,61,4
0,85,29,8,83
60,19,76,72,35
55,64,21,36,13
46,29,11,63,56
62,60,66,65,14
10,87,32,26,60
9,71,21,10,8
47,47,51,69,14
1,64,70,34,40
44,13,85,52,54
51,23,16,19,53
15,44,26,15,21
78,71,76,49,33
47,42,43,44,27
40,82,29,12,37
48,3,31,33,67
47,12,17,70,76
84,73,4,9,78
46,84,44,16,5
67,88,71,4,23
77,14,16,6,16
59,12,59,7,22
38,82,57,4,56
3,19,54,7,37
20,3,38,18,0
22,84,7,87,84
36,2,16,16,77
45,9,67,87,7
46,88,4,8,12
31,27,19,57,43
86,58,36,7,83
57,78,19,35,11
58,82,23,13,72
89,3,49,67,65
32,83,41,9,65
64,89,50,1,65
33,54,18,5,21
45,52,66,54,36
85,38,63,75,65
9,60,39,78,19
22,6,86,29,35
49,19,38,48,51
50,13,57,3,64
73,5,21,81,70
22,55,61,18,30
39,27,81,3,49
19,45,74,9,12
34,67,76,49,76
23,18,84,67,87
34,5,66,46,39
73,3,32,27,36
44,32,14,6,59
52,67,69,12,13
66,63,73,28,89
52,43,72,72,53
46,76,70,62,63
20,3,77,28,7
73,57,54,68,75
30,46,75,15,32
20,63,81,19,81
73,74,66,10,21
49,3,58,73,9
78,61,27,45,84
61,78,83,60,27
67,75,81,54,16
30,73,67,26,5
39,18,59,86,3
58,26,29,4,8
54,55,46,23,31
66,12,56,87,64
61,48,65,72,54
37,24,21,56,23
13,67,0,88,78
60,10,15,12,76
68,42,88,48,60
62,85,80,2,14
68,59,11,32,74
59,15,27,45,48
33,87,87,86,67
75,25,54,58,29
37,1,89,50,2
50,37,84,4,57
75,72,57,75,14
63,78,88,50,58
64,12,47,61,23
86,77,85,73,3
0,46,75,36,80
50,47,49,29,32
27,12,13,53,56
67,64,51,19,24
39,14,8,21,23
77,84,86,50,14
78,26,36,81,2
4,52,18,28,88
6,82,42,88,78
12,52,48,39,12
54,42,4,61,86
81,34,10,1,49
14,63,7,45,49
72,86,14,29,7
71,87,11,17,87
50,16,17,79,73
27,53,70,59,67
6,37,49,32,75
80,86,19,12,33
42,45,79,29,63
61,83,18,13,40
59,60,8,48,27
8,74,80,75,75
50,36,54,41,43
15,19,48,26,31
76,16,51,32,72
14,28,53,24,19
60,59,29,32,14
5,4,78,7,45
55,75,48,12,17
9,32,53,34,41
6,84,66,46,71
54,36,70,31,2
53,5,27,41,16
42,34,51,12,34
3,16,69,7,43
1,48,87,11,40
73,83,83,75,85
84,27,22,6,37
54,16,51,39,45
75,78,64,54,20
51,76,76,62,80
29,77,86,45,73
15,27,63,82,51
37,17,67,35,37
25,12,57,14,81
60,77,61,23,74
61,81,73,89,6
50,67,76,23,2
61,33,51,7,25
45,57,30,24,14
62,70,59,56,62
83,60,70,81,75
70,43,26,6,52
84,68,83,85,30
2,13,77,66,30
42,20,66,8,89
2,45,87,75,62
4,50,45,20,49
29,12,32,72,1
45,87,4,28,10
29,34,63,67,2
36,18,18,20,57
53,10,47,69,42
60,18,9,71,64
75,7,74,2,3
0,50,7,21,8
16,14,85,85,28
82,23,46,39,22
9,51,43,6,68
75,65,55,84,60
70,4,31,8,26
89,0,21,75,35
54,6,36,83,65
14,18,3,42,49
44,1,48,1,30
74,81,16,42,5
82,58,3,8,79
65,14,51,47,69
48,0,4,70,38
63,5,10,54,50
67,80,69,50,1
62,79,36,24,4
45,11,58,31,25
34,2,72,32,87
57,7,79,82,6
0,51,88,89,69
56,28,36,38,43
80,40,73,40,26
2,48,20,29,86
56,36,69,81,42
70,33,32,88,40
65,34,70,50,12
40,73,59,24,39
69,70,19,4,9
39,85,44,56,14
43,40,33,43,57
77,11,32,34,42
17,55,16,28,19
3,38,63,14,10
7,32,80,74,17
35,61,32,74,58
74,64,60,26,25
79,67,59,5,65
7,21,52,86,41
63,10,16,5,82
9,55,49,86,89
21,31,9,33,25
33,16,85,12,83
35,65,60,67,43
74,56,60,17,59
58,27,41,22,69
37,31,42,13,1
23,46,49,17,56
75,63,14,25,32
77,65,35,16,30
33,10,41,56,49
41,25,66,80,76
59,32,24,75,39
35,5,16,76,18
41,36,23,86,28
33,37,26,63,44
79,17,17,80,61
78,32,32,29,4
2,9,20,10,45
37,49,33,84,12
26,30,38,13,19
36,79,89,2,79
4,81,3,1,54
7,65,58,89,19
5,81,32,76,2
47,85,35,17,21
79,35,58,84,73
61,2,19,80,76
77,50,35,6,33
19,26,71,89,62
40,7,82,23,9
77,76,48,27,41
71,28,56,78,39
87,18,76,70,36
57,44,89,12,19
36,83,81,20,8
5,17,18,63,20
86,74,62,20,54
26,73,61,2,9
76,13,20,55,79
42,2,78,28,29
82,24,63,56,89
78,75,49,82,2
19,5,22,13,74
44,0,24,28,73
21,80,81,31,19
47,52,74,53,44
32,69,3,66,45
42,54,62,29,8
18,25,17,88,54
88,36,49,88,80
0,51,88,31,29
17,2,46,64,68
14,77,36,75,2
19,0,3,20,83
12,49,26,55,78
62,57,62,44,57
82,85,3,65,18
17,82,68,82,77
66,78,38,83,47
33,20,53,10,68
39,43,19,66,70
23,47,87,47,64
86,58,74,38,55
49,17,67,54,35
16,65,75,71,69
48,11,33,6,42
1,59,52,38,13
52,24,84,14,31
83,45,77,60,0
30,40,14,8,50
44,85,13,33,63
20,12,50,30,19
31,4,58,80,66
35,85,70,87,49
81,6,59,57,89
43,62,64,87,6
27,55,30,9,84
33,60,29,54,65
34,44,12,41,2
27,68,18,64,22
88,27,38,25,52
34,27,54,44,16
7,38,23,11,79
11,88,21,87,32
54,35,1,37,28
12,71,54,45,17
25,5,6,89,45
63,60,89,29,35
23,44,82,74,17
56,51,3,32,43
89,49,29,16,8
17,65,0,68,41
67,73,74,32,41
23,74,36,45,83
42,39,60,8,31
84,31,44,27,3
40,29,32,82,77
39,36,8,14,86
89,0,31,30,47
85,16,87,44,58
43,12,86,21,73
53,25,33,70,15
3,4,18,3,66
59,9,87,48,2
88,8,72,34,30
39,44,15,38,28
63,54,71,38,33
20,46,5,24,12
0,70,4,50,1
25,27,64,59,15
20,6,11,80,86
8,71,23,87,74
69,53,68,56,73
80,47,74,80,37
38,81,33,22,34
27,62,64,24,33
29,63,72,37,67
86,81,35,81,27
44,89,7,86,65
79,52,37,81,59
54,20,41,73,86
20,0,63,22,40
50,64,49,56,29
6,80,64,69,37
74,33,31,26,67
34,66,58,51,33
43,70,15,31,49
57,23,64,48,43
29,7,34,60,30
50,63,4,44,68
13,60,4,3,49
36,34,9,63,67
13,27,57,22,63
52,89,84,26,84
81,21,6,15,13
33,28,55,68,62
39,68,28,46,29
22,82,68,71,19
33,74,50,53,15
21,59,85,88,74
63,11,39,52,19
70,73,80,24,65
40,80,31,87,24
30,73,10,59,83
69,21,66,67,11
45,86,11,41,52
86,58,69,85,16
25,27,25,85,74
51,2,3,46,22
7,69,87,21,59
12,69,3,31,59
86,49,55,54,68
19,22,8,76,1
40,71,88,0,15
7,57,86,15,72
18,18,55,28,22
42,3,76,18,24
48,9,69,5,76
23,73,12,20,61
50,14,70,16,46
52,25,51,16,43
17,35,65,2,46
14,2,36,26,49
74,15,57,20,21
17,20,44,77,71
59,88,64,76,17
7,83,80,31,78
20,20,16,7,54
58,11,12,27,32
68,71,27,15,52
14,27,35,27,49
34,69,59,53,15
36,37,0,20,79
67,61,18,72,26
65,39,9,47,53
2,3,73,76,67
1,8,5,12,49
76,13,83,55,44
77,76,69,10,78
12,12,57,39,17
87,61,88,30,6
63,41,1,68,46
83,19,1,59,30
30,82,81,73,10
2,22,81,6,13
7,61,11,15,38
80,5,51,7,55
88,18,30,53,61
59,16,17,37,19
17,56,38,2,2
37,17,25,82,50
59,25,30,32,52
88,11,44,8,3
74,30,50,61,29
27,80,61,60,33
14,11,81,28,18
1,69,50,88,39
2,58,40,28,55
33,0,48,13,26
45,16,8,78,60
69,19,1,38,11
68,43,78,57,45
20,71,3,29,69
50,73,81,30,61
43,13,88,48,66
8,77,77,18,12
49,15,27,3,67
39,74,19,61,85
17,28,12,17,69
4,18,6,24,68
22,68,66,54,63
70,4,24,78,44
17,79,84,56,31
39,13,37,29,69
75,1,5,57,67
83,73,55,12,60
16,88,78,78,83
12,87,60,0,26
50,45,50,22,4
10,76,4,60,66
68,38,2,31,84
10,7,17,16,11
85,24,31,6,69
47,23,13,45,47
77,83,62,19,71
35,26,9,52,47
16,81,61,44,7
51,72,9,60,9
62,65,53,56,75
53,47,77,61,21
83,33,45,0,47
6,3,80,12,87
37,11,43,0,27
55,24,67,24,58
61,25,15,8,12
10,66,50,57,65
2,28,87,39,35
69,7,36,85,79
59,52,64,76,75
69,43,53,18,19
32,28,87,54,72
8,42,27,48,72
85,29,33,69,31
79,24,46,66,61
67,70,68,77,59
23,40,21,78,43
56,29,84,63,81
64,87,71,39,21
81,85,50,50,60
28,69,46,11,14
54,58,40,83,47
47,21,26,8,13
45,20,72,24,69
35,49,64,62,25
38,66,46,54,38
26,35,42,14,6
45,10,7,33,14
73,5,78,71,89
73,59,66,66,14
54,70,31,16,66
48,30,16,7,30
27,80,79,89,73
36,54,25,46,45
57,30,70,83,77
62,57,71,27,88
29,20,13,36,20
39,73,22,33,82
34,64,58,68,36
1,33,40,30,16
8,25,65,44,41
37,8,13,36,71
63,40,17,9,79
19,4,18,42,0
83,14,38,14,19
31,69,0,9,22
71,31,61,41,0
74,82,55,52,73
86,49,36,52,67
7,85,29,77,14
31,39,73,29,1
25,67,67,75,12
12,56,87,66,32
4,78,15,72,64
64,59,86,41,25
21,83,75,34,50
29,68,31,8,89
77,33,39,72,36
25,9,66,35,51
39,57,61,19,64
11,86,23,10,65
76,52,60,24,72
18,45,40,67,38
83,14,73,8,35
38,83,37,82,66
37,65,39,5,68
62,2,59,73,14
31,59,45,84,40
25,37,35,88,18
29,30,57,43,82
7,77,73,49,46
17,62,9,46,38
15,40,84,25,69
29,11,7,11,57
55,72,64,87,12
63,22,3,45,69
71,43,71,77,8
81,27,84,61,11
76,23,49,71,23
40,33,74,35,32
81,59,85,66,2
77,46,52,31,47
19,65,47,68,32
50,37,75,42,17
46,88,74,34,2
40,75,19,19,15
65,18,46,86,47
60,83,6,75,63
73,9,17,71,61
18,36,33,72,22
86,37,40,73,53
17,53,4,18,17
1,25,63,82,72
0,40,6,67,52
0,81,55,20,57
31,19,87,14,5
0,53,62,71,14
35,3,27,49,17
87,45,49,89,26
12,66,87,1,26
84,87,26,48,71
72,46,76,85,81
62,48,26,62,21
18,67,22,30,68
32,31,29,59,59
75,24,85,33,47
86,27,81,33,43
9,88,8,72,76
74,5,67,54,13
63,14,50,2,38
12,2,62,41,38
70,17,51,72,68
80,10,28,79,26
10,31,0,84,22
38,72,78,89,22
79,60,1,64,7
42,55,13,17,5
80,73,48,23,5
30,77,59,36,37
20,80,27,55,56
38,76,54,4,22
8,71,20,40,24
30,39,6,66,31
3,28,13,6,54
55,88,80,71,33
12,56,7,34,67
10,62,87,59,42
46,17,1,53,29
41,32,73,77,44
82,45,24,23,28
36,41,35,85,80
33,12,70,10,85
23,26,40,18,78
18,46,45,46,67
12,21,25,65,54
42,53,81,40,70
77,83,14,83,19
88,6,80,69,23
9,86,41,29,34
40,29,47,78,0
42,74,38,89,27
16,18,50,34,71
87,2,78,87,62
9,12,72,52,6
18,4,6,76,88
77,5,43,72,1
69,6,10,68,73
35,16,14,52,29
33,48,51,19,50
18,71,78,6,48
55,88,41,9,83
33,12,86,34,26
64,81,31,35,40
89,82,35,55,68
54,29,22,13,0
63,17,29,45,22
55,59,62,27,4
85,31,3,33,50
59,53,53,29,10
74,5,49,60,53
40,36,27,71,73
40,88,81,34,46
20,84,8,11,29
30,70,81,58,81
11,29,88,60,7
22,78,79,59,84
59,46,42,63,0
14,74,71,3,89
61,7,43,20,68
79,7,71,33,64
8,47,43,60,4
47,74,52,19,19
6,37,80,23,39
41,45,44,18,22
0,0,65,45,13
50,1,82,65,6
5,64,49,86,18
43,37,48,13,75
64,61,0,47,41
82,17,67,46,43
25,74,71,26,76
66,22,61,15,73
6,0,22,31,60
62,62,83,85,75
53,48,19,69,71
65,6,27,68,17
15,44,78,17,82
13,65,49,4,61
76,69,20,44,52
12,84,70,71,56
41,30,81,54,55
46,1,26,36,66
77,82,35,84,8
88,83,69,89,0
24,12,71,13,3
41,58,79,74,10
64,87,86,34,12
54,51,78,61,42
10,41,0,33,85
71,78,64,34,9
82,70,75,88,29
45,48,38,35,13
72,42,53,5,88
71,0,63,39,25
35,46,62,49,15
2,11,54,83,47
69,21,70,23,13
30,55,44,17,48
3,38,58,72,31
19,58,31,35,79
30,36,10,47,32
25,79,29,40,28
4,60,24,86,40
20,63,12,27,58
36,78,33,76,72
22,59,6,13,28
13,29,9,58,75
27,83,20,28,35
48,10,16,66,27
32,55,35,42,0
29,7,43,42,54
50,45,4,39,79
53,45,58,65,72
51,81,29,76,76
40,7,57,6,37
33,64,56,36,55
6,45,71,25,79
41,17,41,1,65
55,72,66,40,44
23,47,40,39,16
60,28,76,77,89
25,88,18,26,55
41,65,54,82,14
87,70,20,10,52
64,57,48,64,66
77,81,70,1,38
20,70,28,51,49
62,72,40,61,47
77,68,68,75,82
70,52,20,3,81
83,18,46,48,68
59,5,40,35,33
1,53,20,42,60
42,82,45,36,38
51,2,71,36,3
63,36,74,32,4
64,65,47,61,29
24,23,63,75,83
74,20,85,89,77
36,3,62,54,55
67,32,17,77,1
86,62,35,84,19
86,67,20,40,38
22,39,71,55,42
17,46,31,38,61
41,47,89,40,26
44,81,24,61,34
86,83,1,63,39
79,40,17,62,18
8,24,1,30,46
54,63,20,8,8
18,73,17,51,13
18,83,7,54,41
59,65,16,81,60
17,28,75,6,69
43,11,56,16,84
2,71,21,80,78
20,62,69,59,41
72,20,89,25,15
11,43,57,42,68
26,1,80,11,70
47,50,82,86,45
13,46,10,44,67
12,14,46,30,57
88,43,73,86,67
50,85,56,83,45
16,73,10,20,72
5,47,71,48,14
69,83,89,88,22
61,75,25,77,45
60,42,40,80,34
67,75,46,7,73
83,88,79,4,33
64,45,61,67,56
2,26,59,49,62
41,10,59,12,43
24,79,76,37,34
17,46,9,7,54
16,41,40,20,32
59,32,82,87,77
40,6,24,52,42
36,80,83,6,67
37,25,12,24,9
19,50,67,26,68
68,13,50,74,26
89,67,44,9,84
14,26,69,19,82
21,8,10,8,39
68,47,82,48,72
67,23,34,16,54
23,78,89,34,0
21,32,61,60,87
64,4,54,43,72
61,78,1,43,75
89,4,51,45,52
55,70,73,72,18
2,44,62,44,82
52,86,4,41,82
19,68,6,57,72
56,33,73,61,18
79,38,35,69,19
65,54,84,15,85
89,23,84,27,12
44,78,70,17,27
39,31,67,30,6
69,85,69,8,36
40,21,46,0,50
14,84,4,66,6
53,33,63,48,2
46,62,17,47,36
23,48,2,9,29
69,50,25,55,53
54,17,64,31,8
52,78,40,45,56
66,61,49,63,40
83,37,33,77,69
28,1,30,57,43
52,73,78,63,40
34,14,15,20,64
23,47,2,81,88
65,56,82,1,56
61,71,29,21,85
79,39,33,75,66
49,32,21,30,76
52,68,56,56,11
36,30,72,42,17
12,55,15,47,56
57,32,50,52,23
4,56,34,5,25
37,47,33,34,29
18,39,21,87,15
83,39,45,73,72
57,28,85,88,61
47,33,75,58,7
52,64,6,79,62
76,22,67,36,34
66,30,62,2,40
2,54,3,30,4
51,11,62,8,22
73,63,39,34,81
16,30,83,49,4
69,63,49,23,38
86,63,57,67,20
29,46,86,34,58
65,49,3,84,62
28,8,47,9,12
33,14,79,47,23
87,67,19,88,78
32,36,70,76,57
85,84,12,60,39
72,15,10,39,31
60,68,30,14,83
31,79,53,16,53
76,74,0,69,68
57,13,11,10,5
73,24,82,48,53
19,6,10,32,64
75,11,17,84,12
48,82,59,6,7
60,46,67,67,78
36,27,77,52,39
30,25,37,81,84
80,49,6,24,30
76,64,2,11,37
77,56,5,33,46
23,50,21,85,41
29,33,66,22,50
36,76,40,82,57
37,0,57,26,77
36,70,50,44,49
42,51,9,29,82
69,16,74,33,37
86,56,60,41,63
19,33,54,19,86
10,14,57,15,40
38,74,44,62,79
11,2,21,1,9
7,84,33,7,66
86,29,76,36,28
39,37,10,12,66
86,88,69,5,71
15,53,63,20,32
6,38,80,5,21
26,9,72,48,25
15,54,54,70,66
88,88,61,75,33
81,85,38,58,68
61,63,10,61,23
78,18,22,34,36
14,51,28,77,65
15,32,79,12,70
60,87,22,27,38
39,26,2,22,60
87,86,61,19,37
6,2,75,61,88
80,75,40,84,14
74,41,67,10,75
81,73,41,53,44
27,38,41,79,68
48,82,42,14,88
70,15,20,22,85
18,17,63,40,69
23,14,29,64,57
79,38,54,26,50
57,24,47,73,70
61,6,57,66,66
89,7,16,89,3
19,5,88,56,37
46,10,34,78,78
16,20,66,28,0
18,78,72,15,19
61,82,10,37,55
14,19,11,53,37
87,71,81,63,28
7,46,60,11,43
38,13,86,41,63
13,57,5,76,20
15,28,79,7,12
13,77,79,13,23
86,25,52,33,50
76,70,45,40,60
21,80,28,46,75
33,24,80,4,44
69,63,68,50,31
43,37,83,11,70
77,48,26,5,18
2,38,42,80,41
87,14,35,15,39
12,31,23,8,19
21,88,26,6,44
68,43,1,19,16
26,14,88,3,27
67,63,51,67,23
3,48,49,89,81
4,83,21,52,60
32,85,10,47,77
74,25,76,10,22
82,68,45,61,8
58,81,45,0,55
73,38,79,77,68
7,35,9,20,82
26,33,87,19,45
32,58,50,11,5
64,25,44,0,55
63,66,34,80,23
52,66,37,31,69
77,13,39,41,45
59,25,49,25,58
89,52,61,89,23
15,66,87,15,22
32,70,25,83,18
77,29,33,38,75
63,89,10,0,21
9,11,62,56,85
48,84,84,69,42
67,6,28,38,2
78,45,58,22,25
12,81,81,6,20
80,67,47,0,83
33,88,15,31,10
66,61,28,37,3
23,9,7,6,20
6,81,22,43,8
87,30,23,48,23
63,86,51,4,86
56,23,75,85,50
38,7,81,61,87
57,0,46,45,0
44,77,23,55,24
79,17,25,61,65
4,40,8,79,49
85,12,40,7,17
75,69,80,74,80
85,77,46,51,83
35,79,53,83,10
53,54,26,24,40
68,53,47,85,55
41,85,3,65,8
2,70,17,36,13
20,40,78,5,89
20,80,13,25,29
7,61,8,81,46
33,37,44,21,52
17,50,86,17,85
59,57,61,69,71
79,2,58,28,20
62,89,84,86,19
86,40,61,86,71
19,78,26,68,0
83,43,46,83,87
4,77,3,81,51
1,61,56,68,0
87,38,43,41,62
10,39,16,69,26
20,34,53,56,24
37,48,35,1,53
67,58,4,37,16
34,69,50,54,25
4,37,5,1,36
69,46,25,65,2
46,11,18,28,57
65,75,83,67,48
46,55,12,14,50
11,56,28,83,63
38,20,77,6,32
12,20,88,44,18
42,13,49,83,89
88,37,15,57,1
87,20,79,14,26
59,63,45,29,11
38,67,11,11,11
12,39,82,42,82
53,50,58,21,30
25,79,4,74,43
26,23,17,8,81
45,88,29,51,23
69,6,67,6,37
21,44,52,13,84
31,37,51,10,87
57,48,26,85,53
51,67,85,35,67
89,25,52,72,47
77,44,71,8,75
76,16,12,42,82
75,58,34,55,26
2,51,87,9,78
71,62,78,56,42
16,66,25,4,59
5,45,46,19,8
67,78,32,34,54
11,52,69,33,74
22,20,29,13,68
81,84,64,34,49
41,87,56,84,38
14,77,79,58,31
25,13,6,45,43
21,64,50,3,88
39,44,1,48,50
75,60,43,82,31
80,6,52,77,27
42,30,7,82,7
6,64,84,6,75
4,60,19,42,73
1,25,45,2,44
31,20,41,20,89
21,62,44,65,27
32,40,63,1,55
26,89,0,63,54
13,71,28,72,11
47,42,30,57,65
62,54,49,13,45
83,76,84,66,58
48,27,69,36,84
53,64,66,40,7
56,14,74,23,0
72,7,18,86,83
23,5,28,26,5
14,51,6,49,16
12,1,41,22,76
60,43,66,31,69
28,0,17,18,18
28,21,71,40,38
44,22,49,67,0
35,89,87,14,68
83,39,71,27,35
14,19,38,56,51
83,44,13,14,75
85,56,9,41,15
45,70,77,84,77
53,51,8,19,54
37,60,47,71,5
84,50,69,8,45
86,21,17,68,20
17,10,50,44,19
83,4,44,9,44
73,42,48,13,5
86,28,16,34,31
71,77,83,47,89
49,59,20,31,28
50,60,42,63,39
66,73,37,33,84
78,8,71,78,57
83,69,71,66,69
69,54,44,32,27
28,89,5,85,1
80,20,2,13,3
2,15,18,44,46
1,56,81,57,2
29,16,37,48,42
76,66,72,43,1
42,43,81,82,75
38,13,1,56,75
59,46,18,54,69
6,5,41,5,80
17,67,10,65,26
4,48,49,40,9
11,5,73,82,54
83,22,60,32,42
54,72,82,35,9
57,4,73,7,33
68,19,60,25,21
18,25,59,18,35
60,20,15,88,14
67,17,13,18,23
78,50,28,16,20
12,51,45,6,71
13,77,9,0,80
59,25,27,75,29
30,57,39,41,38
59,31,30,41,41
74,80,69,2,0
57,22,54,69,19
8,58,35,41,67
18,37,39,64,80
24,52,83,89,49
83,62,51,21,23
68,35,34,39,8
31,17,83,68,16
23,59,66,45,23
30,50,1,56,32
73,26,48,84,25
82,88,47,43,44
56,78,23,22,35
1,30,63,35,52
89,62,46,34,6
85,77,12,75,42
35,7,81,4,74
51,0,86,38,83
2,78,20,68,37
80,88,32,27,46
70,66,46,5,36
71,27,32,30,9
79,2,88,21,25
26,19,26,70,28
42,19,16,53,5
81,35,9,76,29
82,59,68,55,37
37,87,81,26,85
70,59,43,55,30
37,35,56,5,72
17,62,21,20,59
87,35,18,8,87
55,49,20,73,66
12,80,55,65,60
74,87,19,83,54
20,38,33,5,1
28,40,38,47,6
48,35,54,58,8
67,50,85,89,54
12,22,47,34,0
6,37,34,39,32
79,32,37,53,30
42,69,48,68,75
50,34,57,8,47
37,72,89,32,50
8,2,13,21,20
89,88,42,1,79
50,58,73,88,35
78,63,11,61,70
0,65,23,81,3
47,56,71,34,19
6,72,14,30,61
73,54,46,15,67
8,48,87,31,73
89,84,48,45,30
39,56,69,17,63
10,58,45,31,16
6,78,10,34,36
32,14,50,63,43
27,62,82,30,47
35,43,75,43,26
19,1,3,88,78
64,21,47,49,61
61,63,79,30,73
6,36,7,18,71
15,64,43,74,36
86,65,86,87,49
27,26,34,76,2
3,29,14,26,32
54,65,19,54,9
84,75,56,55,88
27,68,51,54,33
56,40,4,33,25
52,88,29,77,5
63,1,6,43,55
34,57,61,72,51
68,58,40,40,54
7,34,31,48,30
66,88,83,9,38
3,66,80,61,25
24,55,87,57,66
70,88,89,67,86
75,12,51,76,18
61,83,47,22,87
64,78,75,66,23
3,74,69,74,5
13,25,84,85,63
4,45,43,68,83
19,43,24,20,13
33,71,53,71,43
52,0,12,20,50
89,2,2,59,7
42,43,34,9,25
39,83,70,41,12
44,68,34,20,58
30,4,13,58,78
4,82,60,8,73
6,15,15,21,86
17,44,66,85,6
88,13,78,66,76
20,57,17,56,24
14,20,61,68,16
81,23,49,69,72
32,68,82,73,52
10,0,16,25,59
17,81,56,9,86
74,14,29,39,41
43,11,87,66,57
86,70,54,81,1
2,21,3,64,80
31,43,14,28,73
2,33,65,11,22
52,88,3,44,73
26,28,25,37,36
28,22,63,20,1
22,27,67,14,37
59,46,39,59,20
39,15,71,43,29
64,73,66,67,61
68,39,55,46,69
82,49,78,42,72
33,30,28,40,10
59,10,52,71,50
0,27,20,15,26
43,35,71,76,66
6,16,2,54,5
73,77,7,84,75
50,27,24,11,58
48,6,67,58,48
60,76,22,2,66
17,10,9,32,44
89,34,8,62,44
77,61,27,21,28
79,86,3,42,87
23,70,1,9,47
84,14,27,60,70
88,38,29,81,60
7,66,18,32,63
47,87,48,1,14
52,45,10,33,27
5,49,32,2,73
51,4,50,26,30
22,56,14,34,23
55,6,23,77,51
50,51,69,76,51
70,9,64,60,42
66,72,48,18,35
69,60,18,53,20
67,89,83,36,31
10,2,49,55,51
57,69,63,72,73
55,20,37,88,67
41,60,87,49,34
68,16,31,62,4
77,4,23,78,1
12,16,4,25,9
21,89,20,5,45
31,31,5,23,74
53,73,35,50,16
26,36,44,43,10
49,39,41,19,12
1,49,20,88,37
78,4,71,80,82
44,61,47,73,38
69,87,62,67,5
23,76,8,60,82
6,33,59,41,19
1,9,27,36,70
19,82,27,29,31
61,28,34,28,76
72,42,10,16,77
37,14,44,77,69
53,38,83,70,25
41,53,64,13,81
51,62,48,24,73
39,15,67,71,76
40,84,67,45,50
69,78,25,59,77
44,40,27,15,56
2,73,43,59,24
24,13,25,89,49
7,6,6,14,18
11,87,16,34,21
71,46,83,1,54
30,34,20,61,62
17,83,74,83,71
37,38,84,7,38
26,88,32,40,37
33,82,78,51,55
42,80,53,39,20
62,58,77,57,27
4,4,41,57,20
54,14,55,48,85
59,86,2,39,84
27,49,83,82,87
32,66,71,50,25
7,74,50,50,76
12,6,48,6,66
84,79,4,63,8
37,75,0,66,37
59,84,36,23,35
40,44,4,32,3
27,39,33,30,1
13,21,77,30,71
66,70,67,39,11
71,26,51,71,22
85,59,3,32,53
81,58,8,59,25
49,16,84,85,63
17,0,73,26,48
80,62,40,61,82
83,21,8,11,19
65,15,6,65,1
52,43,23,79,8
41,88,77,66,53
70,28,9,58,39
71,56,68,6,11
78,42,48,20,76
26,38,68,31,19
58,50,36,63,69
33,10,72,27,24
74,25,17,8,26
29,25,27,40,63
45,61,62,52,75
50,36,19,24,20
85,73,64,68,24
9,59,37,7,77
89,69,62,21,43
43,7,51,46,42
69,25,9,45,45
78,46,74,63,76
8,82,30,52,20
13,0,82,50,51
30,6,34,23,64
26,25,1,59,55
17,3,78,66,6
37,8,20,20,12
58,54,58,77,29
22,17,58,64,0
0,48,9,41,74
59,86,27,30,77
61,43,24,6,81
87,60,43,87,3
69,65,2,7,74
3,8,69,38,15
65,55,28,34,77
56,83,24,14,25
60,56,76,44,62
63,77,44,50,48
70,13,19,74,54
52,43,84,63,36
29,3,48,27,8
87,28,84,10,24
77,6,42,70,4
15,28,82,17,22
71,0,5,75,6
22,23,46,16,60
8,10,35,37,13
0,45,76,56,29
35,29,54,87,68
76,61,29,67,69
30,10,39,29,34
74,43,76,32,20
55,4,38,50,6
38,70,74,81,48
38,46,83,34,26
0,68,7,78,32
2,14,80,80,74
51,1,30,69,34
85,33,67,30,33
57,13,88,64,1
24,68,12,63,9
67,21,33,85,30
1,12,19,14,78
36,62,74,24,21
47,3,59,29,52
67,3,67,48,21
20,78,68,52,19
12,82,14,82,77
65,60,51,60,87
13,42,64,38,62
78,55,10,25,64
35,83,52,84,11
11,26,84,78,59
58,58,86,6,57
82,66,8,87,37
14,1,15,40,44
69,28,41,55,52
84,4,65,21,77
22,86,40,72,29
50,13,37,64,57
54,66,40,0,37
36,7,14,3,21
4,43,15,32,86
11,71,74,28,33
73,41,89,57,20
16,89,59,68,50
47,38,15,17,39
58,80,30,64,40
69,75,13,15,28
24,42,56,5,74
71,42,46,47,54
65,30,82,42,18
25,38,3,50,13
33,9,2,4,54
32,63,59,39,85
23,13,44,20,13
81,20,24,79,50
33,1,20,74,23
30,11,30,73,78
84,29,44,22,15
52,25,83,17,70
89,61,5,19,5
52,59,80,86,40
35,54,73,67,79
64,31,78,7,64
70,24,26,4,87
26,82,41,21,71
20,3,82,12,43
86,15,80,17,3
46,50,22,84,64
34,38,49,32,72
2,39,61,56,45
4,44,77,25,1
31,77,40,77,70
61,49,29,57,10
59,75,72,28,6
76,79,36,71,18
47,16,30,62,39
78,85,48,20,55
54,85,36,57,81
85,61,2,12,72
41,21,15,34,29
3,14,52,41,35
82,63,3,60,75
28,8,23,8,28
57,5,13,78,46
53,48,1,0,45
60,7,63,83,31
87,47,58,36,63
74,17,48,31,80
47,7,77,7,31
27,71,89,68,66
86,20,88,78,6
78,29,13,54,68
44,35,4,24,65
57,67,88,53,82
66,13,75,75,58
41,32,38,0,31
45,42,72,0,55
74,44,62,24,52
0,20,53,33,11
8,56,29,46,8
47,86,83,50,49
36,13,42,83,11
46,71,53,13,84
26,57,65,13,81
20,36,16,79,38
46,50,64,35,2
70,50,19,12,10
89,18,17,83,74
19,89,32,1,52
85,65,64,51,0
38,20,4,85,67
10,62,4,1,6
24,36,74,84,1
58,76,31,75,26
3,24,15,65,53
0,81,15,73,10
34,36,9,52,87
55,45,71,87,44
52,71,51,72,19
57,46,48,64,43
16,29,60,41,35
7,70,49,34,60
83,69,16,18,56
53,10,26,76,7
43,27,80,3,26
53,27,31,56,50
78,56,9,47,83
16,14,76,24,50
4,4,15,76,17
55,55,68,6,1
49,19,68,88,75
50,79,36,78,41
20,39,28,53,51
87,7,37,6,75
17,70,1,75,69
48,26,16,83,16
70,66,45,24,72
41,30,65,11,44
31,71,67,76,25
88,58,49,2,32
24,19,46,62,41
65,57,19,42,17
56,11,0,32,67
79,62,13,82,14
84,76,15,79,61
36,70,79,8,48
59,35,89,78,46
81,85,87,23,24
67,41,30,73,69
10,13,57,47,28
73,87,63,68,61
29,31,28,85,15
75,23,49,4,82
32,88,79,35,40
68,38,32,0,81
85,70,50,9,67
1,39,35,55,15
55,60,87,59,23
59,30,61,39,13
67,54,48,76,68
40,74,72,44,87
27,34,14,1,48
8,71,57,50,67
27,75,66,87,7
70,79,47,67,17
81,27,64,11,26
84,60,39,68,74
22,22,72,2,57
71,47,60,40,72
27,79,39,79,17
48,38,12,22,30
7,76,39,71,31
35,1,23,16,15
78,40,56,34,31
51,73,86,47,28
29,19,73,20,2
10,30,81,11,40
1,44,37,24,52
6,67,11,45,84
71,30,66,9,74
81,24,45,78,7
67,5,37,20,87
55,0,56,52,73
25,39,62,70,43
0,66,43,7,82
58,25,43,42,20
67,42,33,26,1
71,88,83,74,77
13,60,4,36,38
31,1,6,41,83
56,30,29,65,8
62,13,17,79,75
28,59,19,1,12
41,54,82,2,35
67,87,70,2,4
34,75,15,24,12
13,35,38,78,78
66,56,51,81,16
76,30,11,46,15
44,26,14,86,66
18,32,68,9,80
21,11,39,80,82
28,66,74,84,56
14,50,80,79,32
76,8,64,34,81
88,87,37,33,84
19,62,1,2,2
0,31,79,52,6
8,10,66,21,71
56,76,30,26,22
19,46,1,31,25
22,46,53,69,24
73,46,51,88,45
23,74,18,22,58
13,66,62,74,80
67,3,61,13,54
4,75,0,76,42
32,52,62,73,11
85,51,56,38,5
51,3,81,82,75
76,54,86,61,53
22,65,42,1,38
23,65,86,47,40
10,77,72,30,20
50,23,62,52,39
40,27,22,25,63
39,14,27,19,28
19,41,59,10,8
27,0,58,86,10
16,59,3,58,51
79,8,71,12,66
64,48,16,83,66
51,42,32,25,45
58,64,14,32,16
79,83,64,13,52
55,20,65,0,23
29,3,64,53,79
68,4,0,79,4
65,5,14,19,45
19,24,28,26,19
29,64,87,81,9
64,65,75,59,46
52,8,85,4,33
12,49,71,21,88
79,41,15,75,42
6,63,38,46,77
73,40,79,43,71
24,87,6,82,57
49,2,28,57,61
87,33,82,57,36
61,76,65,58,74
75,0,19,51,67
82,77,72,30,47
82,25,12,71,57
66,69,71,22,11
16,15,57,19,14
1,88,82,26,15
81,80,15,61,57
35,13,19,60,23
60,3,24,89,81
65,57,1,76,80
53,12,3,17,12
68,81,26,55,61
42,46,82,18,23
43,8,49,85,49
10,10,20,59,41
89,19,49,47,33
66,63,48,48,22
9,83,89,81,88
26,81,52,49,80
32,51,72,62,55
61,62,40,19,71
78,81,61,15,34
8,52,12,64,49
82,71,0,75,29
48,3,14,84,9
85,64,67,7,79
38,27,14,62,76
28,26,77,68,69
71,32,88,19,88
80,49,86,76,7
31,47,70,40,38
66,42,22,12,14
9,86,31,35,14
44,8,41,26,2
43,78,10,82,58
83,2,30,0,79
14,34,89,45,34
33,40,32,27,52
51,53,47,59,38
60,2,36,74,22
82,75,72,61,30
3,89,14,74,11
45,34,55,87,66
65,35,10,30,57
59,80,9,2,61
87,36,81,2,2
13,55,15,30,86
44,68,15,60,68
34,53,83,9,62
65,86,61,43,54
69,15,66,32,86
44,68,25,88,28
38,85,11,49,32
80,5,2,49,7
20,0,39,22,71
4,57,89,48,4
33,34,63,14,1
50,4,18,18,29
36,5,76,45,39
15,46,33,74,20
11,4,60,45,52
50,58,70,40,77
9,48,51,80,29
43,30,85,4,58
48,11,74,76,35
86,63,57,2,26
53,33,55,45,8
62,80,77,36,56
14,68,59,33,50
29,49,83,36,0
2,26,57,50,20
7,57,28,16,49
19,68,5,25,78
11,69,55,40,14
14,40,75,70,21
43,55,15,13,32
47,51,3,21,7
0,46,54,22,11
82,86,28,40,24
59,81,43,3,33
31,82,66,63,8
61,77,68,72,32
39,1,65,44,79
47,52,23,77,59
26,89,50,78,23
89,0,56,77,88
54,0,30,66,78
64,8,39,46,24
72,56,8,71,27
65,87,72,69,40
70,25,27,81,28
29,52,86,85,31
31,28,43,44,82
88,42,48,51,21
7,27,58,59,8
61,52,14,54,26
82,15,66,71,70
15,76,7,74,62
35,53,74,54,51
88,63,20,11,69
77,67,75,35,57
86,41,52,67,15
34,25,23,66,66
66,0,83,75,53
13,48,28,51,30
66,85,21,88,18
33,88,48,77,40
15,83,42,75,63
0,69,84,50,43
55,12,68,34,28
52,26,0,38,18
4,2,2,11,45
62,77,31,25,58
42,78,10,31,23
49,63,72,71,20
59,63,3,45,75
61,84,7,7,5
82,72,40,7,56
45,38,27,55,58
41,50,6,51,57
35,44,72,11,38
19,43,44,19,46
39,84,31,77,47
10,73,55,16,53
68,18,75,85,44
54,62,86,52,56
87,18,30,40,72
60,19,71,34,56
78,49,82,1,40
53,72,21,27,51
61,53,0,9,60
29,57,15,62,50
79,81,87,32,69
25,13,52,7,47
68,32,52,51,18
52,4,44,62,48
54,13,41,44,89
78,72,9,84,7
35,59,48,2,48
76,9,56,66,52
38,88,25,13,21
10,74,78,29,71
27,4,49,31,68
72,16,86,56,48
85,47,38,39,60
86,73,9,8,77
3,32,9,79,38
56,39,59,20,80
65,70,27,36,13
5,55,75,15,64
51,7,56,7,12
59,62,54,15,10
79,16,30,28,69
54,73,38,59,77
22,11,70,41,78
20,42,2,89,33
68,16,0,50,78
4,26,53,68,60
21,43,84,58,74
47,33,88,44,24
63,79,73,58,34
87,20,77,67,50
44,28,58,13,73
59,66,64,60,41
35,57,4,21,12
3,81,32,48,88
78,26,40,73,7
77,64,58,74,12
35,23,24,87,69
1,4,62,55,24
34,78,6,33,66
52,89,10,19,9
67,62,34,24,42
79,21,85,83,41
17,4,81,14,14
16,24,81,66,1
18,6,26,3,81
16,51,28,13,79
38,63,48,73,27
12,31,28,38,69
30,0,21,44,54
0,20,63,61,80
87,2,43,84,55
84,86,86,77,72
52,49,64,26,78
46,89,73,44,22
0,75,28,85,19
15,36,79,22,71
26,63,2,13,4
7,12,86,73,4
69,61,55,18,82
49,14,86,40,43
21,6,16,19,53
8,62,18,52,34
37,45,72,43,42
54,62,7,72,27
27,16,15,30,15
63,69,51,16,39
1,76,55,14,11
33,13,5,15,89
10,70,71,23,51
82,79,64,59,50
57,65,6,39,31
43,40,2,88,50
35,78,65,77,6
54,34,84,64,34
7,77,39,85,47
66,35,71,22,72
25,74,45,86,43
24,37,76,39,61
27,13,64,28,79
21,27,39,85,59
13,72,19,85,89
32,54,75,30,48
19,14,87,75,35
13,23,59,32,49
34,40,66,83,50
48,24,45,44,76
32,5,77,30,33
47,34,56,15,51
49,46,57,52,2
18,79,56,83,7
62,13,8,44,13
2,84,5,67,24
10,72,29,73,17
81,35,75,80,28
55,67,16,15,64
18,64,24,86,70
56,7,29,1,77
82,58,5,2,37
19,40,38,49,33
31,51,27,83,46
67,65,7,65,74
86,83,2,15,48
23,30,72,62,13
21,81,36,24,72
74,57,76,43,44
76,23,58,7,44
76,32,12,19,89
68,44,26,89,86
82,78,13,17,4
87,20,40,50,34
49,52,27,2,43
24,58,21,42,7
60,21,56,31,74
36,12,48,80,31
72,32,57,8,70
59,46,83,3,85
12,9,21,48,24
57,77,27,67,1
53,27,71,5,55
26,70,30,18,20
88,31,27,40,41
82,41,78,25,10
44,46,44,51,24
6,21,34,50,9
57,63,82,69,6
74,44,23,0,59
73,8,44,42,64
85,75,82,86,47
59,44,37,54,8
37,33,21,4,69
22,29,0,40,64
36,27,0,72,76
2,41,11,78,8
80,39,58,15,57
61,80,28,67,55
27,18,47,86,57
85,39,8,82,59
1,52,72,64,26
48,75,71,66,18
57,4,78,74,75
13,48,6,87,54
57,69,55,2,88
18,79,47,25,58
33,76,64,32,60
78,0,16,29,5
24,58,27,35,8
10,11,51,49,9
48,12,19,3,74
83,44,15,80,28
72,20,35,60,32
1,13,32,16,78
88,43,63,33,23
16,55,54,33,19
46,86,48,30,84
75,80,54,46,56
21,34,26,60,48
5,11,61,27,45
55,27,41,59,85
26,61,83,43,20
51,58,51,33,68
78,12,7,26,7
67,65,51,80,76
57,68,57,14,74
4,69,21,60,59
2,76,16,43,57
7,40,29,11,54
87,79,51,88,35
86,45,2,19,67
49,14,40,57,86
85,79,75,34,11
84,52,13,58,74
53,20,60,19,89
56,4,36,36,74
31,33,5,87,31
53,5,12,73,88
28,50,48,1,63
27,33,11,40,78
70,37,21,36,14
81,84,15,72,1
49,69,46,73,22
18,86,86,5,0
46,8,73,70,61
23,2,82,59,88
70,59,61,11,81
79,22,78,84,64
74,72,87,63,86
76,23,50,9,31
58,48,12,51,50
80,21,84,2,88
64,54,28,70,74
18,55,31,64,51
78,13,0,82,19
60,16,0,72,84
27,18,8,20,35
35,81,73,81,83
82,23,26,62,1
54,31,36,36,58
19,10,54,62,78
53,88,22,48,36
78,47,20,77,37
58,5,42,55,51
9,37,12,35,30
39,59,17,56,85
44,49,49,37,34
74,78,10,5,82
12,86,77,72,3
47,77,52,10,87
27,40,30,81,70
34,69,9,52,21
41,63,49,8,42
53,58,42,2,65
23,9,2,69,7
68,4,41,10,30
88,44,66,58,44
33,37,17,75,2
63,8,33,53,24
17,24,28,41,23
7,49,52,67,46
60,51,87,20,75
36,85,81,2,20
6,32,7,47,11
42,71,53,9,44
17,75,30,63,9
12,61,11,60,83
59,40,45,12,33
65,2,1,79,48
3,0,0,36,61
39,4,1,87,15
13,86,51,66,74
37,88,18,18,77
2,68,72,82,37
2,25,29,12,17
74,58,25,70,24
54,76,1,76,42
77,61,69,72,51
36,68,63,61,4
31,2,78,4,51
13,22,38,38,3
5,0,42,13,42
13,0,6,37,7
8,82,4,22,89
52,29,10,88,71
35,37,89,14,27
12,7,50,82,37
73,45,54,89,36
20,83,74,78,27
51,29,70,53,82
68,58,8,64,66
61,9,47,32,47
56,24,63,69,5
24,59,58,21,26
47,40,75,17,15
62,74,80,36,6
68,17,81,54,43
56,77,89,86,3
78,61,8,16,2
24,57,21,40,48
50,15,15,73,52
71,76,30,77,41
29,14,24,42,57
42,78,34,8,83
63,3,55,15,79
25,31,33,57,76
61,78,41,63,34
37,58,37,61,74
13,62,87,57,27
31,78,88,76,70
23,12,1,69,88
87,7,30,72,44
51,79,36,60,68
31,59,18,87,34
81,88,88,73,0
20,86,24,45,82
81,86,22,57,66
52,84,32,19,26
67,85,56,7,37
6,51,33,52,7
60,31,40,59,5
3,35,74,9,45
83,70,54,10,34
42,72,9,64,41
75,48,89,69,23
30,11,10,38,81
24,72,19,3,1
57,25,30,2,49
46,35,68,57,49
45,35,6,32,87
6,4,8,62,14
41,72,5,12,24
2,31,3,35,0
17,77,17,34,17
10,20,4,51,4
16,4,30,57,24
67,85,36,41,62
53,5,49,14,67
59,59,40,22,10
43,36,28,13,26
0,6,19,64,32
56,21,33,67,70
18,62,68,44,26
30,77,52,60,82
38,83,60,46,41
33,67,37,19,14
71,21,85,42,47
66,45,60,24,31
60,67,74,5,19
18,63,35,2,70
4,78,81,70,40
34,1,71,6,16
56,1,33,4,62
26,88,56,26,50
21,55,19,18,29
34,48,43,83,68
5,67,57,56,7
71,54,34,18,78
26,17,87,7,22
44,6,66,9,86
19,35,41,45,20
23,7,72,21,30
13,18,28,12,8
7,52,79,43,33
30,89,84,71,85
38,50,71,82,40
41,31,66,48,17
43,33,36,75,24
2,53,42,28,25
6,15,78,42,86
84,25,38,78,39
81,85,39,22,53
70,73,62,84,1
69,36,10,11,84
24,83,4,81,80
7,73,88,2,40
19,18,26,50,52
1,56,84,33,69
52,20,8,29,41
89,75,0,59,14
38,86,79,19,13
26,72,28,82,78
8,8,21,10,4
43,77,43,47,5
88,11,3,54,70
43,34,34,25,81
78,87,7,47,21
35,15,65,73,74
84,20,10,25,9
20,12,72,33,18
3,8,45,71,68
66,47,9,36,87
6,60,48,81,8
64,0,72,20,82
64,86,35,39,2
35,27,66,1,39
89,50,5,80,56
67,45,67,49,89
30,77,41,12,0
65,87,60,57,19
37,81,84,65,12
53,67,28,33,61
17,26,10,79,73
43,27,50,6,0
82,89,27,3,81
57,27,29,87,27
55,39,29,34,59
67,84,11,83,69
70,25,17,6,81
42,86,15,89,20
0,74,88,78,50
70,67,50,76,65
71,2,45,71,75
36,27,43,42,78
7,9,49,84,10
83,2,80,23,51
84,42,22,39,28
79,26,57,27,27
62,45,80,88,3
88,22,39,3,53
62,77,20,72,83
48,26,26,84,70
64,23,55,9,53
56,29,36,63,43
72,84,37,54,33
76,9,51,37,30
28,19,2,68,76
7,51,29,20,58
73,21,89,19,32
69,23,16,55,53
45,71,7,52,40
72,62,46,39,42
65,82,30,12,32
64,16,60,35,70
19,4,17,64,30
30,64,8,47,51
56,58,54,67,5
60,83,78,67,80
77,46,18,83,60
37,52,49,37,33
71,37,21,84,44
5,50,73,7,86
73,50,48,35,61
74,61,41,73,18
34,65,3,10,38
8,25,13,26,13
83,88,7,60,2
67,77,22,81,56
18,6,15,1,27
46,41,64,19,50
60,51,61,36,71
15,14,51,86,84
62,7,61,33,11
5,70,23,25,10
11,32,34,14,6
73,57,70,39,69
42,6,21,22,7
64,54,58,82,46
6,1,72,2,77
80,38,1,0,73
57,70,86,26,79
19,88,66,11,31
37,50,20,31,61
16,49,22,79,71
69,8,86,67,46
26,73,58,21,45
53,21,67,33,38
81,9,11,26,7
53,79,74,35,49
28,55,40,27,48
41,79,73,32,71
88,21,19,56,79
68,87,58,83,31
63,50,46,42,39
36,40,10,49,61
25,80,5,24,47
72,77,85,32,48
75,18,75,20,40
68,16,2,32,38
13,54,86,26,63
34,62,1,26,10
80,83,50,71,81
48,74,64,7,37
74,10,5,9,63
32,68,55,52,72
85,10,0,28,75
61,87,52,27,8
23,12,58,6,83
17,32,43,49,84
73,1,78,19,80
49,23,77,86,56
10,83,43,9,47
70,73,86,36,69
12,6,1,43,66
81,66,79,13,0
59,85,71,50,17
30,75,46,21,66
15,66,56,35,10
59,61,49,82,88
13,45,35,87,77
53,24,43,73,71
35,31,31,25,3
8,34,20,31,73
45,68,3,3,85
85,19,43,67,10
9,16,28,11,3
53,29,89,48,85
22,12,43,70,83
14,37,63,66,37
81,89,26,3,56
68,6,47,1,66
22,62,38,36,20
4,43,78,50,81
65,68,43,63,10
45,78,69,83,74
86,18,21,13,59
80,73,81,52,48
55,14,74,33,80
72,4,40,9,68
77,7,6,41,65
83,80,12,53,79
1,89,5,2,24
4,43,80,59,75
16,44,53,82,11
53,57,53,89,66
58,45,9,9,6
65,1,59,72,86
2,39,84,28,19
83,2,69,87,73
38,33,89,48,70
54,27,72,77,75
56,74,40,35,4
10,81,57,55,21
54,67,34,81,79
50,37,3,31,58
82,34,41,72,56
73,41,77,65,36
80,17,68,1,45
41,74,68,40,82
87,23,23,38,46
1,2,83,40,60
8,15,78,55,72
13,80,21,89,73
74,33,46,50,55
84,70,21,83,29
39,51,21,40,27
78,18,15,28,69
18,78,85,80,37
49,28,59,39,44
16,36,37,56,80
39,40,65,57,89
55,47,48,7,36
64,28,64,17,6
89,77,21,0,6
34,4,47,16,33
1,29,84,11,3
77,39,26,85,79
11,21,83,26,29
73,84,47,72,34
79,69,48,89,87
2,5,56,86,86
60,86,7,72,77
31,75,69,42,10
75,10,62,20,63
49,20,55,59,4
49,7,31,61,28
58,73,24,21,38
25,19,34,84,51
60,4,22,75,85
45,29,86,10,6
1,41,25,86,43
42,58,85,89,50
69,50,75,23,39
43,36,55,41,23
74,54,19,75,59
65,29,40,23,12
4,72,48,57,66
75,89,68,39,5
27,52,43,80,23
7,30,53,60,54
74,78,7,5,10
58,58,4,87,68
88,6,54,59,22
29,42,73,46,85
5,88,3,23,22
89,68,65,29,81
80,77,42,62,48
56,14,26,82,21
10,18,75,49,31
72,32,43,54,14
63,51,56,15,48
43,85,48,28,31
64,77,45,44,58
83,37,72,67,82
29,50,48,3,10
71,20,85,6,48
69,8,45,11,52
26,59,61,71,71
55,31,38,57,45
36,36,45,20,85
86,64,73,74,78
25,65,78,7,66
31,89,17,35,78
55,36,50,25,78
7,66,8,37,70
79,75,41,16,88
19,75,50,78,54
3,16,13,24,27
15,87,49,84,43
9,68,38,43,87
51,21,57,39,70
64,79,47,25,52
50,43,41,3,38
68,45,60,85,2
4,43,22,52,15
57,16,87,69,59
22,41,43,1,54
38,15,24,47,52
2,82,0,79,75
76,84,7,66,51
67,43,28,38,37
71,23,44,12,79
86,21,79,73,87
82,86,14,88,8
13,57,37,65,1
57,32,81,74,44
89,38,0,8,74
86,57,63,38,76
10,14,87,72,58
75,44,83,75,36
48,18,43,37,9
28,32,69,47,17
39,77,7,14,61
5,83,88,11,16
62,58,10,67,14
54,77,63,5,76
15,36,64,16,19
63,47,44,51,40
28,87,59,52,34
59,17,62,25,7
16,86,63,85,88
52,29,80,58,19
58,28,61,23,73
13,59,48,84,14
11,16,18,18,38
72,47,70,80,42
43,41,31,8,30
56,85,7,58,27
68,73,35,62,5
39,16,58,13,16
19,69,28,21,11
2,79,47,75,86
12,15,6,38,40
80,47,27,1,87
22,3,14,6,89
79,24,48,16,11
16,8,49,72,51
54,78,69,42,19
26,19,30,78,3
9,34,63,88,72
42,77,42,47,61
75,29,35,15,47
20,50,0,78,31
61,79,19,25,41
20,27,32,4,85
28,9,8,82,87
73,45,10,6,49
31,51,50,77,89
42,52,60,43,87
22,35,29,76,62
41,86,4,5,33
87,62,30,2,61
39,12,38,67,38
67,89,2,6,61
46,43,72,8,23
78,78,9,40,12
27,82,21,38,22
89,75,79,54,72
9,25,67,36,4
11,46,11,28,21
60,9,40,53,77
3,18,63,47,31
71,74,20,79,89
78,49,37,42,29
14,87,42,74,6
53,48,85,37,51
82,28,5,38,25
55,24,5,7,39
46,72,44,85,30
46,10,85,43,61
41,48,33,79,24
66,55,59,35,28
28,40,16,27,83
42,20,57,50,76
38,27,52,44,79
0,19,29,34,20
13,80,5,55,84
28,88,55,60,41
16,54,11,81,40
24,73,80,57,17
9,64,21,25,59
33,8,53,60,74
13,14,14,74,43
61,49,47,87,34
2,64,54,56,24
36,1,5,55,57
50,12,28,85,12
46,4,42,1,78
1,21,87,39,2
13,54,63,6,75
29,32,54,1,42
56,87,6,69,9
70,6,42,78,45
39,48,32,76,69
44,70,23,7,47
80,78,80,58,80
40,64,64,66,56
42,23,26,85,29
49,50,58,52,32
16,13,83,62,33
35,66,33,23,77
85,77,69,87,53
15,68,52,19,20
71,71,56,77,40
7,77,83,52,56
3,57,52,63,43
15,84,2,54,74
67,23,51,17,13
21,39,88,82,77
76,16,52,13,23
83,20,76,29,24
48,86,46,14,6
77,29,4,3,44
44,73,38,16,38
20,8,88,67,28
32,75,87,40,61
50,59,52,88,31
85,6,77,27,33
54,51,39,79,61
50,11,3,28,43
87,69,25,50,5
12,68,33,74,46
28,62,35,88,64
11,26,40,6,31
25,54,53,50,14
88,63,0,0,19
38,68,17,17,80
5,41,48,59,82
78,62,88,34,67
52,23,63,20,63
17,35,75,79,76
78,61,59,4,32
49,43,6,50,88
24,5,56,49,41
28,30,89,27,84
1,82,10,61,48
60,22,30,7,64
17,45,54,54,55
85,2,58,23,38
6,46,5,52,24
9,61,88,48,36
56,15,38,14,89
39,19,22,10,19
63,69,2,3,84
9,44,45,1,4
63,51,73,6,54
17,6,56,66,71
3,29,56,11,25
46,81,22,34,17
70,86,43,21,9
52,33,88,53,39
19,75,84,47,60
37,38,69,72,48
12,79,19,78,88
33,85,63,19,30
56,27,60,50,40
34,36,39,83,17
68,11,32,53,74
12,3,39,34,57
51,77,78,59,59
50,85,69,0,60
81,76,4,65,41
27,76,64,2,56
72,87,59,28,66
12,84,39,36,67
57,32,17,75,3
53,31,45,67,53
50,20,25,9,52
5,12,30,52,76
9,51,2,68,32
28,35,48,68,55
26,69,36,52,11
38,51,25,15,48
30,80,65,68,88
48,57,54,45,45
4,7,27,63,14
22,74,19,13,61
34,32,40,12,81
15,87,27,33,61
74,2,71,80,85
60,41,49,79,87
43,8,47,10,28
66,26,42,89,38
13,60,43,56,85
5,70,24,0,85
45,83,59,51,24
46,13,43,86,48
37,83,26,12,42
83,84,48,74,37
53,78,70,40,0
20,37,22,46,40
49,0,20,81,36
85,45,5,67,43
46,11,47,61,22
47,22,71,52,55
76,61,41,58,74
37,0,47,36,63
9,1,45,47,63
10,35,16,77,52
61,32,38,48,87
81,34,11,51,1
35,9,47,87,6
14,80,71,7,15
77,11,40,28,25
4,89,73,28,4
19,54,4,86,33
31,27,57,32,70
50,67,20,44,80
17,18,50,46,50
60,4,20,16,10
7,32,1,27,17
41,23,72,63,39
34,8,49,65,56
60,76,49,76,41
68,69,89,47,6
78,20,14,10,89
83,67,56,68,6
16,11,59,76,83
4,27,23,83,53
88,8,11,5,14
8,50,41,31,15
15,11,66,18,82
10,38,11,3,75
77,40,20,78,71
69,20,32,89,20
68,29,17,52,72
10,61,69,81,0
46,43,25,11,86
9,1,81,37,7
70,25,13,11,24
36,86,2,79,12
35,79,89,12,2
55,88,63,45,54
56,35,2,33,59
52,73,85,86,25
88,75,58,25,13
32,15,30,11,46
67,83,68,76,48
64,49,77,8,10
8,48,79,70,17
57,43,46,3,76
24,46,37,48,70
42,30,63,52,45
45,32,69,82,32
4,34,11,54,35
43,20,7,60,5
10,81,36,76,72
58,29,89,30,56
44,88,73,14,10
22,23,38,15,35
63,88,39,70,23
34,66,29,42,17
31,63,2,55,19
22,22,87,65,26
53,24,12,48,7
78,16,56,3,40
44,89,50,7,52
8,9,59,20,20
35,70,44,25,20
44,3,9,82,37
52,34,10,38,68
48,27,74,80,21
75,37,44,87,16
31,31,63,17,87
87,35,30,57,77
49,84,6,77,88
2,62,32,44,64
31,77,29,35,81
54,3,65,38,50
0,33,64,5,11
68,34,26,79,34
33,38,61,4,6
31,71,17,58,60
20,51,16,30,78
45,0,85,62,84
25,38,69,65,66
13,16,30,14,38
54,73,42,39,2
68,61,58,15,53
61,51,42,83,49
13,29,2,58,31
75,49,39,24,0
54,70,51,61,37
68,35,24,70,18
58,6,9,60,50
87,85,12,20,53
77,31,43,46,15
9,66,86,0,53
38,78,22,8,46
8,1,20,51,35
47,60,3,31,17
41,75,71,84,25
57,68,67,49,64
77,49,51,67,61
76,9,16,16,50
44,61,72,17,78
5,76,0,48,53
79,75,31,76,25
45,76,24,40,71
14,75,26,29,8
29,13,46,60,52
58,49,23,9,77
45,85,54,35,35
51,72,45,8,72
67,86,66,10,73
48,13,21,81,33
48,46,26,89,77
47,64,63,25,72
58,42,29,77,88
7,22,80,82,24
66,53,49,29,37
20,60,24,17,19
70,61,29,64,70
67,55,3,77,11
67,75,82,1,2
83,31,47,22,30
10,51,55,49,85
12,46,27,60,44
57,19,10,86,84
16,64,30,7,25
59,25,32,48,47
60,66,68,86,62
24,54,20,59,45
36,82,21,9,4
87,75,70,69,77
52,24,64,75,24
69,46,26,16,57
30,37,48,61,2
30,82,83,20,62
67,52,31,58,78
22,79,37,40,38
82,82,63,28,16
62,86,18,1,54
30,64,11,44,67
47,31,60,62,48
0,7,75,73,49
43,75,47,8,73
1,56,75,27,49
67,45,10,19,47
74,17,74,27,60
57,37,48,5,47
52,0,33,19,7
76,5,59,20,61
78,4,3,24,71
41,37,6,60,87
5,45,74,20,1
29,52,84,40,68
44,72,73,78,32
51,36,66,61,7
54,22,69,44,19
68,8,40,19,12
40,6,25,89,50
12,74,54,76,0
57,74,46,41,57
79,10,52,82,34
69,4,40,55,82
60,55,19,16,66
47,4,23,56,74
60,60,41,34,49
32,36,50,60,79
87,41,28,4,22
14,83,62,84,69
3,25,70,34,36
19,16,54,60,46
63,88,12,54,70
60,2,77,73,12
69,67,9,38,50
44,64,24,35,63
89,54,53,29,50
42,50,26,28,59
22,57,16,27,45
88,67,31,74,72
41,35,1,77,41
45,20,23,6,30
82,57,33,4,52
76,70,29,72,33
61,13,79,32,46
5,53,20,69,88
2,80,74,27,54
75,0,30,23,61
36,50,29,89,45
8,16,88,52,52
78,64,39,71,78
5,44,36,80,29
59,46,46,83,4
9,4,24,80,39
67,61,15,73,86
72,48,61,67,72
25,63,45,62,28
59,42,77,88,5
76,78,37,24,84
60,77,40,51,79
56,63,82,33,57
23,79,27,12,47
55,72,28,89,4
14,60,60,57,8
48,51,38,6,34
54,27,41,30,63
59,73,19,20,88
31,50,77,71,66
2,60,1,50,45
27,71,5,64,24
89,16,48,54,83
6,62,77,50,81
24,0,30,70,61
66,24,12,9,17
25,86,35,86,26
70,54,83,6,28
13,76,5,77,55
36,38,59,18,67
42,87,36,46,83
89,84,75,13,9
42,40,44,64,79
35,33,63,44,64
0,18,64,19,20
37,69,45,26,53
9,60,14,2,31
51,30,75,34,85
50,44,68,76,89
64,53,55,44,41
63,61,89,25,21
54,14,10,43,58
52,18,63,77,31
33,74,15,55,38
76,0,3,58,72
60,30,83,5,52
46,83,64,57,41
20,72,65,47,7
60,77,43,48,52
65,40,31,51,35
44,42,17,27,3
24,58,55,15,17
42,24,10,88,32
41,50,30,79,30
79,41,54,26,50
74,20,0,67,86
68,61,51,36,44
64,37,68,24,75
14,59,4,34,7
28,56,28,29,8
88,75,84,63,44
87,53,61,33,17
21,89,25,66,0
49,87,28,9,0
35,46,44,46,14
25,37,63,43,62
38,89,75,72,50
14,69,21,47,81
9,46,52,77,40
17,41,62,1,52
1,2,48,61,16
17,33,4,20,83
40,19,83,85,69
77,50,31,41,19
77,4,11,30,19
51,67,12,46,52
45,66,56,10,50
54,54,43,46,11
14,81,3,64,88
60,44,4,25,15
62,83,75,33,65
11,25,0,65,51
45,13,74,39,53
18,37,60,64,11
72,15,51,76,45
48,29,34,20,70
42,65,38,63,13
5,37,35,59,20
62,51,9,12,9
48,5,56,36,62
3,63,71,52,80
48,70,83,88,5
86,6,47,56,73
18,13,8,28,79
14,63,75,29,23
25,3,39,4,57
73,45,5,58,32
39,53,4,69,49
24,78,41,47,39
10,12,3,49,32
47,79,85,72,31
89,4,79,59,25
19,44,4,64,26
61,71,65,33,67
82,7,38,43,6
69,11,20,2,0
30,83,3,56,77
64,22,85,12,82
80,39,69,18,60
31,74,38,4,13
72,57,58,33,4
82,84,38,62,67
46,14,54,68,20
86,77,49,26,81
87,34,41,56,45
84,75,25,10,39
18,19,49,45,45
68,85,30,10,5
29,9,46,65,84
35,65,81,1,4
80,58,78,77,18
49,84,68,12,47
8,15,41,60,37
18,22,0,57,2
4,61,89,34,57
89,57,82,49,89
9,17,44,15,69
53,74,61,62,39
24,3,24,50,51
13,57,57,16,65
13,1,77,66,69
62,68,36,49,69
22,80,55,82,79
70,40,15,5,74
62,44,86,78,53
28,60,2,51,36
42,71,29,77,3
46,71,30,32,47
59,86,74,63,80
51,1,85,33,38
22,26,69,62,46
16,66,46,89,10
71,68,31,21,61
82,58,54,17,51
44,41,53,85,77
75,3,1,71,54
75,56,71,46,69
80,19,26,62,37
75,35,14,78,71
79,60,39,24,48
30,14,71,77,66
88,28,16,22,65
83,57,12,42,29
21,46,2,32,24
82,72,28,43,69
43,65,55,87,36
38,66,59,7,50
53,53,3,81,24
29,5,74,89,18
9,84,57,5,3
26,65,74,58,40
85,37,83,56,38
54,19,3,73,57
0,52,66,21,6
64,60,14,53,67
88,70,55,77,37
20,81,67,59,8
35,68,41,55,1
41,20,24,31,63
52,79,69,12,15
64,25,41,65,71
52,44,15,85,37
47,75,74,60,69
72,65,9,35,21
7,48,40,51,63
5,64,40,79,50
80,62,23,58,48
41,23,56,21,79
56,75,83,23,12
40,28,31,8,66
48,81,58,15,68
58,32,38,83,51
26,57,51,78,27
44,3,13,82,46
49,60,78,21,72
11,3,65,0,33
28,12,54,32,31
86,14,85,64,36
44,69,82,0,38
25,54,0,25,72
12,30,76,7,1
6,63,40,74,82
6,85,11,68,44
33,28,86,68,77
13,7,4,66,3
78,82,30,56,56
81,41,13,18,25
52,0,73,5,87
47,23,7,52,17
85,15,79,85,83
6,0,35,56,36
54,33,11,46,23
89,52,12,25,20
64,62,67,84,77
54,29,68,68,80
39,25,16,15,56
86,49,85,84,24
1,19,89,10,86
43,89,23,83,15
22,75,51,33,68
47,41,24,19,37
82,53,89,9,34
38,64,69,49,11
29,77,66,50,40
32,88,72,17,40
36,50,18,83,25
82,30,83,58,81
50,48,4,70,62
84,54,80,89,80
65,83,29,87,67
70,44,46,2,13
42,13,65,51,9
63,34,36,40,2
13,37,6,50,17
12,18,47,47,31
88,32,40,13,11
65,81,30,18,68
86,69,24,83,63
43,51,5,53,70
21,66,37,22,71
37,82,29,59,25
36,49,46,22,44
75,44,3,31,19
38,42,76,3,4
54,57,71,31,61
76,60,89,29,87
31,83,75,15,68
57,40,38,5,11
10,79,33,39,74
4,21,79,47,25
42,7,54,21,27
74,14,17,20,6
83,10,15,15,32
16,17,64,88,64
23,52,42,71,26
49,37,39,86,19
46,17,4,40,26
52,65,72,41,69
72,87,20,63,48
52,20,26,36,52
1,56,62,89,87
39,48,18,5,40
0,82,56,30,67
58,0,51,56,48
70,86,52,47,64
18,24,56,75,1
77,4,75,64,80
42,9,58,48,82
19,83,5,30,24
66,20,60,38,72
73,7,28,87,7
33,35,3,14,40
49,66,40,73,71
35,30,1,37,73
19,87,10,8,29
53,25,43,73,57
28,13,78,40,37
73,76,66,51,71
29,23,85,7,65
50,65,18,27,2
80,64,37,14,51
38,33,25,1,6
9,39,52,40,39
58,75,9,48,32
23,19,2,0,41
77,32,82,78,78
31,21,27,78,43
84,38,53,6,50
67,57,89,41,64
76,41,22,53,77
71,54,79,34,58
38,88,23,61,11
82,58,15,9,76
14,76,0,43,88
1,16,47,26,25
8,79,35,26,7
77,68,10,65,81
17,42,29,53,22
14,59,64,84,63
84,54,5,61,31
59,1,84,70,50
63,49,54,62,23
34,40,54,10,61
41,50,27,59,60
11,56,61,32,28
21,59,41,15,73
72,73,24,75,34
43,20,33,51,62
30,70,72,69,69
6,57,6,21,11
88,6,81,42,31
44,7,1,87,72
30,64,78,64,17
81,87,31,41,38
51,54,20,74,39
52,12,73,43,2
61,85,5,50,27
31,25,35,26,81
57,84,44,2,5
87,63,20,37,72
13,1,37,5,67
45,70,65,21,63
53,76,18,13,66
0,49,4,0,62
83,73,5,54,9
62,64,55,22,59
73,55,6,48,28
19,76,50,26,43
68,65,44,40,17
17,32,65,72,44
42,7,18,78,11
76,27,38,46,32
6,85,36,41,68
33,6,11,25,15
30,82,57,63,27
28,30,22,18,21
25,28,84,62,87
11,34,47,11,30
86,57,50,54,5
64,45,22,56,1
26,26,72,67,63
25,18,8,1,15
60,21,50,5,19
45,6,44,10,13
0,75,71,60,39
83,21,61,75,81
51,9,23,67,73
70,83,64,26,19
3,9,37,70,51
73,59,7,23,26
47,79,55,56,75
15,54,86,86,46
59,38,79,47,81
44,41,53,28,31
11,34,13,68,7
15,74,61,40,46
61,11,41,76,80
20,34,62,67,33
45,42,88,37,69
77,28,20,44,33
31,86,41,57,12
86,65,61,33,11
10,88,70,75,31
11,17,25,21,13
70,22,39,20,38
52,84,5,41,74
33,41,48,88,79
3,22,70,41,87
5,22,75,59,59
51,54,88,64,57
36,89,49,46,42
37,65,16,66,61
46,61,59,1,5
44,19,88,0,58
45,56,50,59,20
16,70,86,6,15
27,89,37,84,89
55,60,31,33,10
47,0,53,20,82
58,5,58,56,74
43,29,25,44,10
53,76,86,71,24
61,88,85,86,61
83,44,25,86,26
40,82,37,72,71
67,51,9,9,87
70,85,29,40,65
72,64,6,3,22
2,20,11,13,70
40,60,34,63,4
85,11,58,35,73
89,20,21,68,13
82,67,47,33,27
79,72,23,33,42
85,39,89,20,87
54,9,21,30,17
69,25,17,42,15
0,85,36,32,11
36,8,86,39,43
87,17,20,14,54
83,4,50,24,11
6,13,57,11,8
30,68,5,23,70
71,50,71,44,23
8,7,11,74,2
3,75,31,88,64
89,66,49,36,36
50,38,54,53,21
15,80,70,33,16
42,33,4,66,82
41,32,60,26,79
72,53,41,43,38
89,56,66,38,59
45,22,55,65,6
44,23,88,56,28
89,30,53,0,48
0,68,41,45,68
36,48,64,85,38
6,29,83,43,2
2,80,18,89,8
32,20,44,74,81
42,81,46,80,87
81,85,83,75,14
89,36,63,7,48
41,30,21,65,88
76,5,79,58,66
46,5,44,66,18
71,60,51,24,85
67,6,84,40,14
46,74,36,32,79
58,30,85,89,49
6,30,66,0,76
51,50,46,3,25
16,48,88,11,69
33,65,45,54,20
68,52,4,2,81
4,75,60,16,60
6,10,19,36,5
20,42,11,69,30
6,36,70,11,18
85,62,44,25,58
19,2,65,40,77
57,40,7,16,44
35,39,15,69,4
26,36,12,29,25
37,81,6,44,11
86,29,12,60,28
44,18,45,26,50
33,59,66,39,30
60,32,80,82,60
69,82,7,38,60
28,29,75,21,88
69,34,19,23,88
88,2,80,17,59
64,72,87,56,79
37,55,89,62,32
0,15,1,34,36
85,72,30,34,4
31,58,11,87,72
49,42,38,75,28
34,29,36,68,20
46,22,23,17,83
8,78,42,6,75
49,32,68,85,34
61,19,23,41,17
34,67,70,68,23
74,59,34,3,21
21,58,80,82,87
8,15,59,45,0
47,83,64,18,74
4,89,79,35,56
57,58,73,3,87
45,35,3,60,84
45,78,67,1,7
14,4,29,16,67
11,28,27,55,78
26,79,49,45,31
42,44,8,45,84
35,85,64,3,52
13,53,52,37,53
66,54,2,13,61
22,72,29,72,9
40,50,39,51,55
42,41,29,37,40
79,89,80,71,9
30,76,30,2,49
37,7,81,21,56
41,81,82,27,81
60,84,86,28,74
68,84,42,8,71
38,65,19,1,13
37,87,65,12,81
87,35,57,79,27
77,89,82,61,20
36,10,15,65,51
75,69,74,32,41
66,62,55,69,27
86,60,0,21,58
42,51,40,7,10
71,28,66,8,56
54,64,31,80,89
64,45,69,72,12
70,77,3,58,26
53,51,85,89,35
57,30,68,41,17
75,68,77,64,81
23,88,80,38,80
7,83,88,77,50
58,44,16,10,49
5,3,16,40,63
24,34,87,70,44
14,76,11,19,16
68,62,74,63,9
69,8,19,62,30
27,27,24,27,40
85,48,88,3,53
31,42,36,52,41
72,65,72,10,67
55,9,73,26,58
53,65,69,88,14
67,45,13,14,22
51,7,77,82,12
61,36,46,59,72
56,60,20,82,51
5,83,81,34,26
40,59,52,22,51
72,68,30,4,14
46,13,52,74,72
26,53,51,25,28
84,47,88,69,47
18,50,4,39,12
53,80,65,78,18
11,67,73,24,32
29,12,81,31,67
57,47,6,78,45
26,38,0,76,41
85,19,56,35,45
72,19,18,47,23
50,21,73,79,18
78,28,61,46,60
83,56,84,75,26
12,70,60,44,45
1,58,30,2,62
30,42,81,36,74
85,14,29,43,48
13,58,29,29,62
19,9,53,4,82
64,33,34,77,49
28,49,6,83,16
7,21,23,22,46
14,74,52,58,78
31,68,55,48,67
4,51,11,83,30
24,81,63,26,75
35,2,79,26,13
4,75,22,77,60
62,67,49,36,40
82,75,88,84,17
56,37,40,86,50
84,33,29,23,13
9,32,9,67,55
57,58,46,48,29
80,23,43,2,24
54,35,48,59,33
30,81,11,79,13
32,55,48,54,74
53,19,76,64,70
36,76,88,70,2
30,77,35,26,38
41,32,27,68,43
32,69,4,5,39
79,41,85,65,55
26,32,50,42,74
83,10,33,44,51
72,47,41,6,13
3,22,44,84,84
86,86,82,58,41
11,27,0,67,19
5,42,10,84,31
62,45,15,2,66
41,21,6,44,87
43,82,57,0,8
40,34,75,77,3
1,3,52,51,71
76,45,70,58,67
72,45,37,76,50
10,43,14,39,74
5,5,87,0,21
25,68,26,41,7
69,31,67,60,21
87,74,61,42,82
8,55,52,14,78
66,9,55,70,38
32,2,52,63,67
83,30,41,48,42
26,0,67,23,29
44,40,37,75,10
71,56,70,25,55
5,58,19,71,30
48,13,35,79,72
84,10,69,30,7
70,54,81,19,5
16,6,47,50,9
64,40,56,20,13
76,9,2,35,2
18,60,2,29,6
42,19,62,81,75
19,33,80,33,10
1,15,10,54,24
45,30,48,16,41
17,45,48,34,20
36,52,2,9,14
77,34,5,22,34
27,22,18,13,8
61,6,45,82,17
36,34,36,49,17
55,10,70,20,69
60,62,85,29,6
74,50,13,47,50
19,22,5,54,18
44,27,25,78,84
64,70,52,40,64
50,7,42,25,47
34,57,2,28,22
40,72,70,24,61
76,36,55,78,19
29,88,48,64,20
0,44,76,4,30
16,36,36,3,48
9,12,30,29,61
66,22,85,12,49
6,35,28,84,33
87,47,19,61,67
60,81,37,42,45
16,17,2,59,49
7,74,4,55,83
70,50,21,58,70
73,78,35,25,32
79,61,66,8,32
17,65,19,50,47
47,35,6,37,62
49,15,71,86,74
78,0,22,35,70
3,35,84,45,75
78,44,11,38,59
32,87,69,21,41
6,39,27,13,5
62,86,38,32,65
68,86,81,44,59
55,5,66,61,22
60,47,12,67,89
30,82,14,36,0
63,73,21,15,11
61,35,32,39,22
62,53,54,58,84
1,52,43,72,50
28,8,17,3,79
87,65,79,72,61
56,85,34,58,17
74,63,52,7,58
16,55,0,19,61
57,89,33,26,51
56,37,52,59,30
51,46,58,89,83
64,65,64,16,3
36,21,9,72,82
81,5,76,70,89
80,78,52,31,7
64,30,62,84,26
48,86,48,51,49
47,9,55,84,6
69,68,29,7,21
17,75,80,52,58
83,69,86,70,24
51,58,69,4,41
82,19,37,6,2
53,29,48,61,4
51,66,89,73,73
73,50,14,25,71
9,73,51,25,40
69,88,3,85,19
74,82,8,76,8
4,44,21,59,12
29,86,14,4,19
46,66,46,18,0
8,66,26,45,77
13,51,9,35,88
76,26,10,14,69
42,6,20,63,70
39,71,63,64,84
26,40,53,64,49
8,71,15,9,3
73,64,80,27,68
44,75,45,85,41
35,59,8,71,38
12,67,49,8,68
15,32,45,63,28
21,3,75,46,85
71,64,23,35,69
89,17,15,10,53
86,3,61,60,17
61,40,68,71,42
82,21,54,29,32
58,80,32,7,13
33,75,27,6,86
32,64,42,32,60
23,51,84,5,68
48,48,1,42,68
27,7,68,46,77
60,85,79,22,89
9,78,57,45,38
31,23,65,79,45
32,70,32,0,62
43,61,29,57,17
23,67,51,3,17
13,40,54,52,82
74,78,33,79,41
0,76,21,32,63
14,37,59,32,49
42,10,52,30,33
88,20,13,85,38
47,74,85,26,0
61,10,85,2,18
29,51,42,84,74
77,30,11,51,30
8,83,1,9,9
48,47,56,33,14
51,7,10,13,82
12,21,68,47,60
60,78,32,75,55
67,73,6,68,2
19,77,55,20,15
82,37,19,13,36
31,62,82,22,81
2,26,8,45,14
66,18,31,78,56
49,59,7,38,19
74,13,13,44,78
3,7,71,30,19
19,1,34,58,31
40,55,6,27,29
4,41,17,83,49
15,50,29,0,44
82,78,25,86,65
68,11,18,11,64
26,81,47,42,23
77,81,76,71,69
29,21,29,88,31
25,26,59,58,89
63,6,13,49,30
32,65,52,23,7
20,18,26,46,38
36,18,0,37,89
7,68,41,69,43
35,25,60,66,44
68,44,69,13,11
42,55,82,48,17
30,32,75,77,28
12,70,78,83,55
84,29,77,13,10
42,19,85,77,10
55,37,80,71,77
82,68,80,87,70
40,56,88,20,16
37,54,21,73,61
30,84,15,54,4
31,71,11,70,13
56,12,22,52,34
16,21,47,3,6
85,30,15,23,42
32,71,18,66,47
79,4,79,42,30
22,61,8,79,14
83,68,25,75,29
13,44,3,57,64
5,62,44,38,28
23,35,8,61,67
87,76,48,19,0
80,60,43,51,46
0,19,69,56,29
17,19,32,35,28
5,8,14,45,5
3,83,84,70,4
5,69,6,73,23
29,15,34,33,80
57,77,85,27,34
2,53,15,59,43
68,32,54,10,78
75,10,32,2,49
58,22,7,32,74
72,88,71,44,5
88,51,84,89,4
82,53,51,83,72
67,87,60,44,43
45,22,52,56,28
53,26,31,4,83
52,40,2,1,42
15,14,88,0,53
11,1,64,60,77
1,17,25,6,9
71,14,56,67,68
28,88,33,73,24
84,48,65,27,2
12,28,77,86,58
83,33,41,28,70
78,54,66,54,61
80,86,54,64,3
57,29,26,77,38
26,18,67,71,65
88,63,36,41,69
74,66,26,78,4
75,4,82,77,49
0,80,44,17,4
5,74,88,63,13
30,8,36,75,6
73,8,14,24,1
26,20,7,43,0
16,82,14,54,11
88,16,22,7,83
10,77,35,89,51
77,22,54,55,28
19,47,82,30,63
52,26,45,65,62
43,33,87,85,40
86,89,17,40,17
1,16,54,83,48
64,66,17,63,13
4,21,5,48,64
62,6,69,51,83
88,34,38,81,43
27,32,8,22,77
82,67,42,25,31
58,85,31,60,57
72,33,55,73,32
32,77,21,21,43
15,52,82,9,42
85,23,81,69,65
74,11,19,11,14
42,71,1,39,51
24,7,62,20,63
26,63,68,8,16
65,37,69,49,4
47,38,85,24,81
88,49,81,38,29
12,25,83,42,51
79,5,15,81,49
75,39,84,71,7
89,89,31,84,45
81,47,81,36,63
25,72,77,44,20
12,33,19,22,38
46,51,88,61,59
52,1,81,70,73
83,44,86,63,11
50,38,0,26,27
59,36,42,87,64
49,45,38,2,67
81,61,26,76,36
84,44,19,66,35
5,32,48,74,34
49,50,86,18,80
71,81,89,63,39
70,19,66,11,44
43,83,68,14,31
37,51,77,62,0
26,56,34,46,19
58,47,23,23,82
75,88,3,46,6
46,64,60,51,66
56,81,40,3,42
21,45,75,28,32
28,25,48,40,25
75,39,67,3,69
89,37,56,60,71
4,81,84,18,77
29,16,28,75,75
61,0,76,49,36
39,78,68,41,34
6,51,80,55,18
60,72,54,21,46
6,20,7,41,46
5,85,86,48,28
14,71,21,27,33
40,37,5,31,55
71,37,51,72,35
62,79,60,21,61
8,9,42,31,4
89,51,0,63,56
45,52,62,67,61
88,16,12,44,44
56,16,6,82,58
30,43,73,75,39
25,17,24,51,88
82,76,35,29,34
17,0,70,48,32
63,28,9,21,80
20,87,44,58,12
64,39,33,36,8
40,0,4,49,82
18,55,0,75,77
64,70,59,73,36
7,14,74,77,42
56,28,57,64,6
65,30,8,81,39
29,21,81,5,32
14,77,37,35,27
25,65,69,27,56
28,81,18,86,82
9,47,27,31,36
86,16,88,19,82
64,88,53,19,45
87,69,54,46,62
59,60,39,63,8
76,56,76,12,13
33,59,65,77,14
53,63,21,21,12
25,1,33,39,39
36,54,64,19,27
2,58,61,29,33
61,74,66,18,18
33,21,80,11,25
3,38,60,46,41
43,71,43,12,17
72,9,20,36,44
44,11,11,50,57
11,15,67,80,88
1,35,54,61,47
11,18,45,72,48
18,56,20,62,40
31,42,2,63,41
61,83,60,34,88
84,74,23,61,88
24,21,42,68,69
28,34,62,32,3
22,14,76,15,54
87,45,85,22,62
6,11,80,53,36
58,29,2,11,37
73,81,12,11,78
84,63,50,39,51
19,81,54,73,75
58,74,69,54,71
55,22,26,57,25
36,22,75,11,85
47,12,86,47,70
30,72,79,15,78
18,6,27,15,18
28,68,41,57,85
73,51,36,46,67
62,7,38,44,1
55,21,53,38,77
76,38,19,65,30
28,76,40,64,86
55,69,3,55,46
31,68,20,55,62
38,1,10,13,70
14,37,52,24,84
12,57,10,25,5
72,33,18,8,68
0,12,2,80,56
88,85,44,59,55
65,72,58,18,55
77,78,7,85,30
88,71,79,89,35
10,85,14,68,70
74,83,19,11,46
67,89,41,30,14
65,23,42,43,61
79,60,84,16,21
2,26,31,8,2
61,73,31,23,73
12,56,26,48,21
25,26,12,89,33
38,76,78,61,29
34,59,47,80,27
67,9,22,89,31
83,23,36,58,8
88,10,78,5,30
13,8,68,77,68
23,65,44,81,2
89,83,67,32,61
23,46,89,74,48
74,36,24,3,89
73,30,30,32,65
37,74,72,12,75
4,10,72,19,34
69,52,40,62,48
11,77,69,62,57
39,34,72,6,62
30,5,86,9,4
59,8,5,87,60
13,47,65,23,19
79,17,80,46,3
70,36,48,73,10
62,18,62,40,26
7,86,26,87,30
38,46,8,78,4
39,36,5,30,71
88,2,89,43,84
30,35,79,50,35
65,52,70,74,60
51,75,45,12,41
0,2,46,33,22
71,72,67,31,8
60,73,8,64,41
22,27,1,4,5
85,85,0,42,66
36,50,63,46,55
23,70,27,4,70
37,1,17,39,75
38,29,36,12,36
52,72,49,8,69
31,3,84,21,86
52,88,29,38,5
62,4,79,48,30
52,66,85,58,67
4,77,70,52,25
56,18,30,17,7
56,3,83,85,28
79,66,29,64,38
4,81,21,83,5
82,48,52,29,15
46,81,71,71,21
24,85,18,64,23
58,39,16,5,85
88,53,59,39,35
2,85,49,43,60
56,85,39,54,6
51,3,13,53,0
80,32,64,47,54
77,7,68,50,54
71,43,11,56,73
49,25,62,84,72
6,6,82,16,81
72,0,35,14,31
12,14,58,43,26
37,55,12,26,82
37,68,53,26,68
80,48,43,67,52
75,72,67,22,73
55,87,35,17,29
23,27,14,86,45
83,67,71,75,84
56,2,3,0,55
3,62,1,53,67
4,65,21,61,15
0,0,4,75,80
30,19,69,49,82
70,68,74,87,20
51,23,66,20,21
42,18,46,5,44
50,31,75,11,12
52,42,73,4,59
41,58,20,69,41
26,72,57,31,78
59,14,26,7,35
27,22,75,71,5
43,70,86,32,6
35,5,32,26,56
79,49,74,66,4
21,13,26,13,21
79,46,24,8,69
5,80,42,69,27
12,16,40,83,47
35,28,33,46,32
1,39,19,82,89
32,56,19,9,0
86,67,80,36,7
54,88,76,46,41
59,27,52,73,78
43,61,73,58,50
19,54,11,22,76
17,48,87,60,82
7,35,66,62,26
46,31,59,10,64
48,47,51,62,69
10,83,27,55,56
83,19,75,80,35
62,39,55,26,77
45,20,57,9,27
74,29,86,53,2
6,48,36,61,79
74,40,29,68,76
80,31,64,53,38
67,15,35,76,49
82,34,2,20,36
45,77,45,50,7
85,51,59,48,71
70,28,37,75,26
42,20,44,0,35
75,32,42,65,81
1,66,17,14,28
35,46,51,11,19
37,9,12,71,25
22,89,70,85,64
11,76,22,87,34
28,76,88,23,32
79,27,51,22,89
40,79,50,32,73
72,24,82,58,2
73,36,59,77,34
43,20,80,89,62
19,52,19,18,11
36,14,54,58,25
48,5,82,71,66
71,74,75,52,40
42,26,12,37,87
39,8,88,16,85
15,19,2,9,23
16,89,45,78,3
37,80,16,38,42
6,65,30,35,16
14,28,83,75,14
15,47,23,84,65
46,50,30,57,7
56,57,75,21,41
88,29,19,63,84
79,73,25,9,4
18,25,68,30,33
77,48,14,65,13
75,88,26,53,80
81,81,15,12,12
65,46,11,28,74
24,15,36,13,81
52,23,65,11,20
20,48,52,32,6
80,32,57,50,2
15,89,20,89,54
64,87,34,5,43
17,4,5,35,27
47,50,21,38,17
26,17,41,41,63
25,40,22,54,47
6,48,73,70,67
60,30,72,33,37
13,69,3,64,65
64,50,84,50,68
23,56,75,58,87
28,73,16,6,29
84,35,62,82,14
35,58,79,4,20
73,1,31,4,1
51,71,51,74,42
79,50,16,42,89
22,32,19,6,86
43,12,82,56,48
54,62,79,1,39
10,31,21,24,15
41,28,15,88,65
14,71,75,68,65
46,59,29,61,7
18,7,74,75,48
2,7,40,46,26
76,60,68,1,2
0,14,8,75,85
65,83,18,14,13
18,80,73,17,79
80,82,15,30,27
70,50,64,36,52
75,20,76,64,32
38,88,16,26,58
43,24,80,59,9
1,35,14,87,17
13,87,38,64,30
89,81,2,46,3
83,56,54,84,31
49,10,79,22,89
33,24,89,45,77
86,65,72,52,26
63,16,9,40,70
67,31,45,82,39
56,40,29,53,62
28,69,6,58,46
67,9,3,1,70
83,5,31,62,25
77,53,35,11,81
2,68,13,56,71
11,31,33,39,89
57,41,80,11,25
17,17,51,10,31
43,74,54,1,24
62,72,77,88,48
42,28,74,77,17
10,0,48,81,11
4,76,35,45,77
33,57,48,12,49
56,10,44,40,57
46,2,8,84,21
7,35,18,27,31
19,75,25,60,70
9,54,39,19,15
36,10,45,84,69
89,47,34,14,10
26,84,8,80,79
41,23,80,61,77
45,14,78,82,41
8,21,4,8,0
48,67,80,87,7
75,44,50,48,28
47,16,57,80,81
40,49,83,8,46
4,3,8,12,12
71,51,84,84,80
49,71,20,36,54
77,19,10,63,8
0,21,74,18,53
89,45,77,66,68
22,30,86,40,50
0,89,64,55,6
53,58,63,19,7
49,3,57,5,3
28,21,79,49,68
62,73,18,21,0
71,85,58,27,89
17,44,52,59,72
47,52,19,5,11
89,1,10,57,2
18,55,52,66,80
79,47,10,55,64
86,43,23,37,41
25,14,44,23,75
49,79,54,21,82
83,37,86,73,10
78,54,72,64,11
34,3,26,73,83
42,34,14,62,86
62,10,29,23,13
88,48,0,44,89
29,26,63,58,77
53,50,82,52,33
18,81,45,30,18
2,34,84,8,74
59,32,1,14,82
51,62,51,71,54
65,22,86,19,69
69,62,30,47,12
21,86,54,55,86
2,2,4,41,62
70,58,55,64,35
26,80,88,31,16
4,29,46,17,26
9,65,65,49,47
38,28,11,40,69
62,79,7,13,70
83,28,28,11,85
34,73,43,62,13
58,59,46,39,86
17,0,16,11,51
22,37,74,10,4
19,44,13,86,0
17,19,82,31,33
39,19,17,41,75
65,54,77,9,13
76,23,81,5,38
52,42,1,6,10
88,84,16,20,70
82,11,84,51,35
21,12,81,5,44
74,18,59,65,3
29,27,50,1,63
48,75,73,38,10
81,82,25,18,23
1,87,82,86,3
17,65,1,87,85
45,33,63,55,13
8,88,59,80,48
36,61,65,66,32
22,47,89,55,86
21,32,20,55,6
10,30,20,8,43
15,72,42,86,85
50,82,36,14,35
10,23,12,84,66
57,49,65,84,17
10,81,6,49,41
23,7,19,22,14
62,31,71,78,31
69,50,72,31,43
39,3,54,1,34
26,6,85,37,59
49,66,45,21,67
56,30,44,1,34
70,13,13,67,14
47,55,28,28,10
22,60,18,47,47
35,54,79,12,54
53,24,65,38,55
65,23,60,67,55
30,18,42,13,9
81,83,29,30,53
6,20,48,46,46
18,73,23,87,48
2,7,62,44,43
73,40,44,68,18
79,61,35,14,71
72,55,6,56,9
62,45,53,78,49
55,76,68,13,38
88,49,3,52,89
44,9,40,75,1
75,13,22,33,48
0,44,66,45,39
48,29,23,58,16
18,3,51,83,40
60,34,52,68,84
72,65,70,16,74
33,53,15,21,78
72,87,27,46,53
43,47,14,10,48
16,28,48,80,14
35,74,72,77,86
58,68,66,20,31
36,43,87,52,70
35,3,3,32,38
15,13,47,15,83
5,65,66,10,10
13,54,30,12,1
78,73,33,52,47
57,64,78,3,54
81,26,45,76,77
8,8,69,59,41
47,82,30,28,22
16,86,74,46,31
37,74,31,31,46
41,32,34,33,45
24,25,54,50,59
73,76,70,6,20
53,4,39,23,81
47,86,88,27,26
22,66,82,57,8
83,35,78,79,46
78,78,24,23,70
71,5,43,46,19
34,83,60,45,46
14,14,75,61,75
81,72,24,14,61
64,48,44,68,57
46,77,67,88,80
40,32,13,4,60
34,5,54,17,80
35,19,81,25,4
81,86,77,60,15
67,78,14,76,63
86,22,54,48,37
11,87,83,50,19
58,12,84,14,31
7,72,30,31,22
88,77,81,55,55
75,88,55,11,19
37,21,74,30,19
39,0,89,2,83
68,60,62,31,33
13,50,55,33,7
65,44,82,13,44
87,58,2,4,50
44,38,48,57,7
54,74,26,11,10
43,64,81,28,84
57,73,65,6,37
42,37,46,79,70
87,48,79,15,25
89,4,17,88,25
66,87,84,0,46
76,18,85,77,30
76,43,82,87,4
69,76,64,5,88
43,53,48,4,60
8,33,34,17,8
4,75,42,63,8
72,6,52,55,87
34,54,28,69,44
83,33,83,35,43
86,26,77,9,20
8,32,66,39,40
31,36,71,48,14
68,36,23,74,66
24,69,87,30,16
88,37,44,37,87
43,3,87,87,30
12,59,7,63,39
61,26,86,31,21
59,43,57,8,28
56,2,14,20,42
28,49,86,50,23
15,76,86,33,49
87,46,25,35,41
36,88,6,5,63
81,62,67,20,5
63,0,62,40,87
29,26,31,78,71
43,70,49,47,42
27,33,88,83,77
47,83,50,85,28
81,46,63,29,46
52,21,71,17,58
80,41,67,58,51
29,39,19,88,39
12,45,57,29,51
38,30,25,73,13
60,68,16,52,45
23,83,42,76,46
50,22,73,58,21
14,3,78,18,82
48,60,43,13,71
21,78,58,70,3
34,64,42,67,50
71,84,63,32,63
35,54,72,36,12
32,71,52,56,86
9,24,63,31,48
25,10,27,80,60
76,57,52,77,62
10,49,19,47,40
54,76,58,48,35
79,78,55,54,32
36,64,34,26,23
11,36,89,28,25
16,72,14,51,54
33,67,26,16,65
51,22,29,70,5
16,69,88,17,28
2,68,68,61,61
74,55,24,4,84
5,41,87,72,60
5,12,31,55,66
67,51,56,38,86
59,55,51,30,68
66,20,31,73,10
9,80,57,66,21
70,35,33,72,61
84,3,51,28,10
69,49,79,23,62
16,79,11,72,45
65,2,69,43,33
63,53,77,79,16
68,84,5,77,43
27,63,33,44,20
32,68,0,0,8
46,68,25,1,53
86,47,29,80,57
7,28,87,79,44
79,42,58,75,7
30,89,69,19,5
41,53,40,15,16
22,14,76,31,3
11,23,22,25,28
66,73,83,75,30
72,53,18,35,55
6,0,85,21,40
59,33,54,70,29
83,12,11,59,22
78,14,67,16,11
40,70,58,35,0
56,5,84,52,6
78,10,82,3,46
66,84,37,13,15
64,35,66,80,47
1,57,42,31,7
82,83,8,38,61
85,24,63,33,55
79,9,81,65,81
58,50,31,4,4
40,8,17,34,63
88,65,34,3,54
60,81,1,22,85
82,18,24,21,48
30,41,11,89,51
69,80,38,83,24
0,57,78,9,38
81,67,66,35,23
47,61,12,43,12
56,0,20,25,55
0,29,34,12,16
0,85,70,71,84
50,28,4,7,36
16,78,2,16,31
15,46,86,57,37
13,81,14,74,45
43,12,40,23,79
13,69,55,26,55
19,69,22,2,83
29,6,65,48,11
78,45,72,18,10
52,11,73,50,63
83,43,44,30,30
22,4,83,82,44
37,82,46,40,1
69,13,65,0,65
46,55,57,32,63
84,61,80,78,58
65,25,25,73,84
73,81,75,8,80
70,60,26,89,68
50,5,59,18,82
71,71,60,8,27
38,18,64,8,65
28,18,89,7,21
6,71,43,48,10
48,18,58,21,75
49,13,9,9,35
3,72,10,74,14
36,85,88,56,66
5,75,68,30,2
35,46,89,52,47
27,11,16,23,71
0,77,56,21,58
89,80,58,50,51
54,64,31,38,40
67,34,7,16,54
3,61,46,19,29
8,7,10,56,56
51,17,75,43,44
42,39,48,57,29
46,18,82,39,45
64,38,83,47,53
72,66,61,42,16
23,88,59,64,3
71,33,18,56,34
76,89,27,81,16
59,64,10,82,78
85,87,41,40,65
63,9,52,67,81
20,24,30,57,77
37,24,22,46,28
17,76,71,3,14
9,29,18,27,13
62,46,78,42,14
83,61,53,72,5
74,66,35,64,24
74,23,7,51,17
64,5,45,8,40
44,43,66,20,66
52,13,63,70,24
67,42,50,12,65
36,35,65,22,88
81,89,69,20,6
23,35,73,18,68
43,70,22,36,35
49,79,38,25,50
79,53,79,13,61
80,23,3,0,59
84,84,71,85,72
5,0,62,56,22
60,53,15,4,0
65,25,26,30,30
41,59,78,77,13
60,73,50,65,82
59,69,58,19,74
36,27,83,49,26
87,20,42,79,32
41,71,60,28,3
62,1,78,46,52
41,1,44,69,69
80,59,23,54,46
14,56,24,79,21
10,31,52,83,35
7,2,83,11,38
29,24,16,65,82
79,53,52,13,72
66,56,1,56,15
1,47,89,45,87
56,5,62,88,75
50,59,3,29,80
5,15,41,77,71
83,85,27,59,64
19,53,53,2,64
89,63,2,86,49
29,18,32,16,82
40,67,13,75,25
53,82,17,29,43
22,88,61,33,84
60,18,44,59,16
70,82,51,24,55
83,28,81,40,4
63,70,13,22,35
53,62,17,6,41
60,48,4,70,66
62,28,45,70,50
45,85,31,44,53
40,49,21,36,45
45,64,57,82,29
39,25,82,86,27
12,51,21,89,46
32,35,45,21,66
16,65,40,24,52
7,0,39,86,82
36,67,5,70,60
52,50,52,48,78
64,89,18,84,68
72,78,3,20,65
61,72,5,65,79
8,65,29,74,37
59,51,2,42,59
19,85,10,89,5
79,29,45,1,66
86,65,46,86,58
73,89,88,34,49
63,16,86,74,63
3,48,86,69,7
47,49,33,64,81
89,7,5,85,19
32,52,46,69,68
76,81,46,56,77
21,10,77,80,43
88,6,58,47,5
53,47,4,73,77
6,78,69,85,61
45,86,34,7,82
2,39,38,83,14
68,87,12,5,79
41,37,28,78,28
40,57,73,19,51
77,20,66,14,16
48,32,11,57,44
30,22,43,43,5
79,69,51,5,17
63,72,50,36,60
74,23,27,4,3
48,25,81,77,40
34,26,34,22,33
41,14,13,49,88
39,57,34,70,68
9,84,74,4,50
62,44,40,61,71
37,52,7,51,57
5,29,13,11,60
81,55,87,51,44
13,1,82,38,20
51,38,7,18,77
61,88,45,86,44
23,20,37,49,60
53,55,1,79,0
34,43,4,46,57
86,45,76,40,9
45,18,71,74,11
36,43,23,65,54
33,18,84,1,17
7,55,4,27,3
67,7,5,17,10
39,84,66,36,45
48,68,16,66,9
52,8,25,32,10
16,6,5,81,14
56,63,24,9,31
8,10,2,32,52
14,19,21,73,21
3,36,7,9,23
1,79,74,42,25
60,28,23,32,84
76,16,66,28,65
46,32,74,73,46
58,57,66,87,81
31,89,80,34,50
53,24,57,25,34
17,34,78,62,50
81,18,63,73,36
1,3,36,16,49
17,40,1,24,53
28,51,69,30,16
16,79,82,7,85
85,19,64,41,4
0,30,18,19,70
41,57,77,4,12
22,48,55,83,88
3,35,50,49,37
32,36,39,13,42
75,38,31,59,83
4,61,57,82,55
62,19,21,75,67
83,5,21,71,11
19,14,48,50,26
73,31,48,89,50
32,62,78,58,86
57,75,43,22,0
18,17,12,86,53
87,62,35,15,73
54,33,2,14,4
15,12,32,52,10
52,43,83,22,22
66,13,69,12,46
69,77,26,88,8
82,38,54,64,18
59,18,62,8,15
27,20,81,65,53
5,63,49,20,21
16,27,40,35,40
30,56,31,82,2
20,74,15,20,57
42,46,82,53,86
37,87,85,88,31
29,82,65,73,58
21,10,77,88,40
39,56,64,71,69
66,80,51,62,20
71,14,66,71,42
88,33,26,23,5
57,37,33,51,62
42,22,44,40,42
39,70,31,75,23
66,76,24,5,19
12,35,72,14,46
89,41,43,45,5
17,42,82,65,72
70,61,24,31,50
60,34,45,10,2
21,25,74,24,14
13,10,56,57,8
55,27,16,19,3
21,57,38,41,74
17,57,85,12,26
5,53,43,4,11
9,55,88,71,68
83,32,71,83,74
21,3,27,74,83
50,7,12,54,74
12,18,55,28,82
67,33,30,42,18
62,85,66,7,33
24,88,77,0,76
75,56,11,17,44
48,6,40,87,44
41,62,82,20,49
51,65,86,48,20
52,3,40,83,77
39,56,51,40,2
83,46,9,67,22
32,48,9,59,62
58,26,31,62,41
88,82,50,37,53
10,83,42,29,62
56,49,38,23,30
28,84,38,45,82
19,44,68,75,29
57,47,54,4,14
81,51,71,26,17
74,78,4,60,19
14,48,87,5,75
3,40,28,17,33
36,2,2,5,37
33,58,85,4,73
24,12,67,19,79
20,83,54,53,14
86,74,77,80,29
33,46,54,57,37
81,19,61,78,78
40,86,20,85,74
4,71,82,42,23
59,89,7,48,28
50,58,24,25,60
71,82,63,21,89
13,80,66,55,0
11,80,20,88,63
76,54,34,26,23
57,20,21,13,77
30,31,63,48,21
2,83,66,61,87
14,54,6,19,35
11,52,37,39,16
16,32,58,23,18
40,22,70,3,76
78,23,77,8,32
34,56,2,89,15
11,28,44,80,72
41,74,55,73,24
17,10,68,52,9
59,68,42,39,59
63,23,64,88,20
58,13,53,32,50
50,29,45,79,40
34,76,10,14,64
43,27,7,45,26
50,25,25,71,39
11,7,18,84,19
89,36,77,52,21
66,7,12,79,35
24,3,65,3,15
4,67,39,76,78
40,44,9,66,66
9,52,31,58,1
48,39,60,62,23
15,64,20,52,35
34,16,46,39,75
89,39,29,25,62
59,11,80,53,58
75,7,3,42,56
80,52,18,49,27
16,25,0,7,19
43,15,62,66,14
85,76,56,88,17
54,51,78,61,44
2,21,1,46,62
31,63,54,35,5
58,62,53,38,42
3,85,20,55,35
64,62,31,28,77
35,9,5,8,48
72,61,51,22,24
14,34,36,27,3
30,12,61,20,75
34,26,9,69,37
81,73,2,81,46
1,23,74,24,66
68,79,11,67,13
3,37,14,38,54
89,51,24,80,81
17,55,64,44,55
27,19,0,23,54
52,14,79,27,25
37,66,72,7,62
50,78,65,73,10
7,4,22,7,48
19,70,50,3,59
11,84,22,61,48
33,33,51,2,53
1,33,61,38,34
16,25,23,41,31
51,3,37,41,82
43,34,16,73,4
43,33,15,1,49
39,35,15,8,78
42,59,51,72,40
6,82,50,18,1
6,56,19,9,35
56,18,1,74,30
39,55,32,20,89
65,21,9,24,70
65,66,36,57,3
57,54,28,56,43
52,27,58,63,56
66,42,40,49,73
2,44,33,74,55
5,79,6,3,46
44,19,65,42,49
40,65,25,11,14
50,53,8,0,68
34,32,50,32,47
35,38,58,50,0
78,75,73,24,53
89,64,61,7,61
73,32,31,87,62
15,19,64,43,81
7,54,35,65,20
30,72,77,52,88
56,24,86,31,45
48,65,48,48,89
35,26,52,34,14
7,64,66,42,39
68,67,1,17,40
76,20,46,15,2
58,81,11,58,76
24,0,53,30,5
28,20,59,32,78
65,25,87,89,12
66,24,60,9,61
89,22,89,53,42
62,76,2,63,54
62,79,16,71,12
22,82,54,53,89
9,71,39,85,47
23,14,36,32,22
4,60,81,64,81
53,17,88,69,68
63,59,70,8,38
55,39,50,35,47
58,45,68,75,66
63,13,61,80,18
71,55,37,8,81
66,70,85,62,26
47,88,45,33,47
89,27,76,53,77
12,33,9,0,51
73,40,67,83,13
81,66,4,0,47
0,70,15,26,73
48,61,30,30,66
27,20,47,37,82
18,58,56,47,63
78,46,1,77,29
74,31,35,19,48
30,49,46,79,76
21,20,0,58,62
43,72,17,38,49
13,22,80,45,78
78,77,22,26,70
49,26,18,65,55
3,40,22,65,89
47,65,47,77,11
79,74,37,16,67
37,79,48,31,79
11,74,64,75,85
88,6,15,69,19
81,34,36,5,69
84,69,33,79,39
69,26,68,5,57
67,89,75,33,45
11,55,75,52,7
25,4,17,26,41
82,62,65,26,16
38,76,89,55,8
83,33,55,52,25
78,10,33,84,74
52,49,18,40,22
69,74,72,77,13
53,20,26,72,9
81,50,78,41,42
31,30,63,31,43
59,67,16,82,46
29,78,46,79,49
30,66,45,36,25
42,27,38,41,64
33,43,72,77,30
85,20,37,85,66
71,35,32,75,58
15,62,28,29,16
80,79,70,67,66
25,20,46,14,77
33,72,38,26,88
58,21,54,27,86
10,4,80,68,44
79,24,58,59,82
65,89,52,67,37
29,49,86,4,72
0,0,49,63,25
4,28,46,87,45
49,37,26,57,78
22,5,82,1,80
59,33,3,36,13
24,26,67,48,52
19,85,62,72,62
27,53,21,64,81
41,50,43,63,71
46,51,21,85,69
44,40,52,18,43
31,51,30,21,11
44,21,45,16,16
58,61,28,74,34
57,68,43,76,54
18,76,67,36,20
70,0,81,27,45
56,42,65,28,86
79,60,55,77,19
68,78,19,39,58
46,56,33,38,38
35,31,55,60,39
37,17,71,12,58
57,4,52,77,26
78,42,35,87,58
74,70,44,1,1
49,83,66,82,67
81,38,22,8,85
80,12,8,76,36
57,37,40,81,89
61,2,82,59,19
2,29,51,9,77
34,43,75,69,69
24,19,57,33,40
68,27,0,58,67
9,15,51,86,37
9,57,61,43,77
22,48,84,75,65
47,15,58,72,79
78,71,41,17,67
15,63,61,47,48
1,79,60,29,58
88,51,9,30,32
71,85,58,70,3
70,57,53,12,83
37,32,57,11,5
0,11,34,85,19
29,18,28,13,49
43,80,88,85,24
48,30,14,66,80
52,74,63,27,38
86,31,29,59,18
52,81,13,8,13
71,36,17,34,1
78,45,77,17,71
3,62,27,82,16
26,80,76,73,6
47,56,17,41,8
26,12,52,25,43
27,78,38,41,48
64,64,7,53,68
32,0,85,4,38
85,38,67,72,7
45,34,27,57,28
81,77,85,64,64
64,88,85,34,69
5,88,16,14,38
52,48,15,63,25
86,66,58,26,64
14,12,81,45,66
48,38,28,18,63
57,67,89,19,55
32,35,19,37,15
63,7,69,16,72
22,46,57,38,10
14,32,56,86,60
3,75,67,36,39
82,62,69,65,58
52,85,89,89,67
73,50,51,4,2
15,44,6,48,42
10,54,24,69,14
66,56,25,73,73
9,76,89,58,31
3,37,72,59,80
12,42,65,78,25
45,88,86,16,69
10,29,56,54,59
84,89,42,84,67
32,73,21,84,43
76,38,77,58,83
6,7,58,88,31
83,81,20,41,27
5,9,88,63,16
31,60,8,64,86
79,41,6,69,54
55,71,87,64,50
30,17,33,58,34
17,19,29,79,51
5,74,46,49,44
6,46,63,47,72
24,50,24,39,66
33,20,21,54,78
75,10,10,8,76
79,54,23,78,67
15,19,1,55,9
37,29,33,8,38
76,69,64,12,31
17,85,20,39,17
1,38,55,18,85
13,89,44,51,1
14,47,73,89,84
17,56,72,77,12
52,7,47,38,19
53,45,24,0,52
59,46,76,77,74
7,60,62,38,26
79,34,29,42,50
82,67,76,1,75
22,22,39,35,44
15,67,61,23,38
6,23,2,22,20
16,1,85,86,1
67,3,34,51,1
24,49,32,84,40
88,64,59,78,51
85,39,17,22,50
15,11,12,84,12
77,78,44,80,19
59,27,10,19,78
11,42,66,33,16
89,18,40,50,86
3,8,10,24,23
20,15,19,23,37
69,68,36,49,11
78,8,87,52,47
21,89,54,73,13
14,7,32,22,72
71,60,84,36,56
70,31,26,81,78
29,3,47,39,0
63,35,14,66,77
31,82,57,48,28
70,2,65,43,19
86,54,26,87,21
75,37,69,52,2
13,35,27,59,19
49,15,84,32,18
57,69,89,6,61
66,6,7,71,2
42,19,82,13,77
49,88,8,50,4
40,37,49,11,42
58,32,30,80,75
68,87,1,37,59
47,77,86,18,71
27,57,68,21,81
23,47,1,63,17
14,33,35,16,46
17,71,17,11,9
29,34,16,18,86
58,80,20,40,67
21,48,65,75,47
34,4,14,54,24
24,75,52,49,65
48,23,16,8,80
66,86,33,51,68
51,25,71,7,15
5,29,71,56,54
40,14,20,40,43
23,18,68,16,5
8,40,85,1,46
29,13,59,81,38
11,5,5,10,42
9,20,32,74,76
79,9,73,60,41
73,38,76,17,83
61,68,8,22,61
28,75,6,87,79
23,25,63,76,49
80,21,28,28,20
61,4,53,42,51
84,4,68,78,87
50,66,9,5,80
34,21,68,83,82
2,79,56,70,84
1,68,21,41,13
86,36,41,80,20
11,23,67,0,88
14,48,77,72,19
87,18,54,28,27
15,62,82,22,6
72,10,69,76,25
30,40,49,17,33
64,84,53,50,55
28,26,27,8,22
35,28,74,9,72
41,87,65,62,26
57,50,58,87,65
30,17,24,14,12
15,36,3,87,74
9,67,78,32,53
33,27,7,19,30
13,75,20,42,78
43,29,47,70,60
10,52,14,7,38
87,85,38,17,40
10,87,16,38,69
46,19,51,79,19
17,83,69,14,35
53,34,56,21,82
23,3,24,68,15
9,76,47,8,42
56,16,46,43,12
61,53,2,62,44
12,16,54,10,69
42,63,73,29,64
89,79,23,22,64
4,85,12,49,50
85,62,69,9,55
67,15,45,83,12
3,3,34,3,73
60,67,40,88,57
89,45,69,0,33
32,62,50,77,23
6,67,21,38,18
33,10,21,29,50
29,70,63,22,48
69,63,51,56,26
53,82,32,38,61
38,38,1,70,71
6,89,72,45,41
16,4,12,9,14
87,47,38,53,50
0,81,13,43,53
9,22,47,43,13
19,82,42,16,55
77,82,15,4,62
79,27,49,33,3
17,18,25,60,82
47,20,28,40,20
81,33,5,11,44
59,56,12,15,3
49,72,54,67,38
80,84,63,3,36
55,19,17,47,79
9,61,46,45,84
81,33,80,89,29
68,42,46,82,26
6,21,9,0,70
35,74,43,55,32
71,68,9,8,31
40,46,86,31,53
53,61,19,73,27
45,42,78,40,68
2,80,22,42,51
87,13,31,73,35
10,4,33,18,86
30,47,42,86,35
12,65,67,40,13
60,14,15,76,88
23,69,48,42,9
4,5,70,8,32
71,48,18,73,33
48,46,63,32,78
31,35,63,16,59
21,17,89,66,5
79,55,33,27,41
57,74,10,56,44
22,51,70,48,33
73,0,17,11,47
20,89,3,6,36
54,56,85,6,16
15,7,58,29,88
1,58,31,63,20
18,50,55,45,19
19,23,69,15,59
6,31,16,0,2
49,88,87,70,33
14,55,86,68,74
56,60,1,21,17
20,85,2,9,85
23,89,42,67,54
73,32,5,40,7
7,33,13,0,28
11,31,29,39,61
74,32,52,29,46
78,68,31,61,11
62,61,29,47,48
13,34,52,83,44
8,72,78,28,57
73,34,79,77,58
14,33,23,63,56
2,27,33,71,61
18,52,0,5,87
5,12,44,56,87
60,14,69,22,55
68,79,34,65,4
67,60,54,20,50
40,19,89,51,29
46,48,22,12,43
59,80,39,19,29
53,69,65,42,77
14,62,17,61,48
78,44,60,18,49
58,11,25,1,53
52,38,20,40,68
56,27,47,52,35
55,84,37,16,9
28,23,80,9,58
15,61,53,20,0
40,76,12,63,82
37,10,89,61,84
20,62,89,44,16
73,35,8,22,15
26,61,66,53,19
37,27,9,35,56
37,21,85,35,11
68,44,64,72,23
46,42,55,41,55
84,65,48,70,4
19,17,76,2,35
44,64,38,22,89
46,55,88,19,11
38,87,58,83,5
61,13,61,13,68
69,5,38,31,44
21,15,30,31,77
35,78,66,22,9
35,86,37,87,15
13,82,62,45,2
56,20,80,77,86
67,35,88,28,12
78,74,48,10,51
55,40,84,58,13
14,23,89,39,11
49,71,30,32,0
28,10,80,80,81
78,35,57,25,36
38,85,9,3,70
74,66,5,80,53
26,24,74,60,40
79,44,42,51,45
20,69,85,40,18
89,3,86,17,51
71,20,81,73,64
54,71,7,80,32
57,25,77,40,57
77,20,7,34,35
33,63,16,56,51
38,58,46,58,26
87,44,87,30,54
53,68,32,5,29
83,4,59,73,67
89,14,73,22,5
68,26,5,64,16
12,38,89,17,55
33,82,15,2,59
12,33,39,62,76
29,63,32,31,34
17,45,1,82,49
73,31,38,69,81
87,55,9,54,39
63,81,48,0,73
63,56,44,20,54
20,80,20,77,51
70,60,32,9,6
16,4,39,61,8
29,69,52,42,53
84,64,80,4,67
79,27,59,70,68
80,50,12,36,81
69,7,47,31,73
36,12,76,68,71
57,75,13,76,9
54,28,74,58,64
61,41,25,6,51
16,58,7,61,50
53,53,72,24,53
23,67,31,47,66
28,43,88,28,50
12,28,44,18,24
67,20,15,78,33
67,13,53,72,28
3,4,79,14,2
5,63,84,63,1
41,61,54,81,65
16,28,25,72,27
4,65,26,41,1
57,36,71,87,37
53,2,27,76,22
23,10,49,42,48
26,38,52,41,19
22,3,15,25,58
77,74,68,36,10
41,31,25,85,39
30,9,23,35,58
6,17,7,53,33
88,85,45,63,47
34,79,71,69,80
47,41,78,16,58
85,62,45,35,40
7,84,84,44,80
19,84,19,83,71
42,19,17,88,4
66,34,70,42,43
73,59,73,53,85
58,52,85,77,83
35,49,89,1,55
84,62,27,63,54
7,17,57,25,19
32,80,1,56,4
14,72,70,59,72
18,2,0,41,84
56,50,54,64,16
33,33,72,15,61
8,34,20,33,24
16,87,57,19,13
71,21,51,53,39
59,35,55,70,31
84,3,34,23,11
80,76,18,11,25
87,13,52,36,23
32,6,23,87,89
46,47,35,4,5
10,81,70,9,35
23,89,28,34,60
39,30,52,84,87
81,15,0,7,71
56,13,20,86,63
2,83,5,74,19
0,87,25,1,21
40,55,13,53,10
27,32,35,89,38
4,3,58,18,6
68,69,20,54,50
69,33,27,42,57
52,80,56,4,41
77,19,59,69,34
72,26,12,33,3
70,18,67,3,30
37,16,19,34,35
11,6,49,77,10
71,35,15,63,46
58,14,16,75,15
78,6,82,48,28
30,77,8,57,51
13,68,6,37,72
21,37,3,78,30
1,59,43,59,78
77,16,65,33,49
82,64,52,83,27
11,55,85,62,85
71,24,82,10,23
47,65,58,7,49
3,28,6,36,1
49,69,59,82,78
25,4,45,12,18
12,41,73,58,3
0,22,12,6,47
36,27,16,62,29
20,53,30,7,88
29,13,43,60,31
51,36,59,21,47
54,5,83,30,20
79,30,83,47,22
23,32,50,25,12
81,79,89,69,15
53,35,10,26,35
71,9,20,15,25
3,75,24,6,51
73,37,10,52,58
43,9,72,1,1
25,36,60,74,29
17,5,71,22,35
4,77,17,20,11
77,6,55,35,47
31,24,74,37,48
24,76,82,27,61
86,25,53,64,62
87,34,45,11,22
54,18,19,12,32
54,89,19,23,41
5,60,52,45,44
18,42,89,84,56
40,41,61,53,24
35,50,86,30,54
82,27,47,2,27
9,89,42,61,6
25,75,53,3,22
57,29,84,73,64
34,83,29,37,13
6,28,36,40,31
41,24,9,38,57
45,37,24,18,24
37,33,4,18,35
32,24,80,4,56
2,34,3,53,28
0,31,72,4,44
24,64,58,85,42
48,80,10,25,18
82,58,18,24,4
22,44,87,1,54
52,1,6,24,55
45,57,20,72,42
52,26,45,3,85
79,62,3,40,8
35,9,82,16,2
57,1,63,40,75
0,32,12,84,88
84,67,23,1,44
70,1,87,32,60
32,47,66,84,1
22,8,72,11,25
64,0,14,66,25
58,59,31,53,25
61,75,88,26,58
28,15,48,5,62
27,13,88,28,20
75,30,39,77,68
36,23,45,25,81
79,4,85,22,64
2,12,57,67,46
16,5,3,88,7
77,16,47,65,47
87,34,60,80,40
54,53,68,7,6
6,29,83,55,80
38,65,38,50,23
25,55,59,52,2
1,41,1,68,77
84,19,18,11,35
86,13,81,3,46
17,21,21,32,5
46,58,30,33,72
79,51,42,27,36
8,20,74,46,50
40,78,62,88,37
84,15,18,23,31
82,3,75,65,33
67,45,52,68,49
7,24,42,82,49
20,61,63,5,70
29,34,61,21,72
79,47,11,36,6
47,50,45,71,37
68,16,0,80,37
21,78,43,41,66
56,22,29,51,60
4,48,22,67,10
18,18,79,84,24
14,26,58,65,23
30,49,32,20,60
66,34,73,44,7
35,14,20,55,22
78,35,81,46,84
59,88,42,24,80
48,66,80,30,24
34,45,73,77,88
75,27,61,58,15
58,3,23,59,8
15,39,8,18,88
25,11,84,27,19
0,59,70,74,59
30,26,83,7,88
59,54,59,32,79
5,49,65,76,1
1,24,41,21,44
77,55,8,36,41
53,37,31,68,27
38,50,58,37,29
38,50,31,83,26
87,0,35,24,58
51,9,67,28,45
72,23,20,41,8
65,3,32,30,48
50,23,37,52,45
25,75,50,41,81
69,1,31,35,30
35,21,57,18,43
3,9,8,39,63
87,18,52,60,67
33,66,25,31,36
9,29,48,27,47
81,64,45,4,42
71,29,6,23,41
13,7,64,73,78
85,89,34,26,31
6,71,80,54,45
81,72,29,43,80
19,41,19,54,81
20,54,1,22,53
50,87,78,30,57
80,57,77,38,52
56,9,88,84,20
33,78,36,17,80
30,16,60,28,48
15,15,34,72,31
36,87,1,12,9
62,42,77,83,50
7,82,70,82,35
58,50,72,9,73
34,13,86,37,58
42,8,75,36,82
54,53,39,22,76
64,78,25,65,39
6,47,17,79,66
26,77,28,3,76
5,25,17,23,35
12,61,19,73,4
1,45,37,67,32
53,88,78,87,22
68,77,28,16,1
2,12,0,70,11
26,23,9,59,62
33,58,52,49,58
85,37,69,72,55
83,22,33,29,23
79,52,62,83,17
25,5,53,76,47
84,70,82,7,75
34,57,34,13,53
3,0,13,50,46
23,38,25,24,16
13,74,58,48,53
70,30,37,67,82
74,8,84,87,63
22,87,52,82,54
46,89,85,40,9
62,27,37,11,39
30,31,64,80,57
9,31,50,80,35
40,35,78,71,38
54,55,49,49,19
77,72,1,89,49
71,40,38,22,50
35,62,40,36,10
0,6,15,38,38
44,61,41,73,67
14,75,7,76,10
31,57,23,66,21
45,4,59,40,65
15,11,62,76,36
23,71,77,4,74
42,40,4,67,60
55,16,29,15,55
15,57,24,16,5
76,49,21,14,76
42,70,16,39,29
8,81,85,83,80
5,9,57,4,79
9,65,33,61,17
72,32,8,86,76
50,17,14,2,6
20,24,80,53,85
10,36,78,76,60
51,63,2,62,3
1,88,74,69,69
31,56,54,89,87
6,84,76,26,83
74,65,58,57,8
69,68,67,31,31
6,64,9,22,88
31,37,60,3,78
41,46,84,8,21
46,81,20,68,20
36,36,5,50,45
5,88,15,39,57
3,13,67,9,70
71,80,35,61,2
85,25,58,84,23
47,73,55,49,5
17,57,4,12,3
85,6,37,67,82
52,80,17,59,13
10,40,13,64,71
20,79,85,88,45
15,80,40,5,15
16,53,39,62,60
81,55,14,33,25
46,89,34,81,57
72,69,44,73,48
33,8,43,40,85
45,65,51,66,39
59,85,26,36,13
20,67,36,63,53
88,4,74,33,84
86,88,14,18,74
68,31,4,17,87
57,77,17,73,61
22,37,70,79,6
81,46,1,40,66
9,43,5,74,19
48,47,62,60,39
88,87,33,75,40
83,72,31,27,20
89,76,40,22,62
28,71,73,3,0
41,45,88,80,23
76,14,89,85,55
39,12,74,57,23
4,23,29,30,7
15,7,34,22,79
52,0,86,37,36
49,4,25,8,73
13,77,62,10,29
21,19,31,27,70
20,42,6,0,5
22,37,82,74,41
70,36,76,4,42
39,71,71,9,49
58,53,35,16,41
37,49,42,46,7
22,77,57,71,21
19,35,15,43,62
24,62,28,62,28
25,11,0,23,13
75,6,28,79,73
62,11,45,22,25
39,8,48,16,65
80,61,50,65,78
43,83,50,3,44
27,87,18,84,55
73,57,59,28,73
78,79,65,16,53
55,31,69,3,52
53,36,55,39,5
89,48,88,70,33
19,13,15,89,89
75,30,81,89,21
68,46,62,12,78
45,80,17,14,57
46,63,27,26,43
22,60,8,50,25
45,52,22,70,24
58,0,23,23,79
48,29,24,10,61
3,32,34,32,15
33,53,18,76,48
44,22,53,76,7
35,16,51,36,63
72,58,59,89,29
55,86,11,54,81
3,84,85,34,59
11,26,41,13,1
22,67,22,1,51
82,61,37,22,84
81,71,57,10,21
30,39,51,66,31
17,1,58,25,46
26,38,62,72,34
53,82,78,80,28
56,57,24,45,47
9,11,60,58,18
22,62,74,17,27
19,10,31,47,21
29,6,26,24,18
54,46,6,11,3
83,62,86,2,89
16,76,45,37,65
42,68,54,88,40
71,21,86,84,34
57,26,73,46,26
62,6,51,66,79
81,39,66,44,28
76,6,25,9,25
1,8,38,8,13
79,75,81,44,26
40,80,47,29,88
56,16,44,76,39
84,72,17,65,77
10,50,24,8,58
75,17,18,26,20
3,88,12,28,81
51,49,53,89,62
59,9,7,7,59
18,34,3,23,82
79,62,43,67,27
20,1,77,41,2
28,7,13,45,30
18,6,24,21,81
68,65,74,24,3
79,24,7,56,32
72,60,23,53,19
15,72,4,80,15
0,69,11,82,16
7,7,28,85,27
10,51,57,43,77
4,78,29,62,16
51,30,24,71,38
11,13,6,28,33
1,42,54,20,33
71,11,8,73,17
18,28,24,21,61
17,29,46,27,32
27,61,3,63,12
71,43,26,49,6
53,32,7,6,78
2,38,52,75,21
4,27,62,52,15
3,40,18,9,83
35,82,4,78,59
67,79,81,83,82
62,15,28,34,13
39,69,22,21,38
34,41,87,0,0
30,13,18,38,36
23,46,16,52,65
3,81,78,47,16
88,21,58,73,71
83,54,5,65,20
46,18,78,44,89
39,52,40,2,68
30,70,56,53,60
3,5,26,6,71
10,4,50,23,66
63,84,2,69,65
13,70,61,76,12
11,53,67,23,67
48,9,51,1,26
66,80,61,78,47
0,87,81,44,85
42,18,45,54,1
4,38,12,70,16
68,88,48,23,33
5,72,9,13,73
14,66,34,66,27
12,81,19,5,84
76,54,39,75,89
70,57,34,21,57
56,15,84,23,1
35,1,58,17,49
89,10,57,47,76
72,78,67,37,58
8,20,33,24,80
31,2,69,42,61
71,55,6,74,29
48,67,3,34,45
32,44,67,69,56
9,44,59,17,73
57,51,58,17,52
76,4,15,74,20
23,80,46,21,62
88,87,14,15,21
85,3,11,35,71
80,47,53,61,86
31,18,11,44,84
56,17,33,17,3
51,7,24,12,67
82,63,80,74,72
10,12,0,20,15
53,69,68,31,17
73,75,21,72,11
66,36,25,84,52
65,46,3,52,56
46,66,19,62,26
17,23,7,12,41
42,54,26,9,69
56,37,44,11,18
3,68,8,31,78
0,87,32,49,83
75,14,4,50,85
78,74,11,1,88
37,59,10,23,3
79,15,16,23,20
50,69,6,7,18
51,45,44,76,76
51,43,26,58,10
42,4,84,33,65
63,87,30,53,27
67,60,89,84,58
44,26,2,81,39
53,35,62,59,66
42,48,47,74,10
58,65,22,50,6
46,30,50,49,67
88,65,25,60,76
20,7,52,53,43
62,63,65,61,28
46,49,77,85,72
74,41,36,76,62
21,10,82,70,65
10,13,67,75,59
34,10,27,69,82
78,54,5,74,24
69,8,45,83,57
46,73,55,23,47
40,28,61,56,84
59,16,63,69,66
69,4,47,87,30
9,39,82,37,10
29,2,28,60,27
68,73,63,21,10
11,1,24,2,34
71,28,23,70,8
38,31,49,66,18
62,6,58,22,45
87,50,86,56,63
47,55,57,67,69
80,17,50,32,47
47,54,3,42,45
61,46,54,85,20
62,21,81,47,66
56,31,1,41,16
12,53,0,80,87
25,21,69,1,7
57,43,39,32,72
45,32,54,74,55
17,27,59,29,61
25,26,12,83,6
3,38,85,80,17
74,73,39,86,88
5,41,85,32,73
26,5,55,21,80
41,9,87,75,0
70,58,31,14,57
47,81,17,23,38
26,16,30,75,74
35,72,47,49,40
43,26,19,13,68
81,17,4,76,36
5,9,55,42,75
26,71,37,76,35
19,17,11,7,57
6,69,5,63,28
15,7,86,63,62
55,32,29,22,13
11,29,40,25,15
4,58,49,4,16
9,73,73,72,58
88,44,30,19,24
15,6,67,28,54
80,3,80,63,77
24,54,21,86,39
66,61,60,43,23
10,71,75,38,28
10,67,10,80,19
20,88,87,32,11
76,26,63,60,64
43,5,69,63,3
84,2,81,42,33
19,89,41,27,62
72,73,80,66,47
30,33,87,20,41
23,29,40,37,46
13,37,33,18,17
6,55,87,74,16
84,38,40,54,78
11,23,4,28,29
68,2,17,5,70
87,71,47,57,76
82,0,29,74,76
43,2,50,46,39
89,0,42,26,13
11,67,40,34,1
20,86,59,81,42
7,49,13,5,52
65,9,16,3,64
42,22,34,6,16
5,17,5,53,88
65,3,38,65,7
21,16,68,73,24
84,61,27,74,68
66,63,29,60,57
4,31,21,0,37
21,48,79,58,53
88,18,11,4,25
42,70,82,23,82
0,57,72,49,66
87,89,7,60,58
53,89,56,4,38
77,46,36,59,86
31,81,30,74,28
82,52,80,85,81
51,43,12,34,50
60,70,5,56,89
51,54,19,77,70
1,36,74,61,29
47,51,63,63,44
82,51,65,51,66
36,58,67,8,49
71,55,15,6,62
59,52,75,31,2
89,5,73,9,16
41,69,5,73,35
61,1,87,16,27
16,83,87,28,5
11,55,80,78,7
68,1,58,65,80
41,86,77,7,6
62,81,89,42,45
7,27,33,0,82
8,82,68,57,45
32,44,84,50,24
80,5,55,46,64
73,68,61,69,2
83,36,71,39,24
38,52,33,7,59
39,15,46,63,28
41,13,35,82,78
42,33,15,71,8
33,62,80,63,86
28,80,7,66,86
9,61,19,37,40
45,48,81,46,60
63,56,10,17,23
10,75,18,34,51
2,78,75,57,82
12,83,76,11,69
28,16,56,82,59
5,63,75,22,80
29,26,41,15,8
76,1,29,20,87
56,87,16,21,3
34,88,41,37,86
79,48,67,45,28
24,47,78,86,51
1,47,35,20,38
56,73,35,6,74
80,74,87,14,5
14,47,7,71,83
2,15,8,84,14
24,69,44,74,49
75,62,77,65,54
32,81,28,53,61
25,69,45,26,25
62,34,42,16,19
81,32,42,51,70
60,20,54,10,4
68,31,39,79,25
57,83,86,41,69
89,24,72,7,38
63,25,18,63,46
19,29,20,51,5
87,73,31,35,0
22,86,53,10,49
52,0,49,71,32
51,19,7,75,0
10,73,19,68,45
13,15,42,15,12
70,54,32,49,77
72,50,19,84,66
13,3,22,13,74
29,17,49,41,87
5,43,21,20,82
27,67,39,16,80
38,30,73,0,60
21,27,23,4,3
32,41,51,62,55
31,42,82,72,4
37,60,33,37,72
76,51,20,10,43
45,68,79,56,35
11,47,49,10,7
17,71,47,24,66
88,2,21,12,0
88,5,19,15,85
83,55,52,69,68
44,25,70,88,23
39,33,33,50,48
59,44,21,75,23
67,77,75,39,59
14,67,71,6,86
22,7,87,67,69
7,80,38,87,63
24,32,17,49,53
80,25,18,50,48
50,72,81,33,60
6,85,76,3,55
24,62,50,21,48
62,33,3,73,42
20,61,29,45,85
37,38,15,16,49
82,9,69,38,71
14,72,52,6,83
29,29,3,63,69
80,46,6,41,45
37,55,85,22,23
85,78,17,0,42
82,74,35,44,43
83,14,84,29,61
11,52,83,34,26
3,14,17,50,71
9,68,12,41,56
30,9,27,23,20
84,11,83,79,75
51,75,77,17,0
78,4,28,73,43
6,80,15,80,48
56,57,20,33,26
17,0,60,60,86
63,43,18,26,28
81,40,12,68,76
50,66,54,29,66
49,21,65,73,9
66,49,21,32,45
33,11,70,57,35
17,44,52,44,80
45,3,9,71,53
71,39,40,60,2
4,60,47,24,31
4,80,88,26,48
70,33,23,77,78
62,75,36,6,69
62,89,57,36,56
44,87,12,43,79
43,65,72,70,84
27,59,6,41,33
6,83,63,50,15
6,30,89,36,75
2,82,78,45,77
1,64,76,76,9
77,21,22,13,13
62,31,16,26,71
26,14,32,88,20
21,24,64,8,27
31,83,6,4,20
11,61,66,63,76
34,30,35,53,54
9,46,70,76,45
11,28,1,80,69
25,5,89,24,31
24,8,79,62,48
21,9,75,53,31
30,42,60,38,2
35,13,72,30,86
21,8,63,65,3
45,75,63,49,47
71,6,72,25,46
36,50,0,9,12
18,65,55,88,6
13,44,34,53,46
76,85,66,32,70
4,70,72,40,61
62,12,23,28,82
9,41,66,88,36
89,16,17,71,17
50,64,25,82,46
15,85,41,49,38
66,36,51,24,26
69,41,83,46,84
0,63,8,38,71
74,87,20,33,75
39,7,32,4,0
16,66,29,72,9
3,89,61,3,25
10,29,40,40,34
14,61,33,53,79
51,79,33,56,6
81,70,87,17,14
81,80,82,16,64
72,57,20,51,12
4,24,85,13,33
30,41,81,69,51
70,20,36,7,56
16,33,29,55,61
57,16,58,64,12
60,35,69,3,61
81,16,55,78,59
77,37,49,20,82
28,46,13,70,57
39,82,13,74,82
43,79,80,48,82
67,34,19,38,88
54,5,71,34,9
49,28,51,62,81
82,79,80,0,46
39,70,34,41,41
58,88,47,50,63
58,32,13,83,19
16,49,61,27,8
9,34,55,51,18
58,22,72,9,37
8,33,34,68,77
5,11,88,40,24
16,34,41,44,70
21,69,85,59,5
77,12,54,74,49
63,22,30,14,46
88,84,29,60,17
10,33,49,64,1
6,61,47,85,86
17,17,72,65,86
59,18,21,7,14
75,31,44,1,6
70,73,46,72,48
19,74,44,17,78
21,64,28,85,40
87,81,38,20,38
84,38,56,84,83
84,25,41,74,64
46,29,88,19,2
43,40,73,80,50
36,80,0,44,1
2,57,46,75,76
3,70,75,14,75
5,65,26,71,85
26,53,78,46,25
80,86,4,60,37
56,33,37,60,81
67,32,37,9,6
49,45,61,70,55
65,75,56,84,36
34,41,52,58,28
13,85,39,28,86
64,40,15,75,45
37,59,36,31,85
52,1,12,86,60
72,0,73,42,78
83,67,28,18,27
72,70,58,36,21
23,72,50,78,6
68,82,43,40,72
60,89,48,66,6
78,32,66,63,11
43,27,42,76,57
72,71,70,11,9
59,55,9,83,9
1,63,15,56,87
63,72,16,60,83
34,33,38,48,44
74,75,35,41,38
72,15,5,72,6
82,41,50,34,17
69,8,51,83,37
13,59,76,4,61
74,71,88,85,59
46,54,7,23,20
88,10,78,26,67
73,65,3,73,40
16,19,2,2,79
6,3,81,44,10
43,56,62,57,28
72,84,76,18,82
2,7,58,73,3
46,78,32,44,33
44,21,18,79,6
57,71,61,2,18
58,23,42,44,37
56,70,38,78,2
7,57,17,23,7
56,17,80,65,24
4,81,17,78,77
40,2,60,60,38
13,62,1,67,34
43,88,32,52,28
18,13,35,85,38
60,83,17,48,13
54,66,48,54,63
46,21,24,32,33
19,32,53,53,24
17,41,12,42,15
43,15,13,55,41
89,88,49,22,7
52,78,65,51,89
3,86,50,66,43
44,78,73,76,53
49,40,76,61,88
3,49,84,10,33
4,27,55,19,3
60,3,64,10,21
67,5,79,61,35
0,66,1,10,37
83,18,45,54,51
76,33,49,72,72
39,22,61,86,58
89,30,51,28,9
76,31,79,16,45
27,28,25,2,69
54,16,57,3,0
20,81,43,50,42
39,54,56,60,55
10,29,44,41,6
11,74,60,29,12
29,64,26,50,49
9,13,42,33,32
84,18,67,64,1
42,16,58,71,84
17,53,78,27,46
8,48,69,39,28
31,47,36,30,5
22,46,57,16,19
75,84,18,80,76
20,14,76,67,10
23,33,33,19,48
65,86,30,59,6
74,89,27,46,70
33,84,36,12,46
19,40,83,81,68
9,44,25,77,32
14,15,18,52,84
40,57,40,31,2
76,47,32,88,71
10,69,15,1,48
77,1,11,12,69
66,55,26,20,36
58,77,9,5,7
53,42,68,46,49
68,4,73,20,64
7,38,74,35,16
24,28,39,16,33
27,1,22,67,15
71,35,35,81,48
27,55,5,83,14
4,45,89,38,47
83,46,61,48,71
77,40,1,88,41
53,2,48,15,20
73,43,8,0,66
79,11,44,4,88
7,79,88,17,12
4,0,22,28,7
71,82,89,21,29
79,48,18,53,80
7,42,3,3,1
77,55,30,3,38
74,61,64,68,46
6,50,81,79,65
29,26,40,17,73
41,64,69,85,8
46,40,78,70,64
52,76,59,65,28
20,24,15,41,71
61,80,45,20,31
64,85,14,84,45
87,54,11,43,39
25,55,22,16,63
75,76,85,62,27
38,87,27,66,29
83,54,2,1,79
16,88,12,23,40
40,64,75,79,44
45,77,36,33,35
79,31,43,6,43
50,70,42,19,20
52,3,34,52,36
21,33,63,79,20
49,57,35,72,62
25,46,52,36,34
63,82,54,69,85
38,58,30,87,33
82,38,79,88,69
51,45,38,53,0
15,14,25,28,31
40,25,16,25,2
77,6,72,29,7
66,13,36,20,6
82,35,86,25,63
53,27,64,22,10
72,15,6,85,30
8,66,62,33,37
65,21,27,81,29
50,76,58,88,37
79,77,62,9,13
50,34,22,82,84
84,24,22,81,30
1,2,21,45,89
57,49,48,29,82
3,55,51,43,58
16,80,68,9,5
2,71,4,1,49
37,6,83,47,42
76,13,59,58,51
42,45,89,73,59
88,83,81,50,39
36,61,57,59,33
57,80,78,59,71
20,2,30,47,80
0,86,85,77,30
55,32,31,51,9
20,86,77,25,22
79,40,24,35,26
79,34,19,21,80
67,24,51,1,30
55,32,42,86,79
55,22,59,22,80
35,84,25,34,21
21,20,45,86,60
25,48,79,23,69
66,35,68,56,30
33,72,62,17,18
1,32,81,41,40
26,39,86,52,42
17,84,6,50,37
16,75,57,41,0
43,10,55,53,15
33,61,58,9,80
49,43,38,75,81
25,35,18,80,81
83,20,50,40,35
3,33,41,89,6
80,3,50,66,60
72,73,37,66,4
2,85,18,15,67
14,34,41,61,40
45,66,12,9,49
72,4,17,12,77
15,25,42,75,57
88,62,33,5,14
44,35,78,58,10
21,0,77,41,62
26,33,6,54,20
24,28,21,7,77
20,5,57,3,12
44,35,84,1,12
71,11,23,30,64
89,85,59,16,73
0,0,37,59,83
6,13,11,61,13
67,9,85,30,27
45,54,35,2,10
20,15,55,62,10
13,59,25,61,87
78,3,43,86,33
44,37,45,84,59
83,75,54,56,33
8,57,56,24,66
55,33,74,4,1
73,63,13,44,43
32,32,48,22,24
38,10,38,25,79
35,78,33,86,17
74,45,84,49,38
14,52,65,12,0
3,26,31,52,47
44,18,20,8,56
39,85,41,3,22
61,2,12,57,2
27,66,43,22,10
61,32,58,76,87
34,34,64,43,57
41,26,39,86,79
11,81,60,53,4
23,15,6,1,16
11,70,68,45,53
57,12,56,43,66
52,78,11,17,67
71,86,58,55,89
64,13,55,36,37
34,79,49,33,40
71,16,7,13,8
9,61,87,52,17
42,81,30,33,40
39,2,56,55,59
78,30,84,50,45
25,41,32,8,83
42,47,60,4,5
9,35,76,84,12
28,86,75,41,61
53,38,27,65,0
17,23,30,33,70
46,54,71,14,73
12,56,72,89,40
55,26,30,29,78
27,64,60,17,14
4,5,34,68,61
30,56,88,86,2
82,50,48,40,34
65,68,21,35,73
88,10,29,28,65
16,59,29,15,15
19,2,65,43,86
28,18,35,40,37
3,55,27,13,2
57,66,5,1,82
86,10,42,77,2
10,23,60,58,84
22,21,87,72,40
5,23,30,63,57
82,12,76,43,29
4,28,18,5,62
86,73,8,36,32
49,31,40,7,18
40,76,33,23,47
6,75,19,73,37
87,4,56,11,2
3,17,55,87,75
54,41,83,64,74
64,54,54,68,86
51,65,50,54,29
42,1,73,89,14
24,19,36,19,24
72,20,0,71,60
69,21,54,71,47
27,5,7,73,52
25,83,34,35,13
58,49,22,4,47
74,83,6,48,56
75,25,77,85,32
39,76,47,33,63
71,66,13,0,89
81,42,43,51,30
58,85,47,88,38
89,35,7,18,7
78,29,36,59,48
51,13,88,26,45
36,72,70,11,43
0,74,18,11,29
1,29,83,81,89
38,17,23,78,15
0,4,7,13,5
65,56,23,84,71
69,59,13,37,81
6,78,40,31,19
61,28,71,35,40
78,73,76,36,14
68,87,85,32,60
72,32,58,8,71
24,54,43,19,22
23,37,65,59,24
40,38,66,45,34
32,33,21,79,72
37,77,73,60,82
5,84,72,44,76
79,54,58,9,74
36,20,66,51,10
63,84,71,30,64
74,45,12,49,88
79,81,83,74,47
25,40,36,59,15
54,60,51,8,23
22,79,89,14,16
80,50,1,47,25
14,56,59,56,21
6,39,85,7,36
70,60,57,27,33
36,18,47,41,16
53,19,78,4,20
45,24,84,68,38
62,75,17,69,58
48,58,67,49,32
74,71,75,28,56
2,40,67,79,38
46,82,30,60,87
5,11,51,57,48
51,79,83,31,73
80,33,18,21,36
81,78,34,70,82
85,80,83,51,65
79,60,25,76,81
63,87,26,18,66
7,33,36,12,68
28,67,37,85,37
39,82,26,80,18
16,3,69,71,16
89,38,66,47,36
9,18,48,88,45
74,52,19,49,31
68,82,82,78,37
22,30,74,19,72
17,70,27,13,27
50,69,43,16,88
32,75,19,41,30
18,83,88,57,47
15,53,84,30,56
46,37,68,43,11
46,28,41,44,19
9,9,72,41,59
69,47,45,19,51
62,38,82,45,88
37,76,51,84,30
66,62,39,58,3
41,45,10,77,56
47,70,59,58,26
40,31,33,29,76
38,15,30,15,72
66,8,87,68,38
43,88,71,58,31
10,47,39,34,85
12,61,37,13,42
78,12,5,70,60
53,47,17,75,38
83,71,17,87,49
4,14,23,22,70
9,13,56,85,0
20,49,56,15,27
19,6,67,41,30
18,32,17,19,35
36,77,8,63,48
30,48,23,2,74
7,68,73,33,71
19,14,77,60,73
57,4,64,15,59
15,58,28,67,34
4,85,8,27,63
16,56,48,74,65
42,81,39,44,26
65,42,35,86,74
55,86,18,36,47
59,78,86,84,86
44,19,34,14,35
88,76,37,42,80
52,34,1,89,16
55,19,80,5,0
41,42,39,75,72
8,51,42,11,38
89,63,47,2,56
74,63,37,58,62
14,53,29,9,41
0,65,50,32,77
30,14,80,50,76
2,29,21,40,11
17,43,2,58,45
50,32,37,41,54
11,1,77,37,73
55,85,61,87,47
51,75,63,1,65
78,21,57,41,87
54,73,27,16,81
17,16,40,40,32
24,73,16,45,82
84,26,36,5,18
23,5,40,19,44
83,55,5,0,35
30,15,44,82,8
7,25,23,28,31
48,0,62,74,40
85,9,41,26,7
12,73,46,38,15
10,28,43,82,54
65,29,13,14,38
38,47,82,85,53
49,12,49,77,25
9,53,72,67,49
14,50,36,9,76
76,59,19,75,41
88,40,67,88,38
73,67,14,78,7
17,3,52,68,51
24,86,38,82,19
19,75,38,50,49
14,24,23,17,73
79,22,47,68,67
32,53,59,54,19
53,10,26,79,76
51,0,87,38,32
1,65,53,36,87
58,41,12,76,18
35,81,66,28,58
0,65,10,48,12
65,85,83,80,89
63,21,1,68,15
44,40,4,33,74
47,23,21,12,32
72,30,10,20,51
70,65,29,60,74
43,13,54,72,85
18,85,27,66,87
38,24,17,41,75
83,26,59,88,34
77,40,29,24,60
77,15,87,43,28
33,8,37,16,79
75,13,53,25,22
49,74,73,63,85
33,19,9,56,22
50,18,43,68,9
79,70,80,49,82
48,67,40,64,47
78,86,22,36,74
25,58,33,32,75
51,26,76,25,68
15,22,67,6,11
51,32,28,88,64
0,27,1,86,48
25,18,38,5,23
56,2,80,71,47
1,40,57,63,11
21,88,1,74,74
7,63,30,56,49
71,19,70,85,6
49,17,66,32,54
70,6,28,48,42
60,40,31,4,78
52,54,41,82,70
5,2,40,67,21
80,48,62,10,53
61,32,49,56,57
78,29,46,4,82
45,19,50,47,88
14,69,53,16,33
62,55,81,40,66
18,17,58,3,22
69,77,62,28,79
89,27,2,71,89
49,41,72,60,24
89,9,73,83,8
44,12,85,23,25
72,42,39,43,49
30,23,89,12,58
39,70,78,73,88
21,83,61,44,52
41,83,61,79,23
38,49,52,42,66
49,34,15,6,68
68,28,23,89,62
39,29,52,42,7
0,0,0,50,67
54,70,16,26,73
50,83,87,5,43
5,51,13,58,45
83,85,82,51,21
16,6,29,77,72
48,66,74,47,3
51,36,28,64,63
22,6,5,15,2
16,67,49,67,56
7,29,22,37,46
14,5,5,4,34
86,26,82,60,75
47,39,78,53,27
33,57,40,6,7
28,23,70,51,41
74,69,14,50,3
0,18,38,31,16
57,83,40,70,17
52,64,60,77,8
6,54,48,22,39
60,13,79,18,52
13,83,77,54,1
61,89,19,57,41
79,5,57,21,47
41,17,45,35,31
22,51,63,78,70
10,38,63,26,33
15,69,2,28,81
17,64,45,39,61
59,52,74,51,3
2,4,47,9,45
14,64,66,21,12
6,44,17,9,42
56,8,78,18,87
34,14,59,38,67
60,89,29,0,33
42,83,24,85,13
4,26,20,21,82
8,61,20,79,7
32,9,37,65,43
72,83,76,36,10
13,69,78,44,89
55,5,48,80,65
78,73,26,78,8
73,21,88,56,85
12,9,77,47,73
73,24,65,56,6
82,89,42,44,87
89,19,6,11,80
43,48,78,36,37
63,83,48,46,23
34,58,15,17,61
12,52,75,35,61
48,14,5,66,5
7,49,25,65,66
16,26,69,22,1
42,49,70,66,27
39,41,58,3,49
20,30,89,13,12
40,6,34,20,86
8,6,25,2,25
81,55,78,8,41
9,54,24,43,19
77,76,78,13,89
11,83,85,84,30
79,28,88,70,73
28,21,8,72,63
74,64,33,28,8
75,7,14,5,83
4,38,19,55,83
27,30,76,33,21
74,27,32,7,30
0,41,4,34,89
60,7,80,71,58
82,24,85,33,71
83,6,2,10,52
44,83,44,7,6
62,27,14,46,49
4,81,12,61,41
62,1,2,62,18
35,79,18,67,51
63,43,55,24,59
46,24,63,9,67
8,3,80,37,78
34,40,41,86,13
55,45,86,10,33
48,16,0,49,89
63,23,66,11,51
38,16,10,85,65
38,35,73,17,88
42,51,55,37,21
85,82,5,2,21
60,25,87,34,83
15,48,78,62,22
24,61,60,19,79
53,17,8,70,28
56,76,52,37,22
23,1,16,23,67
40,20,8,47,58
71,1,37,15,18
33,15,32,49,45
13,11,26,68,39
14,56,64,2,62
84,14,20,71,67
10,62,19,69,53
2,57,56,37,74
38,3,72,61,50
20,79,1,64,80
85,34,11,54,18
76,82,44,21,76
87,0,47,52,40
60,77,36,35,85
63,10,65,1,24
86,5,52,89,40
3,20,72,82,6
46,40,61,30,83
12,87,62,70,37
61,83,4,38,46
72,50,27,85,69
48,4,48,5,68
63,79,14,0,8
9,62,14,16,32
9,54,87,84,76
31,56,37,53,59
38,15,30,54,23
4,28,23,16,4
27,12,14,70,36
34,87,64,47,66
75,72,34,45,68
31,70,19,55,89
42,27,49,69,44
78,9,64,38,9
88,7,31,54,20
87,9,37,49,74
8,15,68,20,84
15,85,8,46,71
50,31,57,54,73
41,45,25,2,38
61,38,85,80,11
8,52,69,87,49
59,15,74,29,16